# Blender 5.1.2
# www.blender.org
mtllib adult_male_.mtl
o Mesh_0008.001
v -0.127931 1.751760 0.073407
v -0.127931 1.751760 0.073407
v -0.127931 1.751760 0.073407
v -0.129741 1.750559 0.095136
v -0.123597 1.776370 0.109719
v -0.123597 1.776370 0.109719
v -0.123597 1.776370 0.109719
v -0.123597 1.776370 0.109719
v -0.123139 1.770147 0.060621
v -0.123139 1.770147 0.060621
v -0.123139 1.770147 0.060621
v -0.123139 1.770147 0.060621
v -0.119807 1.798412 0.095329
v -0.119807 1.798412 0.095329
v -0.119807 1.798412 0.095329
v -0.119807 1.798412 0.095329
v -0.119807 1.798412 0.095329
v -0.119807 1.798412 0.095329
v -0.116761 1.801160 0.058557
v -0.116761 1.801160 0.058557
v -0.116761 1.801160 0.058557
v -0.116761 1.801160 0.058557
v -0.116761 1.801160 0.058557
v -0.116761 1.801160 0.058557
v -0.119710 1.766770 0.040969
v -0.119710 1.766770 0.040969
v -0.119710 1.766770 0.040969
v -0.119710 1.766770 0.040969
v -0.112015 1.802878 0.029817
v -0.112015 1.802878 0.029817
v -0.112015 1.802878 0.029817
v -0.112015 1.802878 0.029817
v -0.112015 1.802878 0.029817
v -0.112015 1.802878 0.029817
v -0.112015 1.802878 0.029817
v -0.114903 1.766151 0.026521
v -0.114903 1.766151 0.026521
v -0.114903 1.766151 0.026521
v -0.114903 1.766151 0.026521
v -0.114903 1.766151 0.026521
v -0.116217 1.739610 0.027083
v -0.116217 1.739610 0.027083
v -0.116217 1.739610 0.027083
v -0.119074 1.799773 0.128464
v -0.119074 1.799773 0.128464
v -0.119074 1.799773 0.128464
v -0.109949 1.829572 0.109090
v -0.109949 1.829572 0.109090
v -0.109949 1.829572 0.109090
v -0.109949 1.829572 0.109090
v -0.109949 1.829572 0.109090
v -0.109949 1.829572 0.109090
v -0.105247 1.835207 0.070638
v -0.105247 1.835207 0.070638
v -0.105247 1.835207 0.070638
v -0.105247 1.835207 0.070638
v -0.105247 1.835207 0.070638
v -0.105247 1.835207 0.070638
v -0.099538 1.837393 0.040813
v -0.099538 1.837393 0.040813
v -0.099538 1.837393 0.040813
v -0.099538 1.837393 0.040813
v -0.099538 1.837393 0.040813
v -0.099538 1.837393 0.040813
v -0.099538 1.837393 0.040813
v -0.089479 1.837077 0.015271
v -0.089479 1.837077 0.015271
v -0.089479 1.837077 0.015271
v -0.089479 1.837077 0.015271
v -0.089479 1.837077 0.015271
v -0.089479 1.837077 0.015271
v -0.098800 1.807450 0.004915
v -0.098800 1.807450 0.004915
v -0.098800 1.807450 0.004915
v -0.098800 1.807450 0.004915
v -0.098800 1.807450 0.004915
v -0.098800 1.807450 0.004915
v -0.103944 1.766707 0.002834
v -0.103944 1.766707 0.002834
v -0.103944 1.766707 0.002834
v -0.103944 1.766707 0.002834
v -0.103944 1.766707 0.002834
v -0.103944 1.766707 0.002834
v -0.108123 1.827506 0.135377
v -0.108123 1.827506 0.135377
v -0.108123 1.827506 0.135377
v -0.104633 1.836324 0.126575
v -0.104633 1.836324 0.126575
v -0.104633 1.836324 0.126575
v -0.104633 1.836324 0.126575
v -0.104633 1.836324 0.126575
v -0.104633 1.836324 0.126575
v -0.104633 1.836324 0.126575
v -0.100825 1.844136 0.110302
v -0.100825 1.844136 0.110302
v -0.100825 1.844136 0.110302
v -0.100825 1.844136 0.110302
v -0.100825 1.844136 0.110302
v -0.094314 1.850319 0.081066
v -0.094314 1.850319 0.081066
v -0.094314 1.850319 0.081066
v -0.094314 1.850319 0.081066
v -0.094314 1.850319 0.081066
v -0.094314 1.850319 0.081066
v -0.094314 1.850319 0.081066
v -0.086808 1.852289 0.050164
v -0.086808 1.852289 0.050164
v -0.086808 1.852289 0.050164
v -0.086808 1.852289 0.050164
v -0.086808 1.852289 0.050164
v -0.086808 1.852289 0.050164
v -0.078356 1.852706 0.025809
v -0.078356 1.852706 0.025809
v -0.078356 1.852706 0.025809
v -0.078356 1.852706 0.025809
v -0.078356 1.852706 0.025809
v -0.078356 1.852706 0.025809
v -0.097803 1.828050 0.154199
v -0.097803 1.828050 0.154199
v -0.097803 1.828050 0.154199
v -0.090368 1.836036 0.152339
v -0.090368 1.836036 0.152339
v -0.090368 1.836036 0.152339
v -0.090368 1.836036 0.152339
v -0.090368 1.836036 0.152339
v -0.088117 1.844618 0.140789
v -0.088117 1.844618 0.140789
v -0.088117 1.844618 0.140789
v -0.088117 1.844618 0.140789
v -0.088117 1.844618 0.140789
v -0.088117 1.844618 0.140789
v -0.084392 1.851866 0.124603
v -0.084392 1.851866 0.124603
v -0.084392 1.851866 0.124603
v -0.084392 1.851866 0.124603
v -0.084392 1.851866 0.124603
v -0.084392 1.851866 0.124603
v -0.079933 1.857323 0.103939
v -0.079933 1.857323 0.103939
v -0.079933 1.857323 0.103939
v -0.079933 1.857323 0.103939
v -0.079933 1.857323 0.103939
v -0.079933 1.857323 0.103939
v -0.074601 1.860284 0.081801
v -0.074601 1.860284 0.081801
v -0.074601 1.860284 0.081801
v -0.074601 1.860284 0.081801
v -0.074601 1.860284 0.081801
v -0.075164 1.821742 0.170108
v -0.075164 1.821742 0.170108
v -0.075164 1.821742 0.170108
v -0.069032 1.833472 0.166808
v -0.069032 1.833472 0.166808
v -0.069032 1.833472 0.166808
v -0.069032 1.833472 0.166808
v -0.069032 1.833472 0.166808
v -0.069032 1.833472 0.166808
v -0.066274 1.844908 0.155042
v -0.066274 1.844908 0.155042
v -0.066274 1.844908 0.155042
v -0.066274 1.844908 0.155042
v -0.066274 1.844908 0.155042
v -0.066274 1.844908 0.155042
v -0.062455 1.854170 0.136856
v -0.062455 1.854170 0.136856
v -0.062455 1.854170 0.136856
v -0.062455 1.854170 0.136856
v -0.062455 1.854170 0.136856
v -0.062455 1.854170 0.136856
v -0.058295 1.860728 0.114569
v -0.058295 1.860728 0.114569
v -0.058295 1.860728 0.114569
v -0.058295 1.860728 0.114569
v -0.058295 1.860728 0.114569
v -0.058295 1.860728 0.114569
v -0.053573 1.864081 0.090680
v -0.053573 1.864081 0.090680
v -0.053573 1.864081 0.090680
v -0.053573 1.864081 0.090680
v -0.053573 1.864081 0.090680
v -0.053573 1.864081 0.090680
v -0.068593 1.861155 0.059289
v -0.068593 1.861155 0.059289
v -0.068593 1.861155 0.059289
v -0.068593 1.861155 0.059289
v -0.068593 1.861155 0.059289
v -0.068593 1.861155 0.059289
v -0.056940 1.815198 0.177335
v -0.056940 1.815198 0.177335
v -0.056940 1.815198 0.177335
v -0.056940 1.815198 0.177335
v -0.053625 1.830098 0.171780
v -0.053625 1.830098 0.171780
v -0.053625 1.830098 0.171780
v -0.053625 1.830098 0.171780
v -0.053625 1.830098 0.171780
v -0.053625 1.830098 0.171780
v -0.049754 1.842319 0.159908
v -0.049754 1.842319 0.159908
v -0.049754 1.842319 0.159908
v -0.049754 1.842319 0.159908
v -0.045375 1.852208 0.141141
v -0.045375 1.852208 0.141141
v -0.045375 1.852208 0.141141
v -0.045375 1.852208 0.141141
v -0.045375 1.852208 0.141141
v -0.045375 1.852208 0.141141
v -0.045375 1.852208 0.141141
v -0.045375 1.852208 0.141141
v -0.040992 1.859204 0.118412
v -0.040992 1.859204 0.118412
v -0.040992 1.859204 0.118412
v -0.040992 1.859204 0.118412
v -0.037056 1.862881 0.094466
v -0.037056 1.862881 0.094466
v -0.037056 1.862881 0.094466
v -0.037056 1.862881 0.094466
v -0.037056 1.862881 0.094466
v -0.037056 1.862881 0.094466
v -0.037056 1.862881 0.094466
v -0.037056 1.862881 0.094466
v -0.047526 1.864921 0.066005
v -0.047526 1.864921 0.066005
v -0.047526 1.864921 0.066005
v -0.047526 1.864921 0.066005
v -0.047526 1.864921 0.066005
v -0.037290 1.827609 0.171124
v -0.037290 1.827609 0.171124
v -0.037290 1.827609 0.171124
v -0.037290 1.827609 0.171124
v -0.037290 1.827609 0.171124
v -0.037290 1.827609 0.171124
v -0.032719 1.838711 0.159605
v -0.032719 1.838711 0.159605
v -0.032719 1.838711 0.159605
v -0.032719 1.838711 0.159605
v -0.032719 1.838711 0.159605
v -0.032719 1.838711 0.159605
v -0.028206 1.847844 0.141513
v -0.028206 1.847844 0.141513
v -0.028206 1.847844 0.141513
v -0.028206 1.847844 0.141513
v -0.028206 1.847844 0.141513
v -0.028206 1.847844 0.141513
v -0.023890 1.854373 0.119247
v -0.023890 1.854373 0.119247
v -0.023890 1.854373 0.119247
v -0.023890 1.854373 0.119247
v -0.023890 1.854373 0.119247
v -0.023890 1.854373 0.119247
v -0.036447 1.814612 0.175369
v -0.036447 1.814612 0.175369
v -0.036447 1.814612 0.175369
v -0.013449 1.821828 0.162799
v -0.013449 1.821828 0.162799
v -0.013449 1.821828 0.162799
v -0.013449 1.821828 0.162799
v -0.013449 1.821828 0.162799
v -0.009480 1.830093 0.151483
v -0.009480 1.830093 0.151483
v -0.009480 1.830093 0.151483
v -0.009480 1.830093 0.151483
v -0.009480 1.830093 0.151483
v -0.009480 1.830093 0.151483
v -0.006105 1.837406 0.135249
v -0.006105 1.837406 0.135249
v -0.006105 1.837406 0.135249
v -0.006105 1.837406 0.135249
v -0.006105 1.837406 0.135249
v -0.006105 1.837406 0.135249
v -0.002864 1.843088 0.114420
v -0.002864 1.843088 0.114420
v -0.002864 1.843088 0.114420
v -0.002864 1.843088 0.114420
v -0.002864 1.843088 0.114420
v -0.002864 1.843088 0.114420
v -0.020791 1.858026 0.095138
v -0.020791 1.858026 0.095138
v -0.020791 1.858026 0.095138
v -0.020791 1.858026 0.095138
v -0.020791 1.858026 0.095138
v -0.020791 1.858026 0.095138
v -0.009814 1.811860 0.166158
v -0.009814 1.811860 0.166158
v -0.009814 1.811860 0.166158
v 0.006148 1.815862 0.141641
v 0.006148 1.815862 0.141641
v 0.006148 1.815862 0.141641
v 0.006148 1.815862 0.141641
v 0.006148 1.815862 0.141641
v 0.006148 1.815862 0.141641
v 0.006148 1.815862 0.141641
v 0.009668 1.823727 0.125328
v 0.009668 1.823727 0.125328
v 0.009668 1.823727 0.125328
v 0.009668 1.823727 0.125328
v 0.009668 1.823727 0.125328
v 0.013531 1.830399 0.095732
v 0.013531 1.830399 0.095732
v 0.013531 1.830399 0.095732
v 0.013531 1.830399 0.095732
v 0.013531 1.830399 0.095732
v 0.013531 1.830399 0.095732
v 0.013531 1.830399 0.095732
v -0.000903 1.846672 0.091823
v -0.000903 1.846672 0.091823
v -0.000903 1.846672 0.091823
v -0.000903 1.846672 0.091823
v -0.000903 1.846672 0.091823
v -0.000189 1.848520 0.068591
v -0.000189 1.848520 0.068591
v -0.000189 1.848520 0.068591
v -0.000189 1.848520 0.068591
v -0.000189 1.848520 0.068591
v -0.000189 1.848520 0.068591
v -0.019563 1.859756 0.069807
v -0.019563 1.859756 0.069807
v -0.019563 1.859756 0.069807
v -0.019563 1.859756 0.069807
v -0.019563 1.859756 0.069807
v 0.004114 1.806836 0.150633
v 0.004114 1.806836 0.150633
v 0.004114 1.806836 0.150633
v 0.013082 1.806847 0.125821
v 0.013082 1.806847 0.125821
v 0.013082 1.806847 0.125821
v 0.013082 1.806847 0.125821
v 0.013082 1.806847 0.125821
v 0.013082 1.806847 0.125821
v 0.020763 1.811932 0.087774
v 0.020763 1.811932 0.087774
v 0.020763 1.811932 0.087774
v 0.020763 1.811932 0.087774
v 0.020763 1.811932 0.087774
v 0.020763 1.811932 0.087774
v 0.024098 1.814557 0.057626
v 0.024098 1.814557 0.057626
v 0.024098 1.814557 0.057626
v 0.024098 1.814557 0.057626
v 0.024098 1.814557 0.057626
v 0.024098 1.814557 0.057626
v 0.024098 1.814557 0.057626
v 0.015452 1.833401 0.064071
v 0.015452 1.833401 0.064071
v 0.015452 1.833401 0.064071
v 0.015452 1.833401 0.064071
v 0.015452 1.833401 0.064071
v 0.015452 1.833401 0.064071
v -0.001975 1.850352 0.041066
v -0.001975 1.850352 0.041066
v -0.001975 1.850352 0.041066
v -0.001975 1.850352 0.041066
v -0.001975 1.850352 0.041066
v -0.001975 1.850352 0.041066
v -0.030628 1.861990 0.045986
v -0.030628 1.861990 0.045986
v -0.030628 1.861990 0.045986
v -0.030628 1.861990 0.045986
v -0.030628 1.861990 0.045986
v -0.030628 1.861990 0.045986
v -0.030628 1.861990 0.045986
v -0.030628 1.861990 0.045986
v 0.006008 1.776741 0.145467
v 0.006008 1.776741 0.145467
v 0.006008 1.776741 0.145467
v 0.014574 1.773591 0.113603
v 0.014574 1.773591 0.113603
v 0.014574 1.773591 0.113603
v 0.014574 1.773591 0.113603
v 0.014574 1.773591 0.113603
v 0.014574 1.773591 0.113603
v 0.022298 1.775475 0.077468
v 0.022298 1.775475 0.077468
v 0.022298 1.775475 0.077468
v 0.022298 1.775475 0.077468
v 0.022298 1.775475 0.077468
v 0.022298 1.775475 0.077468
v 0.026056 1.777375 0.048594
v 0.026056 1.777375 0.048594
v 0.026056 1.777375 0.048594
v 0.026056 1.777375 0.048594
v 0.026056 1.777375 0.048594
v 0.026056 1.777375 0.048594
v 0.026056 1.777375 0.048594
v 0.021534 1.816572 0.030367
v 0.021534 1.816572 0.030367
v 0.021534 1.816572 0.030367
v 0.021534 1.816572 0.030367
v 0.021534 1.816572 0.030367
v 0.021534 1.816572 0.030367
v 0.014284 1.835595 0.038408
v 0.014284 1.835595 0.038408
v 0.014284 1.835595 0.038408
v 0.014284 1.835595 0.038408
v 0.014284 1.835595 0.038408
v 0.014284 1.835595 0.038408
v 0.006672 1.752380 0.127425
v 0.006672 1.752380 0.127425
v 0.006672 1.752380 0.127425
v 0.006672 1.752380 0.127425
v 0.016622 1.744332 0.079627
v 0.016622 1.744332 0.079627
v 0.016622 1.744332 0.079627
v 0.016622 1.744332 0.079627
v 0.017428 1.741440 0.059619
v 0.017428 1.741440 0.059619
v 0.017428 1.741440 0.059619
v 0.017428 1.741440 0.059619
v 0.016619 1.741868 0.044407
v 0.016619 1.741868 0.044407
v 0.016619 1.741868 0.044407
v 0.016619 1.741868 0.044407
v 0.016619 1.741868 0.044407
v 0.013069 1.745094 0.018747
v 0.013069 1.745094 0.018747
v 0.013069 1.745094 0.018747
v 0.013069 1.745094 0.018747
v 0.013069 1.745094 0.018747
v 0.013069 1.745094 0.018747
v 0.022201 1.785100 0.021370
v 0.022201 1.785100 0.021370
v 0.022201 1.785100 0.021370
v 0.022201 1.785100 0.021370
v 0.022201 1.785100 0.021370
v 0.022201 1.785100 0.021370
v 0.011088 1.726108 0.092130
v 0.011088 1.726108 0.092130
v 0.011088 1.726108 0.092130
v 0.006861 1.725350 0.113695
v 0.008340 1.716604 0.044021
v 0.008340 1.716604 0.044021
v 0.008340 1.716604 0.044021
v -0.001328 1.713176 0.020281
v -0.001328 1.713176 0.020281
v -0.001328 1.713176 0.020281
v -0.001328 1.713176 0.020281
v -0.001328 1.713176 0.020281
v -0.001328 1.713176 0.020281
v -0.001328 1.713176 0.020281
v -0.001328 1.713176 0.020281
v -0.009211 1.715324 -0.001632
v -0.009211 1.715324 -0.001632
v -0.009211 1.715324 -0.001632
v -0.009211 1.715324 -0.001632
v -0.009211 1.715324 -0.001632
v -0.009211 1.715324 -0.001632
v 0.002819 1.742856 -0.005973
v 0.002819 1.742856 -0.005973
v 0.002819 1.742856 -0.005973
v 0.002819 1.742856 -0.005973
v 0.002819 1.742856 -0.005973
v 0.002819 1.742856 -0.005973
v 0.002819 1.742856 -0.005973
v 0.011163 1.775334 -0.004579
v 0.011163 1.775334 -0.004579
v 0.011163 1.775334 -0.004579
v 0.011163 1.775334 -0.004579
v 0.013672 1.795725 -0.000692
v 0.013672 1.795725 -0.000692
v 0.013672 1.795725 -0.000692
v 0.013672 1.795725 -0.000692
v 0.013672 1.795725 -0.000692
v 0.013672 1.795725 -0.000692
v 0.013672 1.795725 -0.000692
v 0.001051 1.688453 0.054505
v 0.001051 1.688453 0.054505
v 0.001051 1.688453 0.054505
v -0.010362 1.673719 0.032075
v -0.010362 1.673719 0.032075
v -0.021270 1.669470 0.017384
v -0.021270 1.669470 0.017384
v -0.021270 1.669470 0.017384
v -0.025265 1.698195 -0.001247
v -0.025265 1.698195 -0.001247
v -0.025265 1.698195 -0.001247
v -0.025265 1.698195 -0.001247
v -0.025265 1.698195 -0.001247
v -0.025265 1.698195 -0.001247
v -0.025265 1.698195 -0.001247
v -0.025265 1.698195 -0.001247
v -0.028413 1.715920 -0.014530
v -0.028413 1.715920 -0.014530
v -0.028413 1.715920 -0.014530
v -0.028413 1.715920 -0.014530
v -0.020844 1.733716 -0.021083
v -0.020844 1.733716 -0.021083
v -0.020844 1.733716 -0.021083
v -0.020844 1.733716 -0.021083
v -0.020844 1.733716 -0.021083
v -0.020844 1.733716 -0.021083
v -0.020844 1.733716 -0.021083
v -0.014909 1.755732 -0.021901
v -0.014909 1.755732 -0.021901
v -0.014909 1.755732 -0.021901
v -0.014909 1.755732 -0.021901
v -0.010445 1.777889 -0.020034
v -0.010445 1.777889 -0.020034
v -0.010445 1.777889 -0.020034
v -0.010445 1.777889 -0.020034
v -0.010445 1.777889 -0.020034
v -0.010445 1.777889 -0.020034
v -0.010445 1.777889 -0.020034
v -0.010445 1.777889 -0.020034
v -0.032162 1.665137 0.002710
v -0.032162 1.665137 0.002710
v -0.062816 1.666871 -0.006934
v -0.062816 1.666871 -0.006934
v -0.062816 1.666871 -0.006934
v -0.062816 1.666871 -0.006934
v -0.054652 1.699841 -0.010421
v -0.054652 1.699841 -0.010421
v -0.054652 1.699841 -0.010421
v -0.054652 1.699841 -0.010421
v -0.048958 1.718016 -0.019800
v -0.048958 1.718016 -0.019800
v -0.048958 1.718016 -0.019800
v -0.048958 1.718016 -0.019800
v -0.048958 1.718016 -0.019800
v -0.048958 1.718016 -0.019800
v -0.048958 1.718016 -0.019800
v -0.048958 1.718016 -0.019800
v -0.043719 1.736992 -0.027531
v -0.043719 1.736992 -0.027531
v -0.043719 1.736992 -0.027531
v -0.043719 1.736992 -0.027531
v -0.039415 1.759323 -0.028842
v -0.039415 1.759323 -0.028842
v -0.039415 1.759323 -0.028842
v -0.039415 1.759323 -0.028842
v -0.039415 1.759323 -0.028842
v -0.039415 1.759323 -0.028842
v -0.039415 1.759323 -0.028842
v -0.039415 1.759323 -0.028842
v -0.083698 1.708060 -0.008950
v -0.083698 1.708060 -0.008950
v -0.083698 1.708060 -0.008950
v -0.083698 1.708060 -0.008950
v -0.083698 1.708060 -0.008950
v -0.083698 1.708060 -0.008950
v -0.083698 1.708060 -0.008950
v -0.083698 1.708060 -0.008950
v -0.069299 1.723278 -0.020078
v -0.069299 1.723278 -0.020078
v -0.069299 1.723278 -0.020078
v -0.069299 1.723278 -0.020078
v -0.067122 1.742264 -0.027377
v -0.067122 1.742264 -0.027377
v -0.067122 1.742264 -0.027377
v -0.067122 1.742264 -0.027377
v -0.067122 1.742264 -0.027377
v -0.067122 1.742264 -0.027377
v -0.067122 1.742264 -0.027377
v -0.064526 1.764897 -0.028649
v -0.064526 1.764897 -0.028649
v -0.064526 1.764897 -0.028649
v -0.064526 1.764897 -0.028649
v -0.061250 1.787273 -0.026943
v -0.061250 1.787273 -0.026943
v -0.061250 1.787273 -0.026943
v -0.061250 1.787273 -0.026943
v -0.061250 1.787273 -0.026943
v -0.061250 1.787273 -0.026943
v -0.061250 1.787273 -0.026943
v -0.061250 1.787273 -0.026943
v -0.035479 1.781891 -0.027136
v -0.035479 1.781891 -0.027136
v -0.035479 1.781891 -0.027136
v -0.035479 1.781891 -0.027136
v -0.093556 1.673273 -0.004712
v -0.093556 1.673273 -0.004712
v -0.104475 1.681371 0.007124
v -0.104475 1.681371 0.007124
v -0.104475 1.681371 0.007124
v -0.103069 1.731742 0.006476
v -0.103069 1.731742 0.006476
v -0.103069 1.731742 0.006476
v -0.103069 1.731742 0.006476
v -0.103069 1.731742 0.006476
v -0.103069 1.731742 0.006476
v -0.103069 1.731742 0.006476
v -0.103069 1.731742 0.006476
v -0.089661 1.729975 -0.012531
v -0.089661 1.729975 -0.012531
v -0.089661 1.729975 -0.012531
v -0.089661 1.729975 -0.012531
v -0.089661 1.729975 -0.012531
v -0.089661 1.729975 -0.012531
v -0.089116 1.759837 -0.018475
v -0.089116 1.759837 -0.018475
v -0.089116 1.759837 -0.018475
v -0.089116 1.759837 -0.018475
v -0.089116 1.759837 -0.018475
v -0.089116 1.759837 -0.018475
v -0.089116 1.759837 -0.018475
v -0.115387 1.689824 0.018861
v -0.115387 1.689824 0.018861
v -0.124202 1.710040 0.037924
v -0.124202 1.710040 0.037924
v -0.124202 1.710040 0.037924
v -0.085588 1.793204 -0.017736
v -0.085588 1.793204 -0.017736
v -0.085588 1.793204 -0.017736
v -0.085588 1.793204 -0.017736
v -0.081694 1.813340 -0.013661
v -0.081694 1.813340 -0.013661
v -0.081694 1.813340 -0.013661
v -0.081694 1.813340 -0.013661
v -0.081694 1.813340 -0.013661
v -0.081694 1.813340 -0.013661
v -0.081694 1.813340 -0.013661
v -0.057698 1.807729 -0.022244
v -0.057698 1.807729 -0.022244
v -0.057698 1.807729 -0.022244
v -0.057698 1.807729 -0.022244
v -0.032253 1.802756 -0.022514
v -0.032253 1.802756 -0.022514
v -0.032253 1.802756 -0.022514
v -0.032253 1.802756 -0.022514
v -0.032253 1.802756 -0.022514
v -0.032253 1.802756 -0.022514
v -0.032253 1.802756 -0.022514
v -0.032253 1.802756 -0.022514
v -0.075463 1.835553 -0.003864
v -0.075463 1.835553 -0.003864
v -0.075463 1.835553 -0.003864
v -0.075463 1.835553 -0.003864
v -0.075463 1.835553 -0.003864
v -0.075463 1.835553 -0.003864
v -0.053158 1.831048 -0.011159
v -0.053158 1.831048 -0.011159
v -0.053158 1.831048 -0.011159
v -0.053158 1.831048 -0.011159
v -0.053158 1.831048 -0.011159
v -0.053158 1.831048 -0.011159
v -0.029368 1.826599 -0.011346
v -0.029368 1.826599 -0.011346
v -0.029368 1.826599 -0.011346
v -0.029368 1.826599 -0.011346
v -0.029368 1.826599 -0.011346
v -0.029368 1.826599 -0.011346
v -0.006443 1.822420 -0.004806
v -0.006443 1.822420 -0.004806
v -0.006443 1.822420 -0.004806
v -0.006443 1.822420 -0.004806
v -0.006443 1.822420 -0.004806
v -0.006443 1.822420 -0.004806
v -0.007677 1.798490 -0.015441
v -0.007677 1.798490 -0.015441
v -0.007677 1.798490 -0.015441
v -0.007677 1.798490 -0.015441
v -0.066982 1.852165 0.012741
v -0.066982 1.852165 0.012741
v -0.066982 1.852165 0.012741
v -0.066982 1.852165 0.012741
v -0.066982 1.852165 0.012741
v -0.047593 1.849386 0.006141
v -0.047593 1.849386 0.006141
v -0.047593 1.849386 0.006141
v -0.047593 1.849386 0.006141
v -0.047593 1.849386 0.006141
v -0.047593 1.849386 0.006141
v -0.028189 1.846334 0.006785
v -0.028189 1.846334 0.006785
v -0.028189 1.846334 0.006785
v -0.028189 1.846334 0.006785
v -0.009487 1.842348 0.011323
v -0.009487 1.842348 0.011323
v -0.009487 1.842348 0.011323
v -0.009487 1.842348 0.011323
v -0.009487 1.842348 0.011323
v -0.009487 1.842348 0.011323
v 0.013328 1.819153 0.008210
v 0.013328 1.819153 0.008210
v 0.013328 1.819153 0.008210
v 0.013328 1.819153 0.008210
v 0.013328 1.819153 0.008210
v 0.013328 1.819153 0.008210
v -0.059230 1.860928 0.033279
v -0.059230 1.860928 0.033279
v -0.059230 1.860928 0.033279
v -0.059230 1.860928 0.033279
v -0.059230 1.860928 0.033279
v -0.059230 1.860928 0.033279
v -0.028833 1.857199 0.026278
v -0.028833 1.857199 0.026278
v -0.028833 1.857199 0.026278
v -0.028833 1.857199 0.026278
v -0.028833 1.857199 0.026278
v -0.028833 1.857199 0.026278
v -0.028833 1.857199 0.026278
v -0.028833 1.857199 0.026278
v 0.007234 1.838457 0.022834
v 0.007234 1.838457 0.022834
v 0.007234 1.838457 0.022834
v 0.007234 1.838457 0.022834
v 0.007234 1.838457 0.022834
v -0.033374 1.863912 0.068788
v -0.033374 1.863912 0.068788
v -0.033374 1.863912 0.068788
v -0.033374 1.863912 0.068788
v -0.123965 1.741744 0.030898
v -0.123965 1.741744 0.030898
v -0.116217 1.739610 0.027083
v -0.116217 1.739610 0.027083
v -0.116217 1.739610 0.027083
v -0.123505 1.768273 0.039447
v -0.123505 1.768273 0.039447
v -0.123505 1.768273 0.039447
v -0.119710 1.766770 0.040969
v -0.119710 1.766770 0.040969
v -0.119710 1.766770 0.040969
v -0.124966 1.771808 0.060963
v -0.124966 1.771808 0.060963
v -0.124966 1.771808 0.060963
v -0.123139 1.770147 0.060621
v -0.123139 1.770147 0.060621
v 0.008340 1.716604 0.044021
v 0.008340 1.716604 0.044021
v 0.008340 1.716604 0.044021
v 0.014816 1.716226 0.049728
v 0.014816 1.716226 0.049728
v 0.021727 1.741537 0.058988
v 0.021727 1.741537 0.058988
v 0.021727 1.741537 0.058988
v 0.017428 1.741440 0.059619
v 0.017428 1.741440 0.059619
v 0.017428 1.741440 0.059619
v 0.018500 1.745390 0.080236
v 0.018500 1.745390 0.080236
v 0.018500 1.745390 0.080236
v 0.016622 1.744332 0.079627
v 0.016622 1.744332 0.079627
v -0.088681 1.734387 0.154365
v -0.094799 1.744416 0.157519
v -0.095252 1.744406 0.161188
v -0.094799 1.744416 0.157519
v -0.088681 1.734387 0.154365
v -0.095252 1.744406 0.161188
v -0.042455 1.734647 0.164621
v -0.050535 1.727380 0.159458
v -0.042938 1.734652 0.168289
v -0.050535 1.727380 0.159458
v -0.042455 1.734647 0.164621
v -0.042938 1.734652 0.168289
v -0.105979 1.668553 0.137374
v -0.112331 1.662796 0.157565
v -0.106665 1.663716 0.137011
v -0.055377 1.652463 0.165174
v -0.053964 1.659193 0.144360
v -0.054660 1.654595 0.143924
v -0.133647 1.700263 0.058700
v -0.133647 1.700263 0.058700
v -0.133647 1.700263 0.058700
v -0.133647 1.700263 0.058700
v -0.133647 1.700263 0.058700
v -0.133647 1.700263 0.058700
v -0.133647 1.700263 0.058700
v -0.133647 1.700263 0.058700
v -0.133647 1.700263 0.058700
v -0.133647 1.700263 0.058700
v -0.124202 1.710040 0.037924
v -0.115387 1.689824 0.018861
v -0.115387 1.689824 0.018861
v -0.115387 1.689824 0.018861
v -0.115387 1.689824 0.018861
v -0.115387 1.689824 0.018861
v -0.115387 1.689824 0.018861
v -0.134901 1.678568 0.058429
v -0.134901 1.678568 0.058429
v -0.134901 1.678568 0.058429
v -0.134901 1.678568 0.058429
v -0.134901 1.678568 0.058429
v -0.134146 1.684164 0.085530
v -0.134146 1.684164 0.085530
v -0.134146 1.684164 0.085530
v -0.134146 1.684164 0.085530
v -0.134146 1.684164 0.085530
v -0.134146 1.684164 0.085530
v -0.132996 1.701262 0.088306
v -0.132996 1.701262 0.088306
v -0.132996 1.701262 0.088306
v -0.132996 1.701262 0.088306
v -0.132996 1.701262 0.088306
v -0.133030 1.715613 0.093575
v -0.133030 1.715613 0.093575
v -0.133030 1.715613 0.093575
v -0.133030 1.715613 0.093575
v -0.133030 1.715613 0.093575
v -0.133030 1.715613 0.093575
v -0.133030 1.715613 0.093575
v -0.133030 1.715613 0.093575
v -0.130384 1.727243 0.065585
v -0.130384 1.727243 0.065585
v -0.130384 1.727243 0.065585
v -0.130384 1.727243 0.065585
v -0.130384 1.727243 0.065585
v -0.130384 1.727243 0.065585
v -0.130384 1.727243 0.065585
v -0.130384 1.727243 0.065585
v -0.134529 1.718140 0.047319
v -0.134529 1.718140 0.047319
v -0.134529 1.718140 0.047319
v -0.134529 1.718140 0.047319
v -0.134529 1.718140 0.047319
v -0.134529 1.718140 0.047319
v -0.134529 1.718140 0.047319
v -0.137331 1.708150 0.042251
v -0.137331 1.708150 0.042251
v -0.137331 1.708150 0.042251
v -0.137331 1.708150 0.042251
v -0.137331 1.708150 0.042251
v -0.131034 1.708010 0.040967
v -0.131034 1.708010 0.040967
v -0.131034 1.708010 0.040967
v -0.131034 1.708010 0.040967
v -0.124202 1.710040 0.037924
v -0.124202 1.710040 0.037924
v -0.124202 1.710040 0.037924
v -0.133575 1.664635 0.058793
v -0.133575 1.664635 0.058793
v -0.133575 1.664635 0.058793
v -0.133575 1.664635 0.058793
v -0.133575 1.664635 0.058793
v -0.133575 1.664635 0.058793
v -0.133892 1.668401 0.084403
v -0.133892 1.668401 0.084403
v -0.133892 1.668401 0.084403
v -0.133892 1.668401 0.084403
v -0.133892 1.668401 0.084403
v -0.133892 1.668401 0.084403
v -0.131332 1.659838 0.105998
v -0.131332 1.659838 0.105998
v -0.131332 1.659838 0.105998
v -0.131332 1.659838 0.105998
v -0.131332 1.659838 0.105998
v -0.131332 1.659838 0.105998
v -0.131815 1.677219 0.107593
v -0.131815 1.677219 0.107593
v -0.131815 1.677219 0.107593
v -0.131815 1.677219 0.107593
v -0.131815 1.677219 0.107593
v -0.131815 1.677219 0.107593
v -0.131115 1.696460 0.105565
v -0.131115 1.696460 0.105565
v -0.131115 1.696460 0.105565
v -0.131115 1.696460 0.105565
v -0.131115 1.696460 0.105565
v -0.125348 1.654459 0.053205
v -0.125348 1.654459 0.053205
v -0.125348 1.654459 0.053205
v -0.125348 1.654459 0.053205
v -0.125348 1.654459 0.053205
v -0.125348 1.654459 0.053205
v -0.125348 1.654459 0.053205
v -0.122218 1.636921 0.081149
v -0.122218 1.636921 0.081149
v -0.122218 1.636921 0.081149
v -0.122218 1.636921 0.081149
v -0.122218 1.636921 0.081149
v -0.122218 1.636921 0.081149
v -0.131059 1.650220 0.082811
v -0.131059 1.650220 0.082811
v -0.131059 1.650220 0.082811
v -0.131059 1.650220 0.082811
v -0.131059 1.650220 0.082811
v -0.126647 1.639737 0.102935
v -0.126647 1.639737 0.102935
v -0.126647 1.639737 0.102935
v -0.126647 1.639737 0.102935
v -0.126647 1.639737 0.102935
v -0.126647 1.639737 0.102935
v -0.121575 1.632528 0.121948
v -0.121575 1.632528 0.121948
v -0.121575 1.632528 0.121948
v -0.121575 1.632528 0.121948
v -0.121575 1.632528 0.121948
v -0.126340 1.652900 0.125163
v -0.126340 1.652900 0.125163
v -0.126340 1.652900 0.125163
v -0.126340 1.652900 0.125163
v -0.126340 1.652900 0.125163
v -0.126340 1.652900 0.125163
v -0.126340 1.652900 0.125163
v -0.117499 1.619924 0.011926
v -0.117499 1.619924 0.011926
v -0.117499 1.619924 0.011926
v -0.117499 1.619924 0.011926
v -0.121996 1.602966 0.044240
v -0.121996 1.602966 0.044240
v -0.108318 1.587619 0.074266
v -0.108318 1.587619 0.074266
v -0.108318 1.587619 0.074266
v -0.108318 1.587619 0.074266
v -0.116511 1.626887 0.081165
v -0.116511 1.626887 0.081165
v -0.116511 1.626887 0.081165
v -0.116511 1.626887 0.081165
v -0.102105 1.617055 0.091319
v -0.102105 1.617055 0.091319
v -0.102105 1.617055 0.091319
v -0.102105 1.617055 0.091319
v -0.102105 1.617055 0.091319
v -0.102105 1.617055 0.091319
v -0.102105 1.617055 0.091319
v -0.119347 1.628379 0.099693
v -0.119347 1.628379 0.099693
v -0.119347 1.628379 0.099693
v -0.119347 1.628379 0.099693
v -0.119347 1.628379 0.099693
v -0.119347 1.628379 0.099693
v -0.104475 1.681371 0.007124
v -0.104475 1.681371 0.007124
v -0.104475 1.681371 0.007124
v -0.099003 1.630784 -0.005892
v -0.099003 1.630784 -0.005892
v -0.099003 1.630784 -0.005892
v -0.099003 1.630784 -0.005892
v -0.093556 1.673273 -0.004712
v -0.093556 1.673273 -0.004712
v -0.062816 1.666871 -0.006934
v -0.062816 1.666871 -0.006934
v -0.062816 1.666871 -0.006934
v -0.062816 1.666871 -0.006934
v -0.070294 1.632660 -0.006806
v -0.070294 1.632660 -0.006806
v -0.042576 1.631783 -0.002043
v -0.042576 1.631783 -0.002043
v -0.042576 1.631783 -0.002043
v -0.042576 1.631783 -0.002043
v -0.032162 1.665137 0.002710
v -0.032162 1.665137 0.002710
v -0.021270 1.669470 0.017384
v -0.021270 1.669470 0.017384
v -0.021270 1.669470 0.017384
v -0.025918 1.624093 0.016957
v -0.025918 1.624093 0.016957
v -0.025918 1.624093 0.016957
v -0.025918 1.624093 0.016957
v -0.010362 1.673719 0.032075
v -0.010362 1.673719 0.032075
v -0.010362 1.673719 0.032075
v -0.010362 1.673719 0.032075
v -0.010362 1.673719 0.032075
v -0.010362 1.673719 0.032075
v -0.020476 1.641996 0.065605
v -0.020476 1.641996 0.065605
v -0.020476 1.641996 0.065605
v -0.020476 1.641996 0.065605
v -0.020476 1.641996 0.065605
v -0.020476 1.641996 0.065605
v -0.020476 1.641996 0.065605
v -0.021760 1.609728 0.048400
v -0.021760 1.609728 0.048400
v -0.034410 1.593238 0.076972
v -0.034410 1.593238 0.076972
v -0.034410 1.593238 0.076972
v -0.034410 1.593238 0.076972
v -0.038995 1.620943 0.088500
v -0.038995 1.620943 0.088500
v -0.038995 1.620943 0.088500
v -0.038995 1.620943 0.088500
v -0.055000 1.614187 0.094935
v -0.055000 1.614187 0.094935
v -0.055000 1.614187 0.094935
v -0.055000 1.614187 0.094935
v -0.055000 1.614187 0.094935
v -0.055000 1.614187 0.094935
v -0.055000 1.614187 0.094935
v -0.071570 1.583548 0.087283
v -0.071570 1.583548 0.087283
v -0.071570 1.583548 0.087283
v -0.071570 1.583548 0.087283
v -0.010985 1.647740 0.073749
v -0.010985 1.647740 0.073749
v -0.010985 1.647740 0.073749
v -0.010985 1.647740 0.073749
v -0.010985 1.647740 0.073749
v -0.010985 1.647740 0.073749
v -0.032808 1.627141 0.091264
v -0.032808 1.627141 0.091264
v -0.032808 1.627141 0.091264
v -0.032808 1.627141 0.091264
v -0.032808 1.627141 0.091264
v -0.032808 1.627141 0.091264
v -0.041818 1.619056 0.108514
v -0.041818 1.619056 0.108514
v -0.041818 1.619056 0.108514
v -0.041818 1.619056 0.108514
v -0.041818 1.619056 0.108514
v -0.041818 1.619056 0.108514
v -0.069828 1.606982 0.128199
v -0.069828 1.606982 0.128199
v -0.069828 1.606982 0.128199
v -0.069828 1.606982 0.128199
v -0.069828 1.606982 0.128199
v -0.069828 1.606982 0.128199
v -0.069828 1.606982 0.128199
v -0.079391 1.608278 0.102403
v -0.079391 1.608278 0.102403
v -0.079391 1.608278 0.102403
v -0.079391 1.608278 0.102403
v -0.079391 1.608278 0.102403
v -0.079391 1.608278 0.102403
v -0.005282 1.658702 0.074827
v -0.005282 1.658702 0.074827
v -0.005282 1.658702 0.074827
v -0.005282 1.658702 0.074827
v -0.005282 1.658702 0.074827
v -0.015316 1.650231 0.099550
v -0.015316 1.650231 0.099550
v -0.015316 1.650231 0.099550
v -0.015316 1.650231 0.099550
v -0.015316 1.650231 0.099550
v -0.015316 1.650231 0.099550
v -0.022414 1.635685 0.096037
v -0.022414 1.635685 0.096037
v -0.022414 1.635685 0.096037
v -0.022414 1.635685 0.096037
v -0.022414 1.635685 0.096037
v -0.033835 1.627005 0.114214
v -0.033835 1.627005 0.114214
v -0.033835 1.627005 0.114214
v -0.033835 1.627005 0.114214
v -0.033835 1.627005 0.114214
v -0.033835 1.627005 0.114214
v -0.052644 1.613221 0.126917
v -0.052644 1.613221 0.126917
v -0.052644 1.613221 0.126917
v -0.052644 1.613221 0.126917
v -0.052644 1.613221 0.126917
v -0.052644 1.613221 0.126917
v 0.001398 1.677319 0.076429
v 0.001398 1.677319 0.076429
v 0.001398 1.677319 0.076429
v 0.001398 1.677319 0.076429
v 0.001398 1.677319 0.076429
v 0.001398 1.677319 0.076429
v 0.001398 1.677319 0.076429
v 0.001398 1.677319 0.076429
v 0.001398 1.677319 0.076429
v 0.001398 1.677319 0.076429
v 0.001398 1.677319 0.076429
v -0.010382 1.663662 0.101804
v -0.010382 1.663662 0.101804
v -0.010382 1.663662 0.101804
v -0.010382 1.663662 0.101804
v -0.010382 1.663662 0.101804
v -0.010382 1.663662 0.101804
v -0.025313 1.643299 0.119556
v -0.025313 1.643299 0.119556
v -0.025313 1.643299 0.119556
v -0.025313 1.643299 0.119556
v -0.025313 1.643299 0.119556
v -0.025313 1.643299 0.119556
v 0.001051 1.688453 0.054505
v -0.112331 1.662796 0.157565
v -0.101956 1.662364 0.164865
v -0.101956 1.662364 0.164865
v -0.101956 1.662364 0.164865
v -0.104849 1.664970 0.165332
v -0.104849 1.664970 0.165332
v -0.099100 1.665978 0.171935
v -0.099100 1.665978 0.171935
v -0.099100 1.665978 0.171935
v -0.095162 1.661678 0.169186
v -0.095162 1.661678 0.169186
v -0.095162 1.661678 0.169186
v -0.095162 1.661678 0.169186
v -0.091928 1.666487 0.178341
v -0.091928 1.666487 0.178341
v -0.086531 1.663700 0.178699
v -0.086531 1.663700 0.178699
v -0.086531 1.663700 0.178699
v -0.088101 1.660338 0.171953
v -0.088101 1.660338 0.171953
v -0.081941 1.659200 0.172791
v -0.081941 1.659200 0.172791
v -0.084016 1.663236 0.179041
v -0.084016 1.663236 0.179041
v -0.084016 1.663236 0.179041
v -0.074446 1.657847 0.171948
v -0.074446 1.657847 0.171948
v -0.074446 1.657847 0.171948
v -0.074446 1.657847 0.171948
v -0.074446 1.657847 0.171948
v -0.077991 1.663907 0.180076
v -0.077991 1.663907 0.180076
v -0.070082 1.660717 0.176024
v -0.070082 1.660717 0.176024
v -0.063517 1.657491 0.171020
v -0.063517 1.657491 0.171020
v -0.063517 1.657491 0.171020
v -0.066944 1.655972 0.169607
v -0.066944 1.655972 0.169607
v -0.055377 1.652463 0.165174
v -0.102509 1.747858 0.157967
v -0.102509 1.747858 0.157967
v -0.095252 1.744406 0.161188
v -0.095252 1.744406 0.161188
v -0.103162 1.747865 0.162758
v -0.094799 1.744416 0.157519
v -0.094799 1.744416 0.157519
v -0.094799 1.744416 0.157519
v -0.103162 1.747865 0.162758
v -0.103162 1.747865 0.162758
v -0.095252 1.744406 0.161188
v -0.102509 1.747858 0.157967
v -0.114210 1.747133 0.152008
v -0.114210 1.747133 0.152008
v -0.103162 1.747865 0.162758
v -0.103162 1.747865 0.162758
v -0.116534 1.747321 0.156529
v -0.102509 1.747858 0.157967
v -0.102509 1.747858 0.157967
v -0.102509 1.747858 0.157967
v -0.116534 1.747321 0.156529
v -0.116534 1.747321 0.156529
v -0.103162 1.747865 0.162758
v -0.114210 1.747133 0.152008
v -0.114210 1.747133 0.152008
v -0.114210 1.747133 0.152008
v -0.123153 1.742730 0.150152
v -0.123153 1.742730 0.150152
v -0.116534 1.747321 0.156529
v -0.119246 1.742425 0.145946
v -0.119246 1.742425 0.145946
v -0.119246 1.742425 0.145946
v -0.116534 1.747321 0.156529
v -0.116534 1.747321 0.156529
v -0.123153 1.742730 0.150152
v -0.114210 1.747133 0.152008
v -0.034254 1.735082 0.167198
v -0.034254 1.735082 0.167198
v -0.021548 1.729677 0.169413
v -0.021548 1.729677 0.169413
v -0.034910 1.735090 0.171988
v -0.022531 1.730111 0.164444
v -0.022531 1.730111 0.164444
v -0.022531 1.730111 0.164444
v -0.034910 1.735090 0.171988
v -0.034910 1.735090 0.171988
v -0.021548 1.729677 0.169413
v -0.034254 1.735082 0.167198
v -0.034254 1.735082 0.167198
v -0.034254 1.735082 0.167198
v -0.042938 1.734652 0.168289
v -0.042938 1.734652 0.168289
v -0.034910 1.735090 0.171988
v -0.042455 1.734647 0.164621
v -0.042455 1.734647 0.164621
v -0.042455 1.734647 0.164621
v -0.034910 1.735090 0.171988
v -0.034910 1.735090 0.171988
v -0.042938 1.734652 0.168289
v -0.034254 1.735082 0.167198
v -0.017831 1.723776 0.159720
v -0.017831 1.723776 0.159720
v -0.021548 1.729677 0.169413
v -0.021548 1.729677 0.169413
v -0.015295 1.722891 0.164802
v -0.022531 1.730111 0.164444
v -0.022531 1.730111 0.164444
v -0.022531 1.730111 0.164444
v -0.015295 1.722891 0.164802
v -0.015295 1.722891 0.164802
v -0.021548 1.729677 0.169413
v -0.017831 1.723776 0.159720
v -0.055377 1.652463 0.165174
v -0.055377 1.652463 0.165174
v -0.055377 1.652463 0.165174
v -0.055377 1.652463 0.165174
v -0.066944 1.655972 0.169607
v -0.074446 1.657847 0.171948
v -0.074446 1.657847 0.171948
v -0.074446 1.657847 0.171948
v -0.074446 1.657847 0.171948
v -0.053964 1.659193 0.144360
v -0.053964 1.659193 0.144360
v -0.053964 1.659193 0.144360
v -0.080007 1.664124 0.140790
v -0.080007 1.664124 0.140790
v -0.080007 1.664124 0.140790
v -0.080007 1.664124 0.140790
v -0.080007 1.664124 0.140790
v -0.080007 1.664124 0.140790
v -0.080007 1.664124 0.140790
v -0.080007 1.664124 0.140790
v -0.054660 1.654595 0.143924
v -0.054660 1.654595 0.143924
v -0.054660 1.654595 0.143924
v -0.054660 1.654595 0.143924
v -0.080748 1.659538 0.140372
v -0.080748 1.659538 0.140372
v -0.080748 1.659538 0.140372
v -0.080748 1.659538 0.140372
v -0.080748 1.659538 0.140372
v -0.080748 1.659538 0.140372
v -0.080748 1.659538 0.140372
v -0.080748 1.659538 0.140372
v -0.073682 1.657906 0.169891
v -0.073682 1.657906 0.169891
v -0.073682 1.657906 0.169891
v -0.073682 1.657906 0.169891
v -0.066469 1.655835 0.167733
v -0.081941 1.659200 0.172791
v -0.081941 1.659200 0.172791
v -0.088101 1.660338 0.171953
v -0.088101 1.660338 0.171953
v -0.095162 1.661678 0.169186
v -0.095162 1.661678 0.169186
v -0.095162 1.661678 0.169186
v -0.095162 1.661678 0.169186
v -0.105979 1.668553 0.137374
v -0.105979 1.668553 0.137374
v -0.105979 1.668553 0.137374
v -0.105979 1.668553 0.137374
v -0.106665 1.663716 0.137011
v -0.106665 1.663716 0.137011
v -0.106665 1.663716 0.137011
v -0.095254 1.661859 0.166961
v -0.095254 1.661859 0.166961
v -0.095254 1.661859 0.166961
v -0.095254 1.661859 0.166961
v -0.088020 1.660493 0.170603
v -0.088020 1.660493 0.170603
v -0.081671 1.659321 0.171466
v -0.081671 1.659321 0.171466
v -0.112331 1.662796 0.157565
v -0.112331 1.662796 0.157565
v -0.112331 1.662796 0.157565
v -0.112331 1.662796 0.157565
v -0.101956 1.662364 0.164865
v -0.101890 1.662273 0.162973
v -0.058154 1.648169 0.136541
v -0.056655 1.658903 0.138471
v -0.062808 1.657233 0.154260
v -0.062808 1.657233 0.154260
v -0.064337 1.646406 0.152364
v -0.064337 1.646406 0.152364
v -0.077242 1.658542 0.162357
v -0.077242 1.658542 0.162357
v -0.078777 1.647516 0.160515
v -0.078777 1.647516 0.160515
v -0.090762 1.661039 0.160519
v -0.090762 1.661039 0.160519
v -0.092322 1.649941 0.158704
v -0.092322 1.649941 0.158704
v -0.102014 1.664384 0.148962
v -0.102014 1.664384 0.148962
v -0.103599 1.653310 0.147150
v -0.103599 1.653310 0.147150
v -0.102992 1.667036 0.132285
v -0.104559 1.655943 0.130472
v -0.057548 1.669718 0.138927
v -0.059334 1.659256 0.137386
v -0.059334 1.659256 0.137386
v -0.059334 1.659256 0.137386
v -0.063079 1.668478 0.153359
v -0.063079 1.668478 0.153359
v -0.063079 1.668478 0.153359
v -0.064809 1.658054 0.151722
v -0.064809 1.658054 0.151722
v -0.064809 1.658054 0.151722
v -0.064809 1.658054 0.151722
v -0.064809 1.658054 0.151722
v -0.064809 1.658054 0.151722
v -0.076917 1.669456 0.161428
v -0.076917 1.669456 0.161428
v -0.076917 1.669456 0.161428
v -0.077734 1.658161 0.164751
v -0.077734 1.658161 0.164751
v -0.077734 1.658161 0.164751
v -0.091071 1.660625 0.162938
v -0.091071 1.660625 0.162938
v -0.091071 1.660625 0.162938
v -0.086984 1.671316 0.160059
v -0.086984 1.671316 0.160059
v -0.086984 1.671316 0.160059
v -0.099274 1.664346 0.147063
v -0.099274 1.664346 0.147063
v -0.099274 1.664346 0.147063
v -0.099274 1.664346 0.147063
v -0.099274 1.664346 0.147063
v -0.099274 1.664346 0.147063
v -0.097696 1.674872 0.148651
v -0.097696 1.674872 0.148651
v -0.097696 1.674872 0.148651
v -0.054276 1.658158 0.139428
v -0.054276 1.658158 0.139428
v -0.060953 1.656855 0.155118
v -0.060953 1.656855 0.155118
v -0.104039 1.664727 0.149293
v -0.104039 1.664727 0.149293
v -0.105645 1.667150 0.132579
v -0.105645 1.667150 0.132579
v -0.100163 1.666449 0.131927
v -0.100163 1.666449 0.131927
v -0.100163 1.666449 0.131927
v -0.098565 1.677161 0.133389
v -0.054276 1.658158 0.139428
v -0.054276 1.658158 0.139428
v -0.054276 1.658158 0.139428
v -0.054276 1.658158 0.139428
v -0.052487 1.669452 0.141357
v -0.052487 1.669452 0.141357
v -0.059194 1.668175 0.157052
v -0.059194 1.668175 0.157052
v -0.059194 1.668175 0.157052
v -0.060953 1.656855 0.155118
v -0.060953 1.656855 0.155118
v -0.060953 1.656855 0.155118
v -0.075935 1.669342 0.166708
v -0.075935 1.669342 0.166708
v -0.075935 1.669342 0.166708
v -0.077734 1.658161 0.164751
v -0.077734 1.658161 0.164751
v -0.089272 1.671805 0.164894
v -0.089272 1.671805 0.164894
v -0.091071 1.660625 0.162938
v -0.091071 1.660625 0.162938
v -0.102254 1.676128 0.151196
v -0.102254 1.676128 0.151196
v -0.104039 1.664727 0.149293
v -0.104039 1.664727 0.149293
v -0.104039 1.664727 0.149293
v -0.103854 1.678759 0.134425
v -0.103854 1.678759 0.134425
v -0.105645 1.667150 0.132579
v -0.045276 1.621499 0.131313
v -0.045276 1.621499 0.131313
v -0.045276 1.621499 0.131313
v -0.045276 1.621499 0.131313
v -0.045276 1.621499 0.131313
v -0.045276 1.621499 0.131313
v -0.055557 1.618251 0.145576
v -0.055557 1.618251 0.145576
v -0.055557 1.618251 0.145576
v -0.055557 1.618251 0.145576
v -0.055557 1.618251 0.145576
v -0.055557 1.618251 0.145576
v -0.055557 1.618251 0.145576
v -0.061405 1.609797 0.141339
v -0.061405 1.609797 0.141339
v -0.061405 1.609797 0.141339
v -0.061405 1.609797 0.141339
v -0.061405 1.609797 0.141339
v -0.036712 1.638476 0.136693
v -0.036712 1.638476 0.136693
v -0.036712 1.638476 0.136693
v -0.036712 1.638476 0.136693
v -0.036712 1.638476 0.136693
v -0.036712 1.638476 0.136693
v -0.047138 1.636501 0.150607
v -0.047138 1.636501 0.150607
v -0.047138 1.636501 0.150607
v -0.047138 1.636501 0.150607
v -0.047138 1.636501 0.150607
v -0.057228 1.635136 0.158024
v -0.057228 1.635136 0.158024
v -0.057228 1.635136 0.158024
v -0.057228 1.635136 0.158024
v -0.057228 1.635136 0.158024
v -0.057228 1.635136 0.158024
v -0.057228 1.635136 0.158024
v -0.063822 1.617614 0.156145
v -0.063822 1.617614 0.156145
v -0.063822 1.617614 0.156145
v -0.063822 1.617614 0.156145
v -0.063822 1.617614 0.156145
v -0.063822 1.617614 0.156145
v -0.068353 1.607902 0.151517
v -0.068353 1.607902 0.151517
v -0.068353 1.607902 0.151517
v -0.068353 1.607902 0.151517
v -0.068353 1.607902 0.151517
v -0.077788 1.605147 0.146458
v -0.077788 1.605147 0.146458
v -0.077788 1.605147 0.146458
v -0.077788 1.605147 0.146458
v -0.077788 1.605147 0.146458
v -0.077788 1.605147 0.146458
v -0.077788 1.605147 0.146458
v -0.020093 1.658383 0.122342
v -0.020093 1.658383 0.122342
v -0.020093 1.658383 0.122342
v -0.020093 1.658383 0.122342
v -0.020093 1.658383 0.122342
v -0.020093 1.658383 0.122342
v -0.030761 1.653705 0.140081
v -0.030761 1.653705 0.140081
v -0.030761 1.653705 0.140081
v -0.030761 1.653705 0.140081
v -0.030761 1.653705 0.140081
v -0.041032 1.651489 0.155777
v -0.041032 1.651489 0.155777
v -0.041032 1.651489 0.155777
v -0.041032 1.651489 0.155777
v -0.041032 1.651489 0.155777
v -0.041032 1.651489 0.155777
v -0.041032 1.651489 0.155777
v -0.041032 1.651489 0.155777
v -0.048929 1.651865 0.161527
v -0.048929 1.651865 0.161527
v -0.048929 1.651865 0.161527
v -0.048929 1.651865 0.161527
v -0.048929 1.651865 0.161527
v -0.055377 1.652463 0.165174
v -0.055377 1.652463 0.165174
v -0.055377 1.652463 0.165174
v -0.055377 1.652463 0.165174
v -0.055377 1.652463 0.165174
v -0.055377 1.652463 0.165174
v -0.066114 1.636343 0.163822
v -0.066114 1.636343 0.163822
v -0.066114 1.636343 0.163822
v -0.066114 1.636343 0.163822
v -0.066114 1.636343 0.163822
v -0.066114 1.636343 0.163822
v -0.066114 1.636343 0.163822
v -0.006066 1.678783 0.105366
v -0.006066 1.678783 0.105366
v -0.006066 1.678783 0.105366
v -0.006066 1.678783 0.105366
v -0.006066 1.678783 0.105366
v -0.013709 1.675519 0.121350
v -0.013709 1.675519 0.121350
v -0.013709 1.675519 0.121350
v -0.013709 1.675519 0.121350
v -0.013709 1.675519 0.121350
v -0.023333 1.668944 0.143148
v -0.023333 1.668944 0.143148
v -0.023333 1.668944 0.143148
v -0.023333 1.668944 0.143148
v -0.023333 1.668944 0.143148
v -0.023333 1.668944 0.143148
v -0.034319 1.665638 0.156981
v -0.034319 1.665638 0.156981
v -0.034319 1.665638 0.156981
v -0.034319 1.665638 0.156981
v -0.034319 1.665638 0.156981
v -0.034319 1.665638 0.156981
v -0.045149 1.665708 0.161363
v -0.045149 1.665708 0.161363
v -0.045149 1.665708 0.161363
v -0.045149 1.665708 0.161363
v -0.045149 1.665708 0.161363
v -0.045149 1.665708 0.161363
v -0.051600 1.664583 0.164781
v -0.051600 1.664583 0.164781
v -0.051600 1.664583 0.164781
v -0.051600 1.664583 0.164781
v -0.051600 1.664583 0.164781
v -0.051600 1.664583 0.164781
v -0.001967 1.691613 0.111302
v -0.001967 1.691613 0.111302
v -0.001967 1.691613 0.111302
v -0.001967 1.691613 0.111302
v -0.001967 1.691613 0.111302
v -0.001967 1.691613 0.111302
v -0.001967 1.691613 0.111302
v -0.001967 1.691613 0.111302
v -0.016714 1.681145 0.143756
v -0.016714 1.681145 0.143756
v -0.016714 1.681145 0.143756
v -0.016714 1.681145 0.143756
v -0.016714 1.681145 0.143756
v -0.016714 1.681145 0.143756
v -0.028080 1.677904 0.159037
v -0.028080 1.677904 0.159037
v -0.028080 1.677904 0.159037
v -0.028080 1.677904 0.159037
v -0.028080 1.677904 0.159037
v -0.041811 1.678627 0.164703
v -0.041811 1.678627 0.164703
v -0.041811 1.678627 0.164703
v -0.041811 1.678627 0.164703
v -0.041811 1.678627 0.164703
v -0.041811 1.678627 0.164703
v -0.049839 1.677611 0.167706
v -0.049839 1.677611 0.167706
v -0.049839 1.677611 0.167706
v -0.049839 1.677611 0.167706
v -0.049839 1.677611 0.167706
v -0.049839 1.677611 0.167706
v 0.006993 1.701972 0.084082
v 0.006993 1.701972 0.084082
v 0.006993 1.701972 0.084082
v 0.006993 1.701972 0.084082
v 0.006993 1.701972 0.084082
v 0.006993 1.701972 0.084082
v 0.006993 1.701972 0.084082
v 0.006993 1.701972 0.084082
v 0.000566 1.705363 0.120056
v 0.000566 1.705363 0.120056
v 0.000566 1.705363 0.120056
v 0.000566 1.705363 0.120056
v 0.000566 1.705363 0.120056
v 0.000566 1.705363 0.120056
v -0.012451 1.694722 0.144199
v -0.012451 1.694722 0.144199
v -0.012451 1.694722 0.144199
v -0.012451 1.694722 0.144199
v -0.012451 1.694722 0.144199
v -0.012451 1.694722 0.144199
v -0.024054 1.691179 0.160144
v -0.024054 1.691179 0.160144
v -0.024054 1.691179 0.160144
v -0.024054 1.691179 0.160144
v -0.024054 1.691179 0.160144
v -0.024054 1.691179 0.160144
v -0.038956 1.691361 0.165912
v -0.038956 1.691361 0.165912
v -0.038956 1.691361 0.165912
v -0.038956 1.691361 0.165912
v -0.038956 1.691361 0.165912
v -0.038956 1.691361 0.165912
v -0.053006 1.692145 0.169422
v -0.053006 1.692145 0.169422
v -0.053006 1.692145 0.169422
v -0.053006 1.692145 0.169422
v -0.053006 1.692145 0.169422
v -0.053006 1.692145 0.169422
v 0.011816 1.691663 0.067028
v 0.011816 1.691663 0.067028
v 0.011816 1.691663 0.067028
v 0.011816 1.691663 0.067028
v 0.011816 1.691663 0.067028
v 0.011816 1.691663 0.067028
v 0.011816 1.691663 0.067028
v 0.020578 1.711796 0.060402
v 0.020578 1.711796 0.060402
v 0.020578 1.711796 0.060402
v 0.020578 1.711796 0.060402
v 0.023334 1.732129 0.066098
v 0.023334 1.732129 0.066098
v 0.023334 1.732129 0.066098
v 0.023334 1.732129 0.066098
v 0.023334 1.732129 0.066098
v 0.023334 1.732129 0.066098
v 0.022186 1.734783 0.073155
v 0.022186 1.734783 0.073155
v 0.022186 1.734783 0.073155
v 0.022186 1.734783 0.073155
v 0.022186 1.734783 0.073155
v 0.011088 1.726108 0.092130
v 0.011088 1.726108 0.092130
v 0.011088 1.726108 0.092130
v 0.011088 1.726108 0.092130
v 0.011088 1.726108 0.092130
v 0.011088 1.726108 0.092130
v 0.011088 1.726108 0.092130
v 0.011088 1.726108 0.092130
v 0.011707 1.682012 0.062134
v 0.011707 1.682012 0.062134
v 0.011707 1.682012 0.062134
v 0.011707 1.682012 0.062134
v 0.015462 1.686749 0.059631
v 0.015462 1.686749 0.059631
v 0.015462 1.686749 0.059631
v 0.015462 1.686749 0.059631
v 0.015462 1.686749 0.059631
v 0.015462 1.686749 0.059631
v 0.027074 1.713649 0.054956
v 0.027074 1.713649 0.054956
v 0.027074 1.713649 0.054956
v 0.027074 1.713649 0.054956
v 0.027074 1.713649 0.054956
v 0.027074 1.713649 0.054956
v 0.027074 1.713649 0.054956
v 0.023835 1.712211 0.059482
v 0.023835 1.712211 0.059482
v 0.023835 1.712211 0.059482
v 0.023835 1.712211 0.059482
v 0.023835 1.712211 0.059482
v 0.026808 1.732769 0.065778
v 0.026808 1.732769 0.065778
v 0.026808 1.732769 0.065778
v 0.026808 1.732769 0.065778
v 0.026808 1.732769 0.065778
v 0.026808 1.732769 0.065778
v 0.025325 1.735157 0.073277
v 0.025325 1.735157 0.073277
v 0.025325 1.735157 0.073277
v 0.025325 1.735157 0.073277
v 0.025325 1.735157 0.073277
v 0.025325 1.735157 0.073277
v 0.006082 1.684298 0.059164
v 0.006082 1.684298 0.059164
v 0.006082 1.684298 0.059164
v 0.006082 1.684298 0.059164
v 0.007934 1.687375 0.056510
v 0.007934 1.687375 0.056510
v 0.007934 1.687375 0.056510
v 0.007934 1.687375 0.056510
v 0.007934 1.687375 0.056510
v 0.007934 1.687375 0.056510
v 0.020276 1.715106 0.051848
v 0.020276 1.715106 0.051848
v 0.020276 1.715106 0.051848
v 0.020276 1.715106 0.051848
v 0.020276 1.715106 0.051848
v 0.020276 1.715106 0.051848
v 0.024763 1.740125 0.060398
v 0.024763 1.740125 0.060398
v 0.024763 1.740125 0.060398
v 0.024763 1.740125 0.060398
v 0.024763 1.740125 0.060398
v 0.024763 1.740125 0.060398
v 0.024763 1.740125 0.060398
v 0.030392 1.737073 0.063192
v 0.030392 1.737073 0.063192
v 0.030392 1.737073 0.063192
v 0.030392 1.737073 0.063192
v 0.001051 1.688453 0.054505
v 0.001051 1.688453 0.054505
v 0.014816 1.716226 0.049728
v 0.014816 1.716226 0.049728
v 0.014816 1.716226 0.049728
v 0.021727 1.741537 0.058988
v 0.021727 1.741537 0.058988
v 0.021727 1.741537 0.058988
v 0.018500 1.745390 0.080236
v 0.018500 1.745390 0.080236
v 0.018500 1.745390 0.080236
v 0.018500 1.745390 0.080236
v 0.023501 1.743184 0.069790
v 0.023501 1.743184 0.069790
v 0.023501 1.743184 0.069790
v 0.023501 1.743184 0.069790
v 0.023501 1.743184 0.069790
v 0.028527 1.740041 0.072260
v 0.028527 1.740041 0.072260
v 0.028527 1.740041 0.072260
v 0.028527 1.740041 0.072260
v 0.028527 1.740041 0.072260
v 0.028527 1.740041 0.072260
v 0.024883 1.740615 0.082152
v 0.024883 1.740615 0.082152
v 0.024883 1.740615 0.082152
v 0.024883 1.740615 0.082152
v 0.024883 1.740615 0.082152
v 0.024883 1.740615 0.082152
v 0.022448 1.734598 0.081578
v 0.022448 1.734598 0.081578
v 0.022448 1.734598 0.081578
v 0.022448 1.734598 0.081578
v 0.021480 1.743547 0.081328
v 0.021480 1.743547 0.081328
v 0.021480 1.743547 0.081328
v 0.021480 1.743547 0.081328
v -0.065024 1.649834 0.168179
v -0.065024 1.649834 0.168179
v -0.071742 1.648342 0.171066
v -0.071742 1.648342 0.171066
v -0.071742 1.648342 0.171066
v -0.078876 1.640846 0.168290
v -0.078876 1.640846 0.168290
v -0.078876 1.640846 0.168290
v -0.078876 1.640846 0.168290
v -0.078876 1.640846 0.168290
v -0.078876 1.640846 0.168290
v -0.078876 1.640846 0.168290
v -0.071995 1.621361 0.164763
v -0.071995 1.621361 0.164763
v -0.071995 1.621361 0.164763
v -0.071995 1.621361 0.164763
v -0.071995 1.621361 0.164763
v -0.076071 1.607442 0.159286
v -0.076071 1.607442 0.159286
v -0.076071 1.607442 0.159286
v -0.076071 1.607442 0.159286
v -0.076071 1.607442 0.159286
v -0.076071 1.607442 0.159286
v -0.080674 1.646837 0.174106
v -0.080674 1.646837 0.174106
v -0.093571 1.649165 0.172361
v -0.093571 1.649165 0.172361
v -0.093571 1.649165 0.172361
v -0.095435 1.643641 0.166109
v -0.095435 1.643641 0.166109
v -0.095435 1.643641 0.166109
v -0.095435 1.643641 0.166109
v -0.095435 1.643641 0.166109
v -0.095435 1.643641 0.166109
v -0.095435 1.643641 0.166109
v -0.084647 1.625368 0.168855
v -0.084647 1.625368 0.168855
v -0.084647 1.625368 0.168855
v -0.084647 1.625368 0.168855
v -0.084647 1.625368 0.168855
v -0.084647 1.625368 0.168855
v -0.091269 1.608454 0.161941
v -0.091269 1.608454 0.161941
v -0.091269 1.608454 0.161941
v -0.091269 1.608454 0.161941
v -0.091269 1.608454 0.161941
v -0.091269 1.608454 0.161941
v -0.099790 1.608413 0.144037
v -0.099790 1.608413 0.144037
v -0.099790 1.608413 0.144037
v -0.099790 1.608413 0.144037
v -0.099790 1.608413 0.144037
v -0.099790 1.608413 0.144037
v -0.099790 1.608413 0.144037
v -0.086087 1.606460 0.130099
v -0.086087 1.606460 0.130099
v -0.086087 1.606460 0.130099
v -0.086087 1.606460 0.130099
v -0.086087 1.606460 0.130099
v -0.100453 1.653430 0.167336
v -0.100453 1.653430 0.167336
v -0.100453 1.653430 0.167336
v -0.107206 1.643232 0.158460
v -0.107206 1.643232 0.158460
v -0.107206 1.643232 0.158460
v -0.107206 1.643232 0.158460
v -0.107206 1.643232 0.158460
v -0.107206 1.643232 0.158460
v -0.107206 1.643232 0.158460
v -0.106267 1.626783 0.160404
v -0.106267 1.626783 0.160404
v -0.106267 1.626783 0.160404
v -0.106267 1.626783 0.160404
v -0.106267 1.626783 0.160404
v -0.094660 1.627040 0.167551
v -0.094660 1.627040 0.167551
v -0.094660 1.627040 0.167551
v -0.094660 1.627040 0.167551
v -0.094660 1.627040 0.167551
v -0.104630 1.611883 0.155776
v -0.104630 1.611883 0.155776
v -0.104630 1.611883 0.155776
v -0.104630 1.611883 0.155776
v -0.104630 1.611883 0.155776
v -0.104630 1.611883 0.155776
v -0.105286 1.656995 0.162890
v -0.105286 1.656995 0.162890
v -0.112331 1.662796 0.157565
v -0.112331 1.662796 0.157565
v -0.112331 1.662796 0.157565
v -0.112331 1.662796 0.157565
v -0.112331 1.662796 0.157565
v -0.112331 1.662796 0.157565
v -0.114115 1.644597 0.150589
v -0.114115 1.644597 0.150589
v -0.114115 1.644597 0.150589
v -0.114115 1.644597 0.150589
v -0.114115 1.644597 0.150589
v -0.114115 1.644597 0.150589
v -0.114115 1.644597 0.150589
v -0.112348 1.625182 0.149860
v -0.112348 1.625182 0.149860
v -0.112348 1.625182 0.149860
v -0.112348 1.625182 0.149860
v -0.112348 1.625182 0.149860
v -0.112348 1.625182 0.149860
v -0.117330 1.664048 0.152424
v -0.117330 1.664048 0.152424
v -0.117330 1.664048 0.152424
v -0.117330 1.664048 0.152424
v -0.117330 1.664048 0.152424
v -0.123005 1.665905 0.144881
v -0.123005 1.665905 0.144881
v -0.123005 1.665905 0.144881
v -0.123005 1.665905 0.144881
v -0.123005 1.665905 0.144881
v -0.123005 1.665905 0.144881
v -0.123005 1.665905 0.144881
v -0.123005 1.665905 0.144881
v -0.120941 1.648708 0.141011
v -0.120941 1.648708 0.141011
v -0.120941 1.648708 0.141011
v -0.120941 1.648708 0.141011
v -0.116814 1.627564 0.137854
v -0.116814 1.627564 0.137854
v -0.116814 1.627564 0.137854
v -0.116814 1.627564 0.137854
v -0.116814 1.627564 0.137854
v -0.116814 1.627564 0.137854
v -0.116814 1.627564 0.137854
v -0.116814 1.627564 0.137854
v -0.109450 1.614214 0.146304
v -0.109450 1.614214 0.146304
v -0.109450 1.614214 0.146304
v -0.109450 1.614214 0.146304
v -0.109450 1.614214 0.146304
v -0.111606 1.675588 0.156714
v -0.111606 1.675588 0.156714
v -0.111606 1.675588 0.156714
v -0.111606 1.675588 0.156714
v -0.111606 1.675588 0.156714
v -0.111606 1.675588 0.156714
v -0.116079 1.678742 0.151756
v -0.116079 1.678742 0.151756
v -0.116079 1.678742 0.151756
v -0.116079 1.678742 0.151756
v -0.116079 1.678742 0.151756
v -0.116079 1.678742 0.151756
v -0.116079 1.678742 0.151756
v -0.124687 1.682198 0.144779
v -0.124687 1.682198 0.144779
v -0.124687 1.682198 0.144779
v -0.124687 1.682198 0.144779
v -0.124687 1.682198 0.144779
v -0.130008 1.688253 0.128795
v -0.130008 1.688253 0.128795
v -0.130008 1.688253 0.128795
v -0.130008 1.688253 0.128795
v -0.130008 1.688253 0.128795
v -0.130008 1.688253 0.128795
v -0.127840 1.670463 0.127196
v -0.127840 1.670463 0.127196
v -0.127840 1.670463 0.127196
v -0.127840 1.670463 0.127196
v -0.127840 1.670463 0.127196
v -0.108135 1.672597 0.159233
v -0.108135 1.672597 0.159233
v -0.108135 1.672597 0.159233
v -0.108135 1.672597 0.159233
v -0.108135 1.672597 0.159233
v -0.108135 1.672597 0.159233
v -0.106104 1.684713 0.160642
v -0.106104 1.684713 0.160642
v -0.106104 1.684713 0.160642
v -0.106104 1.684713 0.160642
v -0.106104 1.684713 0.160642
v -0.109538 1.688605 0.159609
v -0.109538 1.688605 0.159609
v -0.109538 1.688605 0.159609
v -0.109538 1.688605 0.159609
v -0.109538 1.688605 0.159609
v -0.109538 1.688605 0.159609
v -0.115568 1.692194 0.154742
v -0.115568 1.692194 0.154742
v -0.115568 1.692194 0.154742
v -0.115568 1.692194 0.154742
v -0.115568 1.692194 0.154742
v -0.115568 1.692194 0.154742
v -0.126660 1.696021 0.145748
v -0.126660 1.696021 0.145748
v -0.126660 1.696021 0.145748
v -0.126660 1.696021 0.145748
v -0.126660 1.696021 0.145748
v -0.131690 1.702221 0.128333
v -0.131690 1.702221 0.128333
v -0.131690 1.702221 0.128333
v -0.131690 1.702221 0.128333
v -0.131690 1.702221 0.128333
v -0.131690 1.702221 0.128333
v -0.104849 1.664970 0.165332
v -0.104849 1.664970 0.165332
v -0.104849 1.664970 0.165332
v -0.100086 1.674409 0.167995
v -0.100086 1.674409 0.167995
v -0.100086 1.674409 0.167995
v -0.100086 1.674409 0.167995
v -0.100086 1.674409 0.167995
v -0.100086 1.674409 0.167995
v -0.103317 1.680721 0.162219
v -0.103317 1.680721 0.162219
v -0.103317 1.680721 0.162219
v -0.103317 1.680721 0.162219
v -0.103317 1.680721 0.162219
v -0.095083 1.697206 0.167662
v -0.095083 1.697206 0.167662
v -0.095083 1.697206 0.167662
v -0.095083 1.697206 0.167662
v -0.095083 1.697206 0.167662
v -0.101769 1.701105 0.162868
v -0.101769 1.701105 0.162868
v -0.101769 1.701105 0.162868
v -0.101769 1.701105 0.162868
v -0.101769 1.701105 0.162868
v -0.101769 1.701105 0.162868
v -0.113817 1.705109 0.155823
v -0.113817 1.705109 0.155823
v -0.113817 1.705109 0.155823
v -0.113817 1.705109 0.155823
v -0.113817 1.705109 0.155823
v -0.125838 1.709858 0.146408
v -0.125838 1.709858 0.146408
v -0.125838 1.709858 0.146408
v -0.125838 1.709858 0.146408
v -0.125838 1.709858 0.146408
v -0.125838 1.709858 0.146408
v -0.125838 1.709858 0.146408
v -0.099100 1.665978 0.171935
v -0.099100 1.665978 0.171935
v -0.099100 1.665978 0.171935
v -0.087478 1.672484 0.179367
v -0.087478 1.672484 0.179367
v -0.087478 1.672484 0.179367
v -0.087478 1.672484 0.179367
v -0.087478 1.672484 0.179367
v -0.087478 1.672484 0.179367
v -0.087478 1.672484 0.179367
v -0.096848 1.688961 0.167588
v -0.096848 1.688961 0.167588
v -0.096848 1.688961 0.167588
v -0.096848 1.688961 0.167588
v -0.096848 1.688961 0.167588
v -0.096848 1.688961 0.167588
v -0.096848 1.688961 0.167588
v -0.091928 1.666487 0.178341
v -0.091928 1.666487 0.178341
v -0.086531 1.663700 0.178699
v -0.086531 1.663700 0.178699
v -0.086531 1.663700 0.178699
v -0.080370 1.671168 0.180253
v -0.080370 1.671168 0.180253
v -0.080370 1.671168 0.180253
v -0.080370 1.671168 0.180253
v -0.080370 1.671168 0.180253
v -0.080370 1.671168 0.180253
v -0.080370 1.671168 0.180253
v -0.080370 1.671168 0.180253
v -0.080370 1.671168 0.180253
v -0.086277 1.679563 0.181988
v -0.086277 1.679563 0.181988
v -0.086277 1.679563 0.181988
v -0.086277 1.679563 0.181988
v -0.086277 1.679563 0.181988
v -0.086277 1.679563 0.181988
v -0.087420 1.681994 0.192624
v -0.087420 1.681994 0.192624
v -0.087420 1.681994 0.192624
v -0.087420 1.681994 0.192624
v -0.087420 1.681994 0.192624
v -0.087420 1.681994 0.192624
v -0.095430 1.690197 0.186426
v -0.095430 1.690197 0.186426
v -0.095430 1.690197 0.186426
v -0.095430 1.690197 0.186426
v -0.095430 1.690197 0.186426
v -0.095083 1.697206 0.167662
v -0.095083 1.697206 0.167662
v -0.095083 1.697206 0.167662
v -0.093484 1.697955 0.182875
v -0.093484 1.697955 0.182875
v -0.093484 1.697955 0.182875
v -0.093484 1.697955 0.182875
v -0.093484 1.697955 0.182875
v -0.089673 1.703401 0.170218
v -0.089673 1.703401 0.170218
v -0.089673 1.703401 0.170218
v -0.089673 1.703401 0.170218
v -0.089673 1.703401 0.170218
v -0.089673 1.703401 0.170218
v -0.089673 1.703401 0.170218
v -0.084016 1.663236 0.179041
v -0.084016 1.663236 0.179041
v -0.077991 1.663907 0.180076
v -0.077991 1.663907 0.180076
v -0.070082 1.660717 0.176024
v -0.070082 1.660717 0.176024
v -0.070082 1.660717 0.176024
v -0.065130 1.668158 0.172723
v -0.065130 1.668158 0.172723
v -0.065130 1.668158 0.172723
v -0.065130 1.668158 0.172723
v -0.065130 1.668158 0.172723
v -0.065130 1.668158 0.172723
v -0.063263 1.682879 0.171934
v -0.063263 1.682879 0.171934
v -0.063263 1.682879 0.171934
v -0.063263 1.682879 0.171934
v -0.063263 1.682879 0.171934
v -0.063263 1.682879 0.171934
v -0.063263 1.682879 0.171934
v -0.079750 1.678358 0.182875
v -0.079750 1.678358 0.182875
v -0.079750 1.678358 0.182875
v -0.079750 1.678358 0.182875
v -0.080610 1.680736 0.193550
v -0.080610 1.680736 0.193550
v -0.080610 1.680736 0.193550
v -0.080610 1.680736 0.193550
v -0.080610 1.680736 0.193550
v -0.080610 1.680736 0.193550
v -0.063517 1.657491 0.171020
v -0.063517 1.657491 0.171020
v -0.063517 1.657491 0.171020
v -0.056469 1.663137 0.166118
v -0.056469 1.663137 0.166118
v -0.056469 1.663137 0.166118
v -0.056469 1.663137 0.166118
v -0.056469 1.663137 0.166118
v -0.056469 1.663137 0.166118
v -0.058877 1.672506 0.168103
v -0.058877 1.672506 0.168103
v -0.058877 1.672506 0.168103
v -0.058877 1.672506 0.168103
v -0.058877 1.672506 0.168103
v -0.061875 1.691073 0.172049
v -0.061875 1.691073 0.172049
v -0.061875 1.691073 0.172049
v -0.061875 1.691073 0.172049
v -0.061875 1.691073 0.172049
v -0.054560 1.675210 0.167561
v -0.054560 1.675210 0.167561
v -0.054560 1.675210 0.167561
v -0.054560 1.675210 0.167561
v -0.054560 1.675210 0.167561
v -0.065228 1.698966 0.173438
v -0.065228 1.698966 0.173438
v -0.065228 1.698966 0.173438
v -0.065228 1.698966 0.173438
v -0.065228 1.698966 0.173438
v -0.065228 1.698966 0.173438
v -0.065228 1.698966 0.173438
v -0.068948 1.685308 0.189878
v -0.068948 1.685308 0.189878
v -0.068948 1.685308 0.189878
v -0.068948 1.685308 0.189878
v -0.068948 1.685308 0.189878
v -0.078236 1.685434 0.202290
v -0.078236 1.685434 0.202290
v -0.078236 1.685434 0.202290
v -0.078236 1.685434 0.202290
v -0.078236 1.685434 0.202290
v -0.078236 1.685434 0.202290
v -0.090161 1.687742 0.200747
v -0.090161 1.687742 0.200747
v -0.090161 1.687742 0.200747
v -0.090161 1.687742 0.200747
v -0.090161 1.687742 0.200747
v -0.090161 1.687742 0.200747
v -0.061875 1.691073 0.172049
v -0.061875 1.691073 0.172049
v -0.061875 1.691073 0.172049
v -0.066979 1.693051 0.186344
v -0.066979 1.693051 0.186344
v -0.066979 1.693051 0.186344
v -0.066979 1.693051 0.186344
v -0.066979 1.693051 0.186344
v -0.076919 1.695387 0.201426
v -0.076919 1.695387 0.201426
v -0.076919 1.695387 0.201426
v -0.076919 1.695387 0.201426
v -0.076919 1.695387 0.201426
v -0.076919 1.695387 0.201426
v -0.087626 1.697393 0.200112
v -0.087626 1.697393 0.200112
v -0.087626 1.697393 0.200112
v -0.087626 1.697393 0.200112
v -0.087626 1.697393 0.200112
v -0.087626 1.697393 0.200112
v -0.074536 1.705053 0.197568
v -0.074536 1.705053 0.197568
v -0.074536 1.705053 0.197568
v -0.074536 1.705053 0.197568
v -0.074536 1.705053 0.197568
v -0.085141 1.707009 0.196270
v -0.085141 1.707009 0.196270
v -0.085141 1.707009 0.196270
v -0.085141 1.707009 0.196270
v -0.085141 1.707009 0.196270
v -0.082614 1.715763 0.191141
v -0.082614 1.715763 0.191141
v -0.082614 1.715763 0.191141
v -0.082614 1.715763 0.191141
v -0.082614 1.715763 0.191141
v -0.082614 1.715763 0.191141
v -0.089089 1.718855 0.162334
v -0.089089 1.718855 0.162334
v -0.089089 1.718855 0.162334
v -0.089089 1.718855 0.162334
v -0.089089 1.718855 0.162334
v -0.089089 1.718855 0.162334
v -0.089089 1.718855 0.162334
v -0.089089 1.718855 0.162334
v -0.072402 1.713890 0.192382
v -0.072402 1.713890 0.192382
v -0.072402 1.713890 0.192382
v -0.072402 1.713890 0.192382
v -0.072402 1.713890 0.192382
v -0.072402 1.713890 0.192382
v -0.070152 1.723222 0.186791
v -0.070152 1.723222 0.186791
v -0.070152 1.723222 0.186791
v -0.070152 1.723222 0.186791
v -0.070152 1.723222 0.186791
v -0.070152 1.723222 0.186791
v -0.079882 1.724985 0.185625
v -0.079882 1.724985 0.185625
v -0.079882 1.724985 0.185625
v -0.079882 1.724985 0.185625
v -0.079882 1.724985 0.185625
v -0.079882 1.724985 0.185625
v -0.057868 1.713157 0.166495
v -0.057868 1.713157 0.166495
v -0.057868 1.713157 0.166495
v -0.057868 1.713157 0.166495
v -0.057868 1.713157 0.166495
v -0.057868 1.713157 0.166495
v -0.057868 1.713157 0.166495
v -0.057868 1.713157 0.166495
v -0.058108 1.728289 0.164232
v -0.058108 1.728289 0.164232
v -0.058108 1.728289 0.164232
v -0.058108 1.728289 0.164232
v -0.058108 1.728289 0.164232
v -0.058108 1.728289 0.164232
v -0.058108 1.728289 0.164232
v -0.067645 1.733078 0.181790
v -0.067645 1.733078 0.181790
v -0.067645 1.733078 0.181790
v -0.067645 1.733078 0.181790
v -0.067645 1.733078 0.181790
v -0.067645 1.733078 0.181790
v -0.077570 1.734994 0.180546
v -0.077570 1.734994 0.180546
v -0.077570 1.734994 0.180546
v -0.077570 1.734994 0.180546
v -0.077570 1.734994 0.180546
v -0.077570 1.734994 0.180546
v -0.082939 1.732786 0.160827
v -0.082939 1.732786 0.160827
v -0.082939 1.732786 0.160827
v -0.082939 1.732786 0.160827
v -0.082939 1.732786 0.160827
v -0.082939 1.732786 0.160827
v -0.082939 1.732786 0.160827
v -0.036396 1.708736 0.164389
v -0.036396 1.708736 0.164389
v -0.036396 1.708736 0.164389
v -0.036396 1.708736 0.164389
v -0.036396 1.708736 0.164389
v -0.036396 1.708736 0.164389
v -0.051571 1.720490 0.163519
v -0.051571 1.720490 0.163519
v -0.051571 1.720490 0.163519
v -0.051571 1.720490 0.163519
v -0.051571 1.720490 0.163519
v -0.051571 1.720490 0.163519
v -0.050535 1.727380 0.159458
v -0.050535 1.727380 0.159458
v -0.050535 1.727380 0.159458
v -0.050535 1.727380 0.159458
v -0.050535 1.727380 0.159458
v -0.046665 1.738189 0.167128
v -0.046665 1.738189 0.167128
v -0.046665 1.738189 0.167128
v -0.046665 1.738189 0.167128
v -0.046665 1.738189 0.167128
v -0.046665 1.738189 0.167128
v -0.046665 1.738189 0.167128
v -0.056583 1.741274 0.180489
v -0.056583 1.741274 0.180489
v -0.056583 1.741274 0.180489
v -0.056583 1.741274 0.180489
v -0.056583 1.741274 0.180489
v -0.056583 1.741274 0.180489
v -0.066493 1.742350 0.180893
v -0.066493 1.742350 0.180893
v -0.066493 1.742350 0.180893
v -0.066493 1.742350 0.180893
v -0.066493 1.742350 0.180893
v -0.066493 1.742350 0.180893
v -0.021934 1.706847 0.158972
v -0.021934 1.706847 0.158972
v -0.021934 1.706847 0.158972
v -0.021934 1.706847 0.158972
v -0.021934 1.706847 0.158972
v -0.021934 1.706847 0.158972
v -0.034879 1.715518 0.163061
v -0.034879 1.715518 0.163061
v -0.034879 1.715518 0.163061
v -0.034879 1.715518 0.163061
v -0.034879 1.715518 0.163061
v -0.034879 1.715518 0.163061
v -0.034879 1.715518 0.163061
v -0.034879 1.715518 0.163061
v -0.046531 1.721984 0.161649
v -0.046531 1.721984 0.161649
v -0.046531 1.721984 0.161649
v -0.046531 1.721984 0.161649
v -0.046531 1.721984 0.161649
v -0.042420 1.724559 0.162737
v -0.042420 1.724559 0.162737
v -0.042420 1.724559 0.162737
v -0.039336 1.719859 0.162172
v -0.039336 1.719859 0.162172
v -0.039336 1.719859 0.162172
v -0.039336 1.719859 0.162172
v -0.039336 1.719859 0.162172
v -0.028142 1.722331 0.163502
v -0.028142 1.722331 0.163502
v -0.028142 1.722331 0.163502
v -0.028142 1.722331 0.163502
v -0.010991 1.708648 0.146176
v -0.010991 1.708648 0.146176
v -0.010991 1.708648 0.146176
v -0.010991 1.708648 0.146176
v -0.010991 1.708648 0.146176
v -0.010991 1.708648 0.146176
v -0.010991 1.708648 0.146176
v -0.021102 1.713277 0.158460
v -0.021102 1.713277 0.158460
v -0.021102 1.713277 0.158460
v -0.021102 1.713277 0.158460
v -0.020153 1.718322 0.158072
v -0.020153 1.718322 0.158072
v -0.020153 1.718322 0.158072
v -0.020153 1.718322 0.158072
v -0.020153 1.718322 0.158072
v -0.020153 1.718322 0.158072
v -0.020153 1.718322 0.158072
v -0.030557 1.718181 0.162858
v -0.030557 1.718181 0.162858
v -0.030557 1.718181 0.162858
v -0.030557 1.718181 0.162858
v -0.000805 1.715485 0.131121
v -0.000805 1.715485 0.131121
v -0.000805 1.715485 0.131121
v -0.000805 1.715485 0.131121
v -0.000805 1.715485 0.131121
v -0.007259 1.724006 0.148262
v -0.007259 1.724006 0.148262
v -0.007259 1.724006 0.148262
v -0.007259 1.724006 0.148262
v -0.007259 1.724006 0.148262
v -0.007259 1.724006 0.148262
v -0.007259 1.724006 0.148262
v 0.006861 1.725350 0.113695
v 0.006861 1.725350 0.113695
v 0.006861 1.725350 0.113695
v 0.006861 1.725350 0.113695
v -0.001288 1.731582 0.145247
v -0.001288 1.731582 0.145247
v -0.001288 1.731582 0.145247
v -0.001288 1.731582 0.145247
v -0.001288 1.731582 0.145247
v -0.001288 1.731582 0.145247
v -0.007452 1.733009 0.160238
v -0.007452 1.733009 0.160238
v -0.007452 1.733009 0.160238
v -0.007452 1.733009 0.160238
v -0.007452 1.733009 0.160238
v -0.007452 1.733009 0.160238
v -0.017831 1.723776 0.159720
v -0.017831 1.723776 0.159720
v -0.017831 1.723776 0.159720
v -0.017831 1.723776 0.159720
v -0.017831 1.723776 0.159720
v 0.006672 1.752380 0.127425
v 0.006672 1.752380 0.127425
v 0.006672 1.752380 0.127425
v 0.006672 1.752380 0.127425
v -0.000004 1.738854 0.145862
v -0.000004 1.738854 0.145862
v -0.000004 1.738854 0.145862
v -0.000004 1.738854 0.145862
v -0.006243 1.739802 0.160548
v -0.006243 1.739802 0.160548
v -0.006243 1.739802 0.160548
v -0.006243 1.739802 0.160548
v -0.006243 1.739802 0.160548
v -0.006243 1.739802 0.160548
v -0.006243 1.739802 0.160548
v -0.017388 1.739056 0.173083
v -0.017388 1.739056 0.173083
v -0.017388 1.739056 0.173083
v -0.017388 1.739056 0.173083
v -0.017388 1.739056 0.173083
v -0.017388 1.739056 0.173083
v -0.021377 1.733264 0.166513
v -0.021377 1.733264 0.166513
v -0.021377 1.733264 0.166513
v -0.021377 1.733264 0.166513
v -0.021377 1.733264 0.166513
v -0.021377 1.733264 0.166513
v -0.022531 1.730111 0.164444
v -0.022531 1.730111 0.164444
v -0.034254 1.735082 0.167198
v -0.034254 1.735082 0.167198
v -0.034254 1.735082 0.167198
v -0.034254 1.735082 0.167198
v 0.000863 1.756349 0.149080
v 0.000863 1.756349 0.149080
v 0.000863 1.756349 0.149080
v 0.000863 1.756349 0.149080
v 0.000863 1.756349 0.149080
v -0.013865 1.764147 0.173085
v -0.013865 1.764147 0.173085
v -0.013865 1.764147 0.173085
v -0.013865 1.764147 0.173085
v -0.013865 1.764147 0.173085
v -0.013865 1.764147 0.173085
v -0.016044 1.745918 0.174765
v -0.016044 1.745918 0.174765
v -0.016044 1.745918 0.174765
v -0.016044 1.745918 0.174765
v -0.016044 1.745918 0.174765
v -0.016044 1.745918 0.174765
v -0.037808 1.741518 0.181611
v -0.037808 1.741518 0.181611
v -0.037808 1.741518 0.181611
v -0.037808 1.741518 0.181611
v -0.037808 1.741518 0.181611
v -0.037808 1.741518 0.181611
v -0.037808 1.741518 0.181611
v -0.034254 1.738169 0.171130
v -0.034254 1.738169 0.171130
v -0.034254 1.738169 0.171130
v -0.034254 1.738169 0.171130
v -0.034254 1.738169 0.171130
v -0.042455 1.734647 0.164621
v -0.042455 1.734647 0.164621
v 0.006008 1.776741 0.145467
v 0.006008 1.776741 0.145467
v 0.006008 1.776741 0.145467
v 0.006008 1.776741 0.145467
v -0.012108 1.782487 0.170847
v -0.012108 1.782487 0.170847
v -0.012108 1.782487 0.170847
v -0.012108 1.782487 0.170847
v -0.012108 1.782487 0.170847
v -0.012108 1.782487 0.170847
v -0.037851 1.768292 0.183383
v -0.037851 1.768292 0.183383
v -0.037851 1.768292 0.183383
v -0.037851 1.768292 0.183383
v -0.037851 1.768292 0.183383
v -0.037851 1.768292 0.183383
v -0.037851 1.768292 0.183383
v -0.038022 1.749067 0.184570
v -0.038022 1.749067 0.184570
v -0.038022 1.749067 0.184570
v -0.038022 1.749067 0.184570
v -0.055250 1.750790 0.185496
v -0.055250 1.750790 0.185496
v -0.055250 1.750790 0.185496
v -0.055250 1.750790 0.185496
v -0.055250 1.750790 0.185496
v -0.055250 1.750790 0.185496
v -0.055250 1.750790 0.185496
v 0.004114 1.806836 0.150633
v 0.004114 1.806836 0.150633
v -0.009814 1.811860 0.166158
v -0.009814 1.811860 0.166158
v -0.009814 1.811860 0.166158
v -0.037087 1.786652 0.180785
v -0.037087 1.786652 0.180785
v -0.037087 1.786652 0.180785
v -0.037087 1.786652 0.180785
v -0.037087 1.786652 0.180785
v -0.037087 1.786652 0.180785
v -0.037087 1.786652 0.180785
v -0.058692 1.771233 0.184156
v -0.058692 1.771233 0.184156
v -0.058692 1.771233 0.184156
v -0.058692 1.771233 0.184156
v -0.058692 1.771233 0.184156
v -0.058692 1.771233 0.184156
v -0.058692 1.771233 0.184156
v -0.036447 1.814612 0.175369
v -0.036447 1.814612 0.175369
v -0.056940 1.815198 0.177335
v -0.056940 1.815198 0.177335
v -0.056940 1.815198 0.177335
v -0.056940 1.815198 0.177335
v -0.061784 1.790960 0.180888
v -0.061784 1.790960 0.180888
v -0.061784 1.790960 0.180888
v -0.061784 1.790960 0.180888
v -0.061784 1.790960 0.180888
v -0.072443 1.773785 0.182384
v -0.072443 1.773785 0.182384
v -0.072443 1.773785 0.182384
v -0.072443 1.773785 0.182384
v -0.072443 1.773785 0.182384
v -0.072443 1.773785 0.182384
v -0.074016 1.755264 0.183182
v -0.074016 1.755264 0.183182
v -0.074016 1.755264 0.183182
v -0.074016 1.755264 0.183182
v -0.074016 1.755264 0.183182
v -0.064276 1.753465 0.184506
v -0.064276 1.753465 0.184506
v -0.064276 1.753465 0.184506
v -0.064276 1.753465 0.184506
v -0.064276 1.753465 0.184506
v -0.085493 1.795696 0.174301
v -0.085493 1.795696 0.174301
v -0.085493 1.795696 0.174301
v -0.085493 1.795696 0.174301
v -0.085493 1.795696 0.174301
v -0.085493 1.795696 0.174301
v -0.085493 1.795696 0.174301
v -0.092158 1.778343 0.176107
v -0.092158 1.778343 0.176107
v -0.092158 1.778343 0.176107
v -0.092158 1.778343 0.176107
v -0.092158 1.778343 0.176107
v -0.092158 1.778343 0.176107
v -0.092158 1.778343 0.176107
v -0.083176 1.755868 0.181795
v -0.083176 1.755868 0.181795
v -0.083176 1.755868 0.181795
v -0.083176 1.755868 0.181795
v -0.083176 1.755868 0.181795
v -0.083176 1.755868 0.181795
v -0.083176 1.755868 0.181795
v -0.075050 1.743896 0.179777
v -0.075050 1.743896 0.179777
v -0.075050 1.743896 0.179777
v -0.075050 1.743896 0.179777
v -0.075050 1.743896 0.179777
v -0.075050 1.743896 0.179777
v -0.084087 1.746214 0.176845
v -0.084087 1.746214 0.176845
v -0.084087 1.746214 0.176845
v -0.084087 1.746214 0.176845
v -0.084087 1.746214 0.176845
v -0.084087 1.746214 0.176845
v -0.075164 1.821742 0.170108
v -0.075164 1.821742 0.170108
v -0.097803 1.828050 0.154199
v -0.097803 1.828050 0.154199
v -0.097803 1.828050 0.154199
v -0.106983 1.799867 0.158079
v -0.106983 1.799867 0.158079
v -0.106983 1.799867 0.158079
v -0.106983 1.799867 0.158079
v -0.106983 1.799867 0.158079
v -0.106983 1.799867 0.158079
v -0.112494 1.782199 0.159817
v -0.112494 1.782199 0.159817
v -0.112494 1.782199 0.159817
v -0.112494 1.782199 0.159817
v -0.112494 1.782199 0.159817
v -0.112494 1.782199 0.159817
v -0.117440 1.764470 0.161132
v -0.117440 1.764470 0.161132
v -0.117440 1.764470 0.161132
v -0.117440 1.764470 0.161132
v -0.117440 1.764470 0.161132
v -0.117440 1.764470 0.161132
v -0.099288 1.760322 0.176355
v -0.099288 1.760322 0.176355
v -0.099288 1.760322 0.176355
v -0.099288 1.760322 0.176355
v -0.108123 1.827506 0.135377
v -0.108123 1.827506 0.135377
v -0.119074 1.799773 0.128464
v -0.119074 1.799773 0.128464
v -0.119074 1.799773 0.128464
v -0.119074 1.799773 0.128464
v -0.122422 1.779036 0.132345
v -0.122422 1.779036 0.132345
v -0.122422 1.779036 0.132345
v -0.122422 1.779036 0.132345
v -0.122422 1.779036 0.132345
v -0.124881 1.761619 0.144467
v -0.124881 1.761619 0.144467
v -0.124881 1.761619 0.144467
v -0.124881 1.761619 0.144467
v -0.124881 1.761619 0.144467
v -0.124881 1.761619 0.144467
v -0.118257 1.757490 0.159528
v -0.118257 1.757490 0.159528
v -0.118257 1.757490 0.159528
v -0.118257 1.757490 0.159528
v -0.118257 1.757490 0.159528
v -0.118257 1.757490 0.159528
v -0.101530 1.753175 0.173068
v -0.101530 1.753175 0.173068
v -0.101530 1.753175 0.173068
v -0.101530 1.753175 0.173068
v -0.101530 1.753175 0.173068
v -0.101530 1.753175 0.173068
v -0.101530 1.753175 0.173068
v -0.123597 1.776370 0.109719
v -0.123597 1.776370 0.109719
v -0.123597 1.776370 0.109719
v -0.123597 1.776370 0.109719
v -0.126970 1.762211 0.128626
v -0.126970 1.762211 0.128626
v -0.126970 1.762211 0.128626
v -0.126970 1.762211 0.128626
v -0.126970 1.762211 0.128626
v -0.126141 1.754834 0.144166
v -0.126141 1.754834 0.144166
v -0.126141 1.754834 0.144166
v -0.126141 1.754834 0.144166
v -0.126141 1.754834 0.144166
v -0.126141 1.754834 0.144166
v -0.126141 1.754834 0.144166
v -0.114678 1.750647 0.153865
v -0.114678 1.750647 0.153865
v -0.114678 1.750647 0.153865
v -0.114678 1.750647 0.153865
v -0.114678 1.750647 0.153865
v -0.114678 1.750647 0.153865
v -0.102499 1.750893 0.161896
v -0.102499 1.750893 0.161896
v -0.102499 1.750893 0.161896
v -0.102499 1.750893 0.161896
v -0.102499 1.750893 0.161896
v -0.090057 1.746276 0.161226
v -0.090057 1.746276 0.161226
v -0.090057 1.746276 0.161226
v -0.090057 1.746276 0.161226
v -0.090057 1.746276 0.161226
v -0.090057 1.746276 0.161226
v -0.090057 1.746276 0.161226
v -0.128248 1.754968 0.128023
v -0.128248 1.754968 0.128023
v -0.128248 1.754968 0.128023
v -0.128248 1.754968 0.128023
v -0.128248 1.754968 0.128023
v -0.126122 1.745835 0.132139
v -0.126122 1.745835 0.132139
v -0.126122 1.745835 0.132139
v -0.126122 1.745835 0.132139
v -0.126122 1.745835 0.132139
v -0.126122 1.745835 0.132139
v -0.126122 1.745835 0.132139
v -0.119246 1.742425 0.145946
v -0.119246 1.742425 0.145946
v -0.119246 1.742425 0.145946
v -0.119246 1.742425 0.145946
v -0.119246 1.742425 0.145946
v -0.114210 1.747133 0.152008
v -0.114210 1.747133 0.152008
v -0.102509 1.747858 0.157967
v -0.102509 1.747858 0.157967
v -0.102509 1.747858 0.157967
v -0.102509 1.747858 0.157967
v -0.129741 1.750559 0.095136
v -0.129741 1.750559 0.095136
v -0.129741 1.750559 0.095136
v -0.129741 1.750559 0.095136
v -0.130642 1.739408 0.113564
v -0.130642 1.739408 0.113564
v -0.130642 1.739408 0.113564
v -0.130642 1.739408 0.113564
v -0.130642 1.739408 0.113564
v -0.127702 1.730138 0.130377
v -0.127702 1.730138 0.130377
v -0.127702 1.730138 0.130377
v -0.127702 1.730138 0.130377
v -0.127702 1.730138 0.130377
v -0.127702 1.730138 0.130377
v -0.127702 1.730138 0.130377
v -0.119250 1.736718 0.144596
v -0.119250 1.736718 0.144596
v -0.119250 1.736718 0.144596
v -0.119250 1.736718 0.144596
v -0.119250 1.736718 0.144596
v -0.119250 1.736718 0.144596
v -0.119250 1.736718 0.144596
v -0.111561 1.737679 0.152145
v -0.111561 1.737679 0.152145
v -0.111561 1.737679 0.152145
v -0.110841 1.733123 0.151925
v -0.110841 1.733123 0.151925
v -0.110841 1.733123 0.151925
v -0.110841 1.733123 0.151925
v -0.110841 1.733123 0.151925
v -0.097841 1.734759 0.155158
v -0.097841 1.734759 0.155158
v -0.097841 1.734759 0.155158
v -0.097841 1.734759 0.155158
v -0.127931 1.751760 0.073407
v -0.127931 1.751760 0.073407
v -0.127931 1.751760 0.073407
v -0.127931 1.751760 0.073407
v -0.127931 1.751760 0.073407
v -0.127931 1.751760 0.073407
v -0.127931 1.751760 0.073407
v -0.127931 1.751760 0.073407
v -0.132586 1.729866 0.102061
v -0.132586 1.729866 0.102061
v -0.132586 1.729866 0.102061
v -0.132586 1.729866 0.102061
v -0.132586 1.729866 0.102061
v -0.132586 1.729866 0.102061
v -0.130821 1.716462 0.128244
v -0.130821 1.716462 0.128244
v -0.130821 1.716462 0.128244
v -0.130821 1.716462 0.128244
v -0.130821 1.716462 0.128244
v -0.130821 1.716462 0.128244
v -0.121872 1.725155 0.145475
v -0.121872 1.725155 0.145475
v -0.121872 1.725155 0.145475
v -0.121872 1.725155 0.145475
v -0.121872 1.725155 0.145475
v -0.121872 1.725155 0.145475
v -0.120376 1.731461 0.145072
v -0.120376 1.731461 0.145072
v -0.120376 1.731461 0.145072
v -0.120376 1.731461 0.145072
v -0.108363 1.728980 0.153048
v -0.108363 1.728980 0.153048
v -0.108363 1.728980 0.153048
v -0.108363 1.728980 0.153048
v -0.108363 1.728980 0.153048
v -0.108363 1.728980 0.153048
v -0.108363 1.728980 0.153048
v -0.108363 1.728980 0.153048
v -0.102167 1.731579 0.153607
v -0.102167 1.731579 0.153607
v -0.102167 1.731579 0.153607
v -0.102167 1.731579 0.153607
v -0.109465 1.722131 0.154566
v -0.109465 1.722131 0.154566
v -0.109465 1.722131 0.154566
v -0.109465 1.722131 0.154566
v -0.109465 1.722131 0.154566
v -0.109465 1.722131 0.154566
v -0.129767 1.762741 0.052690
v -0.129767 1.762741 0.052690
v -0.129767 1.762741 0.052690
v -0.129767 1.762741 0.052690
v -0.129767 1.762741 0.052690
v -0.129905 1.760333 0.045474
v -0.129905 1.760333 0.045474
v -0.129905 1.760333 0.045474
v -0.129905 1.760333 0.045474
v -0.129905 1.760333 0.045474
v -0.133064 1.740145 0.039623
v -0.133064 1.740145 0.039623
v -0.133064 1.740145 0.039623
v -0.133064 1.740145 0.039623
v -0.133064 1.740145 0.039623
v -0.132279 1.763050 0.060714
v -0.132279 1.763050 0.060714
v -0.132279 1.763050 0.060714
v -0.132279 1.763050 0.060714
v -0.132523 1.764193 0.052012
v -0.132523 1.764193 0.052012
v -0.132523 1.764193 0.052012
v -0.132523 1.764193 0.052012
v -0.132523 1.764193 0.052012
v -0.132523 1.764193 0.052012
v -0.132757 1.762120 0.044302
v -0.132757 1.762120 0.044302
v -0.132757 1.762120 0.044302
v -0.132757 1.762120 0.044302
v -0.132757 1.762120 0.044302
v -0.132757 1.762120 0.044302
v -0.135638 1.741639 0.037886
v -0.135638 1.741639 0.037886
v -0.135638 1.741639 0.037886
v -0.135638 1.741639 0.037886
v -0.135638 1.741639 0.037886
v -0.136912 1.743923 0.032713
v -0.136912 1.743923 0.032713
v -0.136912 1.743923 0.032713
v -0.136912 1.743923 0.032713
v -0.136912 1.743923 0.032713
v -0.136912 1.743923 0.032713
v -0.138092 1.714158 0.038961
v -0.138092 1.714158 0.038961
v -0.138092 1.714158 0.038961
v -0.138092 1.714158 0.038961
v -0.138092 1.714158 0.038961
v -0.132553 1.769537 0.060919
v -0.132553 1.769537 0.060919
v -0.132553 1.769537 0.060919
v -0.132553 1.769537 0.060919
v -0.132553 1.769537 0.060919
v -0.133473 1.769823 0.050440
v -0.133473 1.769823 0.050440
v -0.133473 1.769823 0.050440
v -0.133473 1.769823 0.050440
v -0.133473 1.769823 0.050440
v -0.133473 1.769823 0.050440
v -0.133846 1.767266 0.041098
v -0.133846 1.767266 0.041098
v -0.133846 1.767266 0.041098
v -0.133846 1.767266 0.041098
v -0.133846 1.767266 0.041098
v -0.133846 1.767266 0.041098
v -0.126940 1.768034 0.039992
v -0.126940 1.768034 0.039992
v -0.126940 1.768034 0.039992
v -0.126940 1.768034 0.039992
v -0.126940 1.768034 0.039992
v -0.126940 1.768034 0.039992
v -0.126940 1.768034 0.039992
v -0.129540 1.742713 0.031524
v -0.129540 1.742713 0.031524
v -0.129540 1.742713 0.031524
v -0.129540 1.742713 0.031524
v -0.129540 1.742713 0.031524
v -0.129540 1.742713 0.031524
v -0.130744 1.711661 0.038004
v -0.130744 1.711661 0.038004
v -0.130744 1.711661 0.038004
v -0.130744 1.711661 0.038004
v -0.130744 1.711661 0.038004
v -0.130744 1.711661 0.038004
v -0.128305 1.771094 0.061165
v -0.128305 1.771094 0.061165
v -0.128305 1.771094 0.061165
v -0.128305 1.771094 0.061165
v -0.128305 1.771094 0.061165
v -0.128305 1.771094 0.061165
v -0.127213 1.770911 0.049510
v -0.127213 1.770911 0.049510
v -0.127213 1.770911 0.049510
v -0.127213 1.770911 0.049510
v -0.124966 1.771808 0.060963
v -0.124966 1.771808 0.060963
v -0.124966 1.771808 0.060963
v -0.123505 1.768273 0.039447
v -0.123505 1.768273 0.039447
v -0.123505 1.768273 0.039447
v -0.123965 1.741744 0.030898
v -0.123965 1.741744 0.030898
v -0.123965 1.741744 0.030898
v -0.091373 1.727657 0.158120
v -0.091373 1.727657 0.158120
v -0.091373 1.727657 0.158120
v -0.091373 1.727657 0.158120
v -0.091373 1.727657 0.158120
v -0.091373 1.727657 0.158120
v -0.094860 1.730860 0.155074
v -0.094860 1.730860 0.155074
v -0.094860 1.730860 0.155074
v -0.094860 1.730860 0.155074
v -0.094860 1.730860 0.155074
v -0.088681 1.734387 0.154365
v -0.088681 1.734387 0.154365
v -0.088681 1.734387 0.154365
v -0.088681 1.734387 0.154365
v -0.088681 1.734387 0.154365
v -0.094799 1.744416 0.157519
v -0.094799 1.744416 0.157519
v -0.115434 1.621734 0.119586
v -0.115434 1.621734 0.119586
v -0.115434 1.621734 0.119586
v -0.115434 1.621734 0.119586
v -0.115434 1.621734 0.119586
v -0.115434 1.621734 0.119586
v -0.112351 1.617269 0.135121
v -0.112351 1.617269 0.135121
v -0.112351 1.617269 0.135121
v -0.112351 1.617269 0.135121
v -0.112351 1.617269 0.135121
v -0.100636 1.610949 0.124586
v -0.100636 1.610949 0.124586
v -0.100636 1.610949 0.124586
v -0.100636 1.610949 0.124586
v -0.100636 1.610949 0.124586
v -0.100636 1.610949 0.124586
v -0.100636 1.610949 0.124586
v -0.055377 1.652463 0.165174
v -0.055377 1.652463 0.165174
v -0.066469 1.655835 0.167733
v -0.066469 1.655835 0.167733
v -0.066469 1.655835 0.167733
v -0.065245 1.652827 0.169111
v -0.065245 1.652827 0.169111
v -0.065245 1.652827 0.169111
v -0.065245 1.652827 0.169111
v -0.065245 1.652827 0.169111
v -0.072431 1.653039 0.172116
v -0.072431 1.653039 0.172116
v -0.072431 1.653039 0.172116
v -0.072431 1.653039 0.172116
v -0.072431 1.653039 0.172116
v -0.072431 1.653039 0.172116
v -0.071742 1.648342 0.171066
v -0.071742 1.648342 0.171066
v -0.071742 1.648342 0.171066
v -0.065024 1.649834 0.168179
v -0.065024 1.649834 0.168179
v -0.073682 1.657906 0.169891
v -0.073682 1.657906 0.169891
v -0.073682 1.657906 0.169891
v -0.081023 1.653805 0.174112
v -0.081023 1.653805 0.174112
v -0.081023 1.653805 0.174112
v -0.081023 1.653805 0.174112
v -0.081023 1.653805 0.174112
v -0.081023 1.653805 0.174112
v -0.080674 1.646837 0.174106
v -0.080674 1.646837 0.174106
v -0.080674 1.646837 0.174106
v -0.081671 1.659321 0.171466
v -0.081671 1.659321 0.171466
v -0.088020 1.660493 0.170603
v -0.088020 1.660493 0.170603
v -0.091121 1.655617 0.172747
v -0.091121 1.655617 0.172747
v -0.091121 1.655617 0.172747
v -0.091121 1.655617 0.172747
v -0.091121 1.655617 0.172747
v -0.093571 1.649165 0.172361
v -0.093571 1.649165 0.172361
v -0.093571 1.649165 0.172361
v -0.093571 1.649165 0.172361
v -0.095254 1.661859 0.166961
v -0.095254 1.661859 0.166961
v -0.095254 1.661859 0.166961
v -0.095254 1.661859 0.166961
v -0.098656 1.657828 0.168677
v -0.098656 1.657828 0.168677
v -0.098656 1.657828 0.168677
v -0.098656 1.657828 0.168677
v -0.098656 1.657828 0.168677
v -0.098656 1.657828 0.168677
v -0.100453 1.653430 0.167336
v -0.100453 1.653430 0.167336
v -0.105286 1.656995 0.162890
v -0.105286 1.656995 0.162890
v -0.105286 1.656995 0.162890
v -0.104405 1.659834 0.163940
v -0.104405 1.659834 0.163940
v -0.104405 1.659834 0.163940
v -0.104405 1.659834 0.163940
v -0.104405 1.659834 0.163940
v -0.112331 1.662796 0.157565
v -0.112331 1.662796 0.157565
v -0.101890 1.662273 0.162973
v -0.101890 1.662273 0.162973
v -0.031319 1.727899 0.165157
v -0.031319 1.727899 0.165157
v -0.031319 1.727899 0.165157
v -0.031319 1.727899 0.165157
v -0.031319 1.727899 0.165157
v -0.031319 1.727899 0.165157
v -0.028142 1.722331 0.163502
v -0.028142 1.722331 0.163502
v -0.017831 1.723776 0.159720
v -0.017831 1.723776 0.159720
v -0.042420 1.724559 0.162737
v -0.042420 1.724559 0.162737
v -0.042420 1.724559 0.162737
v -0.038720 1.729141 0.165571
v -0.038720 1.729141 0.165571
v -0.038720 1.729141 0.165571
v -0.038720 1.729141 0.165571
v -0.038720 1.729141 0.165571
v -0.050535 1.727380 0.159458
v -0.050535 1.727380 0.159458
v -0.042455 1.734647 0.164621
v -0.042455 1.734647 0.164621
v -0.034254 1.735082 0.167198
v -0.034254 1.735082 0.167198
v -0.034254 1.735082 0.167198
v -0.022531 1.730111 0.164444
v -0.022531 1.730111 0.164444
v -0.097841 1.734759 0.155158
v -0.097841 1.734759 0.155158
v -0.097841 1.734759 0.155158
v -0.107307 1.741935 0.154823
v -0.107307 1.741935 0.154823
v -0.107307 1.741935 0.154823
v -0.107307 1.741935 0.154823
v -0.107307 1.741935 0.154823
v -0.107307 1.741935 0.154823
v -0.111561 1.737679 0.152145
v -0.111561 1.737679 0.152145
v -0.100052 1.740470 0.157229
v -0.100052 1.740470 0.157229
v -0.100052 1.740470 0.157229
v -0.100052 1.740470 0.157229
v -0.100052 1.740470 0.157229
v -0.102509 1.747858 0.157967
v -0.102509 1.747858 0.157967
v -0.102509 1.747858 0.157967
v -0.114210 1.747133 0.152008
v -0.114210 1.747133 0.152008
v -0.119246 1.742425 0.145946
v -0.119246 1.742425 0.145946
v -0.088681 1.734387 0.154365
v -0.088681 1.734387 0.154365
v -0.094799 1.744416 0.157519
v -0.094799 1.744416 0.157519
v -0.066400 1.658335 0.151172
v -0.066400 1.658335 0.151172
v -0.066400 1.658335 0.151172
v -0.066400 1.658335 0.151172
v -0.066400 1.658335 0.151172
v -0.066400 1.658335 0.151172
v -0.066400 1.658335 0.151172
v -0.062819 1.650072 0.135030
v -0.062819 1.650072 0.135030
v -0.067900 1.648430 0.149525
v -0.067900 1.648430 0.149525
v -0.061422 1.659895 0.136740
v -0.061422 1.659895 0.136740
v -0.056655 1.658903 0.138471
v -0.056655 1.658903 0.138471
v -0.062808 1.657233 0.154260
v -0.062808 1.657233 0.154260
v -0.077242 1.658542 0.162357
v -0.077242 1.658542 0.162357
v -0.077242 1.658542 0.162357
v -0.079528 1.649409 0.155993
v -0.079528 1.649409 0.155993
v -0.079528 1.649409 0.155993
v -0.089854 1.651268 0.154611
v -0.089854 1.651268 0.154611
v -0.089854 1.651268 0.154611
v -0.090762 1.661039 0.160519
v -0.090762 1.661039 0.160519
v -0.090762 1.661039 0.160519
v -0.097604 1.664048 0.146949
v -0.097604 1.664048 0.146949
v -0.097604 1.664048 0.146949
v -0.097604 1.664048 0.146949
v -0.097604 1.664048 0.146949
v -0.097604 1.664048 0.146949
v -0.097604 1.664048 0.146949
v -0.102014 1.664384 0.148962
v -0.102014 1.664384 0.148962
v -0.102992 1.667036 0.132285
v -0.102992 1.667036 0.132285
v -0.097888 1.666338 0.131857
v -0.097888 1.666338 0.131857
v -0.099312 1.656212 0.130250
v -0.099312 1.656212 0.130250
v -0.098986 1.653939 0.145388
v -0.098986 1.653939 0.145388
v -0.237428 0.727048 0.134115
v -0.237428 0.727048 0.134115
v -0.237428 0.727048 0.134115
v -0.229545 0.724625 0.137818
v -0.230753 0.731525 0.144168
v -0.230753 0.731525 0.144168
v -0.235165 0.764744 0.136509
v -0.235165 0.764744 0.136509
v -0.235165 0.764744 0.136509
v -0.235165 0.764744 0.136509
v -0.243816 0.759875 0.124349
v -0.243816 0.759875 0.124349
v -0.243816 0.759875 0.124349
v -0.244067 0.792428 0.123147
v -0.244067 0.792428 0.123147
v -0.244067 0.792428 0.123147
v -0.244067 0.792428 0.123147
v -0.244067 0.792428 0.123147
v -0.243821 0.797560 0.109108
v -0.243821 0.797560 0.109108
v -0.243821 0.797560 0.109108
v -0.246698 0.799131 0.122278
v -0.246698 0.799131 0.122278
v -0.246698 0.799131 0.122278
v -0.246698 0.799131 0.122278
v -0.246698 0.799131 0.122278
v -0.243435 0.846030 0.092684
v -0.243435 0.846030 0.092684
v -0.243435 0.846030 0.092684
v -0.243435 0.846030 0.092684
v -0.249944 0.845143 0.108400
v -0.249944 0.845143 0.108400
v -0.249944 0.845143 0.108400
v -0.249944 0.845143 0.108400
v -0.249944 0.845143 0.108400
v -0.249944 0.845143 0.108400
v -0.246591 0.876837 0.097933
v -0.246591 0.876837 0.097933
v -0.246591 0.876837 0.097933
v -0.246591 0.876837 0.097933
v -0.246591 0.876837 0.097933
v -0.246591 0.876837 0.097933
v -0.246591 0.876837 0.097933
v -0.229628 0.872292 0.085640
v -0.229628 0.872292 0.085640
v -0.229628 0.872292 0.085640
v -0.238717 0.802902 0.128266
v -0.238717 0.802902 0.128266
v -0.238717 0.802902 0.128266
v -0.238717 0.802902 0.128266
v -0.238717 0.802902 0.128266
v -0.238717 0.802902 0.128266
v -0.239921 0.805682 0.140750
v -0.239921 0.805682 0.140750
v -0.239921 0.805682 0.140750
v -0.239921 0.805682 0.140750
v -0.239921 0.805682 0.140750
v -0.242016 0.849261 0.131172
v -0.242016 0.849261 0.131172
v -0.242016 0.849261 0.131172
v -0.242016 0.849261 0.131172
v -0.242016 0.849261 0.131172
v -0.242016 0.849261 0.131172
v -0.239181 0.887171 0.125175
v -0.239181 0.887171 0.125175
v -0.239181 0.887171 0.125175
v -0.239181 0.887171 0.125175
v -0.239181 0.887171 0.125175
v -0.239181 0.887171 0.125175
v -0.239181 0.887171 0.125175
v -0.240614 0.899038 0.120910
v -0.240614 0.899038 0.120910
v -0.240614 0.899038 0.120910
v -0.240614 0.899038 0.120910
v -0.240614 0.899038 0.120910
v -0.240614 0.899038 0.120910
v -0.240614 0.899038 0.120910
v -0.249860 0.889043 0.093839
v -0.249860 0.889043 0.093839
v -0.249860 0.889043 0.093839
v -0.249860 0.889043 0.093839
v -0.249860 0.889043 0.093839
v -0.249860 0.889043 0.093839
v -0.229920 0.887182 0.082136
v -0.229920 0.887182 0.082136
v -0.256373 1.003771 0.037829
v -0.256373 1.003771 0.037829
v -0.256373 1.003771 0.037829
v -0.237161 0.799201 0.141660
v -0.237161 0.799201 0.141660
v -0.237161 0.799201 0.141660
v -0.237161 0.799201 0.141660
v -0.237161 0.799201 0.141660
v -0.227901 0.809224 0.146313
v -0.227901 0.809224 0.146313
v -0.227901 0.809224 0.146313
v -0.227901 0.809224 0.146313
v -0.227901 0.809224 0.146313
v -0.227901 0.809224 0.146313
v -0.227901 0.809224 0.146313
v -0.230510 0.856473 0.149579
v -0.230510 0.856473 0.149579
v -0.230510 0.856473 0.149579
v -0.230510 0.856473 0.149579
v -0.230510 0.856473 0.149579
v -0.230510 0.856473 0.149579
v -0.230510 0.856473 0.149579
v -0.215029 0.861449 0.160737
v -0.215029 0.861449 0.160737
v -0.215029 0.861449 0.160737
v -0.215029 0.861449 0.160737
v -0.215029 0.861449 0.160737
v -0.215029 0.861449 0.160737
v -0.215029 0.861449 0.160737
v -0.211656 0.893683 0.137309
v -0.211656 0.893683 0.137309
v -0.211656 0.893683 0.137309
v -0.211656 0.893683 0.137309
v -0.212333 0.906098 0.132452
v -0.212333 0.906098 0.132452
v -0.212333 0.906098 0.132452
v -0.232649 0.763542 0.141435
v -0.232649 0.763542 0.141435
v -0.232649 0.763542 0.141435
v -0.222794 0.768870 0.155516
v -0.222794 0.768870 0.155516
v -0.222794 0.768870 0.155516
v -0.222794 0.768870 0.155516
v -0.224135 0.722454 0.154938
v -0.224135 0.722454 0.154938
v -0.224135 0.722454 0.154938
v -0.216499 0.725798 0.165317
v -0.216499 0.725798 0.165317
v -0.215965 0.718371 0.159055
v -0.225727 1.026914 0.106339
v -0.225727 1.026914 0.106339
v -0.225727 1.026914 0.106339
v -0.225727 1.026914 0.106339
v -0.258793 1.021890 0.096800
v -0.258793 1.021890 0.096800
v -0.258793 1.021890 0.096800
v -0.258793 1.021890 0.096800
v -0.258793 1.021890 0.096800
v -0.271462 1.011457 0.063592
v -0.271462 1.011457 0.063592
v -0.271462 1.011457 0.063592
v -0.271462 1.011457 0.063592
v -0.271462 1.011457 0.063592
v -0.271462 1.011457 0.063592
v -0.261246 1.088642 0.003920
v -0.261246 1.088642 0.003920
v -0.261246 1.088642 0.003920
v -0.261246 1.088642 0.003920
v -0.267975 1.101501 0.079486
v -0.267975 1.101501 0.079486
v -0.267975 1.101501 0.079486
v -0.267975 1.101501 0.079486
v -0.267975 1.101501 0.079486
v -0.267975 1.101501 0.079486
v -0.280571 1.095080 0.041392
v -0.280571 1.095080 0.041392
v -0.280571 1.095080 0.041392
v -0.280571 1.095080 0.041392
v -0.280571 1.095080 0.041392
v -0.280571 1.095080 0.041392
v -0.274351 1.140399 0.026771
v -0.274351 1.140399 0.026771
v -0.274351 1.140399 0.026771
v -0.274351 1.140399 0.026771
v -0.274351 1.140399 0.026771
v -0.274351 1.140399 0.026771
v -0.259877 1.136475 -0.006175
v -0.259877 1.136475 -0.006175
v -0.259877 1.136475 -0.006175
v -0.275386 1.166539 0.018689
v -0.275386 1.166539 0.018689
v -0.275386 1.166539 0.018689
v -0.275386 1.166539 0.018689
v -0.275386 1.166539 0.018689
v -0.275386 1.166539 0.018689
v -0.275386 1.166539 0.018689
v -0.261893 1.166086 -0.012216
v -0.261893 1.166086 -0.012216
v -0.258042 1.196324 -0.007649
v -0.258042 1.196324 -0.007649
v -0.258042 1.196324 -0.007649
v -0.231327 1.104089 0.086266
v -0.231327 1.104089 0.086266
v -0.231692 1.150567 0.067917
v -0.231692 1.150567 0.067917
v -0.231692 1.150567 0.067917
v -0.231692 1.150567 0.067917
v -0.263367 1.148721 0.057103
v -0.263367 1.148721 0.057103
v -0.263367 1.148721 0.057103
v -0.263367 1.148721 0.057103
v -0.263367 1.148721 0.057103
v -0.261890 1.164114 0.054129
v -0.261890 1.164114 0.054129
v -0.261890 1.164114 0.054129
v -0.261890 1.164114 0.054129
v -0.261890 1.164114 0.054129
v -0.261890 1.164114 0.054129
v -0.265014 1.188993 0.050775
v -0.265014 1.188993 0.050775
v -0.265014 1.188993 0.050775
v -0.265014 1.188993 0.050775
v -0.265014 1.188993 0.050775
v -0.265014 1.188993 0.050775
v -0.265014 1.188993 0.050775
v -0.269315 1.196110 0.017060
v -0.269315 1.196110 0.017060
v -0.269315 1.196110 0.017060
v -0.269315 1.196110 0.017060
v -0.269315 1.196110 0.017060
v -0.256707 1.300520 -0.024039
v -0.256707 1.300520 -0.024039
v -0.256707 1.300520 -0.024039
v -0.256707 1.300520 -0.024039
v -0.230833 1.177470 0.064131
v -0.230833 1.177470 0.064131
v -0.230833 1.177470 0.064131
v -0.227368 1.200938 0.070388
v -0.227368 1.200938 0.070388
v -0.227368 1.200938 0.070388
v -0.256181 1.301178 0.049167
v -0.256181 1.301178 0.049167
v -0.256181 1.301178 0.049167
v -0.256181 1.301178 0.049167
v -0.256181 1.301178 0.049167
v -0.256181 1.301178 0.049167
v -0.273545 1.304349 0.014030
v -0.273545 1.304349 0.014030
v -0.273545 1.304349 0.014030
v -0.273545 1.304349 0.014030
v -0.273545 1.304349 0.014030
v -0.273545 1.304349 0.014030
v -0.270331 1.363170 0.009672
v -0.270331 1.363170 0.009672
v -0.270331 1.363170 0.009672
v -0.270331 1.363170 0.009672
v -0.270331 1.363170 0.009672
v -0.270331 1.363170 0.009672
v -0.251431 1.370658 -0.025752
v -0.251431 1.370658 -0.025752
v -0.251431 1.370658 -0.025752
v -0.274540 1.406566 0.007072
v -0.274540 1.406566 0.007072
v -0.274540 1.406566 0.007072
v -0.274540 1.406566 0.007072
v -0.274540 1.406566 0.007072
v -0.274540 1.406566 0.007072
v -0.274540 1.406566 0.007072
v -0.253014 1.409119 -0.030824
v -0.253014 1.409119 -0.030824
v -0.244184 1.458908 -0.040121
v -0.244184 1.458908 -0.040121
v -0.244184 1.458908 -0.040121
v -0.244184 1.458908 -0.040121
v -0.213423 1.293256 0.073369
v -0.213423 1.293256 0.073369
v -0.210648 1.374411 0.072551
v -0.210648 1.374411 0.072551
v -0.210648 1.374411 0.072551
v -0.210648 1.374411 0.072551
v -0.252121 1.357988 0.049331
v -0.252121 1.357988 0.049331
v -0.252121 1.357988 0.049331
v -0.252121 1.357988 0.049331
v -0.252121 1.357988 0.049331
v -0.252121 1.357988 0.049331
v -0.258983 1.405236 0.053075
v -0.258983 1.405236 0.053075
v -0.258983 1.405236 0.053075
v -0.258983 1.405236 0.053075
v -0.258983 1.405236 0.053075
v -0.258983 1.405236 0.053075
v -0.251795 1.473029 0.045615
v -0.251795 1.473029 0.045615
v -0.251795 1.473029 0.045615
v -0.251795 1.473029 0.045615
v -0.251795 1.473029 0.045615
v -0.251795 1.473029 0.045615
v -0.262941 1.468704 -0.000058
v -0.262941 1.468704 -0.000058
v -0.262941 1.468704 -0.000058
v -0.262941 1.468704 -0.000058
v -0.262941 1.468704 -0.000058
v -0.229437 1.513695 -0.002180
v -0.229437 1.513695 -0.002180
v -0.229437 1.513695 -0.002180
v -0.229437 1.513695 -0.002180
v -0.229437 1.513695 -0.002180
v -0.229437 1.513695 -0.002180
v -0.207010 1.498314 -0.048793
v -0.207010 1.498314 -0.048793
v -0.208483 1.528921 -0.003831
v -0.208483 1.528921 -0.003831
v -0.219838 1.405220 0.078502
v -0.219838 1.405220 0.078502
v -0.219838 1.405220 0.078502
v -0.219838 1.405220 0.078502
v -0.219838 1.405220 0.078502
v -0.219838 1.405220 0.078502
v -0.222630 1.461765 0.079342
v -0.222630 1.461765 0.079342
v -0.222630 1.461765 0.079342
v -0.222630 1.461765 0.079342
v -0.222630 1.461765 0.079342
v -0.222630 1.461765 0.079342
v -0.207860 1.502349 0.075690
v -0.207860 1.502349 0.075690
v -0.207860 1.502349 0.075690
v -0.207860 1.502349 0.075690
v -0.207860 1.502349 0.075690
v -0.224028 1.517389 0.038718
v -0.224028 1.517389 0.038718
v -0.224028 1.517389 0.038718
v -0.224028 1.517389 0.038718
v -0.224028 1.517389 0.038718
v -0.224028 1.517389 0.038718
v -0.205143 1.530934 0.035937
v -0.205143 1.530934 0.035937
v -0.205143 1.530934 0.035937
v -0.190110 1.405675 0.069200
v -0.190110 1.405675 0.069200
v -0.178444 1.437288 0.072177
v -0.178444 1.437288 0.072177
v -0.178444 1.437288 0.072177
v -0.179098 1.458040 0.090874
v -0.179098 1.458040 0.090874
v -0.179098 1.458040 0.090874
v -0.191101 1.514764 0.073381
v -0.191101 1.514764 0.073381
v -0.191101 1.514764 0.073381
v -0.164147 0.825454 0.212556
v -0.164147 0.825454 0.212556
v -0.154939 0.828510 0.215946
v -0.163489 0.834112 0.218275
v -0.163489 0.834112 0.218275
v -0.163489 0.834112 0.218275
v -0.163489 0.834112 0.218275
v -0.177177 0.833589 0.193455
v -0.177177 0.833589 0.193455
v -0.177177 0.833589 0.193455
v -0.177177 0.833589 0.193455
v -0.178837 0.842646 0.199976
v -0.178837 0.842646 0.199976
v -0.178837 0.842646 0.199976
v -0.178837 0.842646 0.199976
v -0.182140 0.847373 0.191156
v -0.182140 0.847373 0.191156
v -0.182140 0.847373 0.191156
v -0.182140 0.847373 0.191156
v -0.182140 0.847373 0.191156
v -0.182140 0.847373 0.191156
v -0.182140 0.847373 0.191156
v -0.181309 0.839441 0.185197
v -0.181309 0.839441 0.185197
v -0.181309 0.839441 0.185197
v -0.196971 0.851085 0.171953
v -0.196971 0.851085 0.171953
v -0.196971 0.851085 0.171953
v -0.196971 0.851085 0.171953
v -0.196971 0.851085 0.171953
v -0.196971 0.851085 0.171953
v -0.196971 0.851085 0.171953
v -0.192705 0.843071 0.168190
v -0.192705 0.843071 0.168190
v -0.196708 0.824268 0.177709
v -0.196708 0.824268 0.177709
v -0.196708 0.824268 0.177709
v -0.196708 0.824268 0.177709
v -0.196708 0.824268 0.177709
v -0.164222 0.846113 0.198214
v -0.164222 0.846113 0.198214
v -0.164222 0.846113 0.198214
v -0.168442 0.851170 0.190888
v -0.168442 0.851170 0.190888
v -0.168442 0.851170 0.190888
v -0.189528 0.865271 0.175445
v -0.189528 0.865271 0.175445
v -0.189528 0.865271 0.175445
v -0.189528 0.865271 0.175445
v -0.189528 0.865271 0.175445
v -0.189528 0.865271 0.175445
v -0.197167 0.874850 0.165732
v -0.197167 0.874850 0.165732
v -0.197167 0.874850 0.165732
v -0.197167 0.874850 0.165732
v -0.197167 0.874850 0.165732
v -0.212000 0.820348 0.178487
v -0.212000 0.820348 0.178487
v -0.212000 0.820348 0.178487
v -0.212000 0.820348 0.178487
v -0.212000 0.820348 0.178487
v -0.209197 0.813963 0.178689
v -0.209197 0.813963 0.178689
v -0.209197 0.813963 0.178689
v -0.209197 0.813963 0.178689
v -0.209197 0.813963 0.178689
v -0.197522 0.787015 0.191344
v -0.197522 0.787015 0.191344
v -0.197522 0.787015 0.191344
v -0.180401 0.867306 0.167925
v -0.180401 0.867306 0.167925
v -0.187865 0.879319 0.152979
v -0.187865 0.879319 0.152979
v -0.187865 0.879319 0.152979
v -0.214900 0.817756 0.164973
v -0.214900 0.817756 0.164973
v -0.214900 0.817756 0.164973
v -0.214900 0.817756 0.164973
v -0.214900 0.817756 0.164973
v -0.214900 0.817756 0.164973
v -0.207146 0.781183 0.178054
v -0.207146 0.781183 0.178054
v -0.207146 0.781183 0.178054
v -0.207146 0.781183 0.178054
v -0.191953 0.745543 0.200843
v -0.191953 0.745543 0.200843
v -0.191953 0.745543 0.200843
v -0.199753 0.740915 0.190016
v -0.199753 0.740915 0.190016
v -0.191242 0.738512 0.194458
v -0.229352 0.812421 0.160877
v -0.229352 0.812421 0.160877
v -0.229352 0.812421 0.160877
v -0.229352 0.812421 0.160877
v -0.226516 0.806034 0.161480
v -0.226516 0.806034 0.161480
v -0.226516 0.806034 0.161480
v -0.226516 0.806034 0.161480
v -0.226516 0.806034 0.161480
v -0.212218 0.775535 0.173419
v -0.212218 0.775535 0.173419
v -0.212218 0.775535 0.173419
v -0.212218 0.775535 0.173419
v -0.221674 0.770087 0.159847
v -0.221674 0.770087 0.159847
v -0.221674 0.770087 0.159847
v -0.214107 0.723813 0.172853
v -0.214107 0.723813 0.172853
v -0.214107 0.723813 0.172853
v -0.205145 0.728115 0.185110
v -0.205145 0.728115 0.185110
v -0.205785 0.719303 0.178049
v -0.173733 1.553175 0.035063
v -0.173733 1.553175 0.035063
v -0.173733 1.553175 0.035063
v -0.208483 1.528921 -0.003831
v -0.208483 1.528921 -0.003831
v -0.208483 1.528921 -0.003831
v -0.205143 1.530934 0.035937
v -0.180658 1.557537 -0.007091
v -0.180658 1.557537 -0.007091
v -0.180658 1.557537 -0.007091
v -0.180658 1.557537 -0.007091
v -0.180658 1.557537 -0.007091
v -0.180658 1.557537 -0.007091
v -0.180658 1.557537 -0.007091
v -0.207010 1.498314 -0.048793
v -0.207010 1.498314 -0.048793
v -0.207010 1.498314 -0.048793
v -0.207010 1.498314 -0.048793
v -0.150697 1.540335 -0.054624
v -0.150697 1.540335 -0.054624
v -0.150697 1.540335 -0.054624
v -0.150697 1.540335 -0.054624
v -0.150697 1.540335 -0.054624
v -0.150697 1.540335 -0.054624
v -0.141772 1.469461 -0.081538
v -0.141772 1.469461 -0.081538
v -0.141772 1.469461 -0.081538
v -0.141772 1.469461 -0.081538
v -0.141772 1.469461 -0.081538
v -0.141772 1.469461 -0.081538
v -0.141772 1.469461 -0.081538
v -0.185349 1.438622 -0.055884
v -0.185349 1.438622 -0.055884
v -0.185349 1.438622 -0.055884
v -0.171320 1.390488 -0.054454
v -0.171320 1.390488 -0.054454
v -0.171320 1.390488 -0.054454
v -0.171320 1.390488 -0.054454
v -0.171320 1.390488 -0.054454
v -0.171320 1.390488 -0.054454
v -0.171320 1.390488 -0.054454
v -0.175020 1.424552 -0.034548
v -0.175020 1.424552 -0.034548
v -0.175020 1.424552 -0.034548
v -0.123955 1.579236 0.035411
v -0.123955 1.579236 0.035411
v -0.123955 1.579236 0.035411
v -0.126145 1.598742 0.003985
v -0.126145 1.598742 0.003985
v -0.126145 1.598742 0.003985
v -0.126145 1.598742 0.003985
v -0.126145 1.598742 0.003985
v -0.126145 1.598742 0.003985
v -0.126145 1.598742 0.003985
v -0.131406 1.587513 -0.025364
v -0.131406 1.587513 -0.025364
v -0.131406 1.587513 -0.025364
v -0.131406 1.587513 -0.025364
v -0.131406 1.587513 -0.025364
v -0.093728 1.596669 -0.026758
v -0.093728 1.596669 -0.026758
v -0.093728 1.596669 -0.026758
v -0.093728 1.596669 -0.026758
v -0.093728 1.596669 -0.026758
v -0.093728 1.596669 -0.026758
v -0.093728 1.596669 -0.026758
v -0.092417 1.565217 -0.050802
v -0.092417 1.565217 -0.050802
v -0.092417 1.565217 -0.050802
v -0.092417 1.565217 -0.050802
v -0.092417 1.565217 -0.050802
v -0.092417 1.565217 -0.050802
v -0.082634 1.481467 -0.090046
v -0.082634 1.481467 -0.090046
v -0.082634 1.481467 -0.090046
v -0.082634 1.481467 -0.090046
v -0.082634 1.481467 -0.090046
v -0.082634 1.481467 -0.090046
v -0.123340 1.396810 -0.080514
v -0.123340 1.396810 -0.080514
v -0.123340 1.396810 -0.080514
v -0.123340 1.396810 -0.080514
v -0.123340 1.396810 -0.080514
v -0.121996 1.602966 0.044240
v -0.121996 1.602966 0.044240
v -0.117499 1.619924 0.011926
v -0.117499 1.619924 0.011926
v -0.099003 1.630784 -0.005892
v -0.099003 1.630784 -0.005892
v -0.099003 1.630784 -0.005892
v -0.099003 1.630784 -0.005892
v -0.099003 1.630784 -0.005892
v -0.115945 1.607460 -0.012940
v -0.115945 1.607460 -0.012940
v -0.115945 1.607460 -0.012940
v -0.115945 1.607460 -0.012940
v -0.115945 1.607460 -0.012940
v -0.095372 1.613672 -0.015828
v -0.095372 1.613672 -0.015828
v -0.095372 1.613672 -0.015828
v -0.095372 1.613672 -0.015828
v -0.095372 1.613672 -0.015828
v -0.068321 1.598275 -0.024542
v -0.068321 1.598275 -0.024542
v -0.068321 1.598275 -0.024542
v -0.068321 1.598275 -0.024542
v -0.068321 1.598275 -0.024542
v -0.068321 1.598275 -0.024542
v -0.064240 1.569790 -0.044860
v -0.064240 1.569790 -0.044860
v -0.064240 1.569790 -0.044860
v -0.064240 1.569790 -0.044860
v -0.064240 1.569790 -0.044860
v -0.064240 1.569790 -0.044860
v -0.051731 1.484875 -0.081678
v -0.051731 1.484875 -0.081678
v -0.051731 1.484875 -0.081678
v -0.051731 1.484875 -0.081678
v -0.051731 1.484875 -0.081678
v -0.051731 1.484875 -0.081678
v -0.070200 1.615350 -0.015356
v -0.070200 1.615350 -0.015356
v -0.070200 1.615350 -0.015356
v -0.070200 1.615350 -0.015356
v -0.070200 1.615350 -0.015356
v -0.070200 1.615350 -0.015356
v -0.045228 1.617804 -0.013884
v -0.045228 1.617804 -0.013884
v -0.045228 1.617804 -0.013884
v -0.045228 1.617804 -0.013884
v -0.045228 1.617804 -0.013884
v -0.043180 1.602861 -0.025858
v -0.043180 1.602861 -0.025858
v -0.043180 1.602861 -0.025858
v -0.043180 1.602861 -0.025858
v -0.043180 1.602861 -0.025858
v -0.043180 1.602861 -0.025858
v -0.043180 1.602861 -0.025858
v -0.036006 1.573582 -0.050900
v -0.036006 1.573582 -0.050900
v -0.036006 1.573582 -0.050900
v -0.036006 1.573582 -0.050900
v -0.036006 1.573582 -0.050900
v -0.036006 1.573582 -0.050900
v -0.021198 1.490577 -0.090153
v -0.021198 1.490577 -0.090153
v -0.021198 1.490577 -0.090153
v -0.021198 1.490577 -0.090153
v -0.021198 1.490577 -0.090153
v -0.021198 1.490577 -0.090153
v -0.039426 1.405454 -0.075972
v -0.039426 1.405454 -0.075972
v -0.039426 1.405454 -0.075972
v -0.039426 1.405454 -0.075972
v -0.039426 1.405454 -0.075972
v -0.039426 1.405454 -0.075972
v -0.070294 1.632660 -0.006806
v -0.070294 1.632660 -0.006806
v -0.042576 1.631783 -0.002043
v -0.042576 1.631783 -0.002043
v -0.042576 1.631783 -0.002043
v -0.042576 1.631783 -0.002043
v -0.042576 1.631783 -0.002043
v -0.024465 1.617243 -0.010490
v -0.024465 1.617243 -0.010490
v -0.024465 1.617243 -0.010490
v -0.024465 1.617243 -0.010490
v -0.024465 1.617243 -0.010490
v -0.004939 1.606418 -0.025327
v -0.004939 1.606418 -0.025327
v -0.004939 1.606418 -0.025327
v -0.004939 1.606418 -0.025327
v -0.004939 1.606418 -0.025327
v 0.032483 1.567746 -0.051496
v 0.032483 1.567746 -0.051496
v 0.032483 1.567746 -0.051496
v 0.032483 1.567746 -0.051496
v 0.032483 1.567746 -0.051496
v 0.032483 1.567746 -0.051496
v 0.040517 1.496510 -0.081477
v 0.040517 1.496510 -0.081477
v 0.040517 1.496510 -0.081477
v 0.040517 1.496510 -0.081477
v 0.040517 1.496510 -0.081477
v 0.040517 1.496510 -0.081477
v 0.040517 1.496510 -0.081477
v 0.042800 1.422815 -0.080570
v 0.042800 1.422815 -0.080570
v 0.042800 1.422815 -0.080570
v 0.042800 1.422815 -0.080570
v 0.042800 1.422815 -0.080570
v -0.010117 1.413667 -0.092058
v -0.010117 1.413667 -0.092058
v -0.010117 1.413667 -0.092058
v -0.010117 1.413667 -0.092058
v -0.010117 1.413667 -0.092058
v -0.010117 1.413667 -0.092058
v -0.013370 1.611571 0.006358
v -0.013370 1.611571 0.006358
v -0.013370 1.611571 0.006358
v -0.013370 1.611571 0.006358
v -0.013370 1.611571 0.006358
v -0.013370 1.611571 0.006358
v -0.013370 1.611571 0.006358
v 0.055155 1.593739 0.003210
v 0.055155 1.593739 0.003210
v 0.055155 1.593739 0.003210
v 0.055155 1.593739 0.003210
v 0.055155 1.593739 0.003210
v 0.055155 1.593739 0.003210
v 0.055155 1.593739 0.003210
v 0.108850 1.550434 -0.024618
v 0.108850 1.550434 -0.024618
v 0.108850 1.550434 -0.024618
v 0.108850 1.550434 -0.024618
v 0.106992 1.489312 -0.038604
v 0.106992 1.489312 -0.038604
v 0.106992 1.489312 -0.038604
v 0.099303 1.435504 -0.048884
v 0.099303 1.435504 -0.048884
v 0.099303 1.435504 -0.048884
v 0.099303 1.435504 -0.048884
v 0.099303 1.435504 -0.048884
v 0.099303 1.435504 -0.048884
v 0.099303 1.435504 -0.048884
v 0.046578 1.349758 -0.068938
v 0.046578 1.349758 -0.068938
v 0.046578 1.349758 -0.068938
v 0.046578 1.349758 -0.068938
v 0.046578 1.349758 -0.068938
v 0.046578 1.349758 -0.068938
v -0.025918 1.624093 0.016957
v -0.025918 1.624093 0.016957
v -0.021760 1.609728 0.048400
v -0.021760 1.609728 0.048400
v -0.010068 1.595511 0.035885
v -0.010068 1.595511 0.035885
v -0.010068 1.595511 0.035885
v 0.043543 1.586250 0.042139
v 0.043543 1.586250 0.042139
v 0.043543 1.586250 0.042139
v 0.091829 1.576825 0.018678
v 0.091829 1.576825 0.018678
v 0.091829 1.576825 0.018678
v 0.078468 1.576171 0.054300
v 0.099292 1.481243 -0.009188
v 0.099292 1.481243 -0.009188
v 0.099292 1.481243 -0.009188
v 0.113821 1.436741 -0.015405
v 0.113821 1.436741 -0.015405
v 0.113821 1.436741 -0.015405
v 0.113821 1.436741 -0.015405
v 0.113821 1.436741 -0.015405
v 0.113821 1.436741 -0.015405
v 0.098066 1.355210 -0.036858
v 0.098066 1.355210 -0.036858
v 0.098066 1.355210 -0.036858
v 0.098066 1.355210 -0.036858
v 0.098066 1.355210 -0.036858
v 0.098066 1.355210 -0.036858
v 0.050506 1.293280 -0.064349
v 0.050506 1.293280 -0.064349
v 0.050506 1.293280 -0.064349
v 0.050506 1.293280 -0.064349
v 0.050506 1.293280 -0.064349
v 0.050506 1.293280 -0.064349
v 0.000445 1.339400 -0.082405
v 0.000445 1.339400 -0.082405
v 0.000445 1.339400 -0.082405
v 0.000445 1.339400 -0.082405
v 0.000445 1.339400 -0.082405
v 0.000445 1.339400 -0.082405
v 0.079343 1.482074 0.022251
v 0.079343 1.482074 0.022251
v 0.092654 1.426959 0.022228
v 0.092654 1.426959 0.022228
v 0.109317 1.348332 0.028318
v 0.109317 1.348332 0.028318
v 0.109317 1.348332 0.028318
v 0.109317 1.348332 0.028318
v 0.102936 1.297303 -0.036112
v 0.102936 1.297303 -0.036112
v 0.102936 1.297303 -0.036112
v 0.102936 1.297303 -0.036112
v 0.102936 1.297303 -0.036112
v 0.102936 1.297303 -0.036112
v 0.062906 1.227526 -0.066107
v 0.062906 1.227526 -0.066107
v 0.062906 1.227526 -0.066107
v 0.062906 1.227526 -0.066107
v 0.062906 1.227526 -0.066107
v 0.062906 1.227526 -0.066107
v 0.009030 1.286274 -0.074362
v 0.009030 1.286274 -0.074362
v 0.009030 1.286274 -0.074362
v 0.009030 1.286274 -0.074362
v 0.009030 1.286274 -0.074362
v 0.009030 1.286274 -0.074362
v -0.014924 1.279552 -0.062827
v -0.014924 1.279552 -0.062827
v -0.014924 1.279552 -0.062827
v -0.014924 1.279552 -0.062827
v -0.014924 1.279552 -0.062827
v -0.014924 1.279552 -0.062827
v -0.025303 1.329000 -0.066292
v -0.025303 1.329000 -0.066292
v -0.025303 1.329000 -0.066292
v -0.025303 1.329000 -0.066292
v -0.025303 1.329000 -0.066292
v -0.025303 1.329000 -0.066292
v 0.118577 1.290134 0.022967
v 0.118577 1.290134 0.022967
v 0.118577 1.290134 0.022967
v 0.107477 1.228826 -0.042031
v 0.107477 1.228826 -0.042031
v 0.107477 1.228826 -0.042031
v 0.107477 1.228826 -0.042031
v 0.107477 1.228826 -0.042031
v 0.107477 1.228826 -0.042031
v 0.066786 1.153191 -0.071357
v 0.066786 1.153191 -0.071357
v 0.066786 1.153191 -0.071357
v 0.066786 1.153191 -0.071357
v 0.066786 1.153191 -0.071357
v 0.066786 1.153191 -0.071357
v 0.066786 1.153191 -0.071357
v 0.022767 1.221604 -0.070633
v 0.022767 1.221604 -0.070633
v 0.022767 1.221604 -0.070633
v 0.022767 1.221604 -0.070633
v 0.022767 1.221604 -0.070633
v 0.022767 1.221604 -0.070633
v -0.001632 1.217831 -0.066822
v -0.001632 1.217831 -0.066822
v -0.001632 1.217831 -0.066822
v -0.001632 1.217831 -0.066822
v -0.001632 1.217831 -0.066822
v -0.001632 1.217831 -0.066822
v -0.039528 1.276631 -0.074708
v -0.039528 1.276631 -0.074708
v -0.039528 1.276631 -0.074708
v -0.039528 1.276631 -0.074708
v -0.039528 1.276631 -0.074708
v -0.039528 1.276631 -0.074708
v -0.053331 1.329800 -0.082601
v -0.053331 1.329800 -0.082601
v -0.053331 1.329800 -0.082601
v -0.053331 1.329800 -0.082601
v -0.053331 1.329800 -0.082601
v -0.053331 1.329800 -0.082601
v 0.124397 1.225683 0.015109
v 0.124397 1.225683 0.015109
v 0.124397 1.225683 0.015109
v 0.109979 1.152920 -0.048946
v 0.109979 1.152920 -0.048946
v 0.109979 1.152920 -0.048946
v 0.109979 1.152920 -0.048946
v 0.109979 1.152920 -0.048946
v 0.109979 1.152920 -0.048946
v 0.119127 1.112760 -0.061220
v 0.119127 1.112760 -0.061220
v 0.119127 1.112760 -0.061220
v 0.119127 1.112760 -0.061220
v 0.119127 1.112760 -0.061220
v 0.119127 1.112760 -0.061220
v 0.070692 1.115540 -0.090674
v 0.070692 1.115540 -0.090674
v 0.070692 1.115540 -0.090674
v 0.070692 1.115540 -0.090674
v 0.070692 1.115540 -0.090674
v 0.070692 1.115540 -0.090674
v 0.022200 1.152679 -0.076942
v 0.022200 1.152679 -0.076942
v 0.022200 1.152679 -0.076942
v 0.022200 1.152679 -0.076942
v 0.022200 1.152679 -0.076942
v 0.022200 1.152679 -0.076942
v 0.000351 1.152560 -0.073009
v 0.000351 1.152560 -0.073009
v 0.000351 1.152560 -0.073009
v 0.000351 1.152560 -0.073009
v 0.000351 1.152560 -0.073009
v 0.000351 1.152560 -0.073009
v -0.025931 1.214212 -0.070962
v -0.025931 1.214212 -0.070962
v -0.025931 1.214212 -0.070962
v -0.025931 1.214212 -0.070962
v -0.025931 1.214212 -0.070962
v -0.025931 1.214212 -0.070962
v 0.125728 1.149990 0.015482
v 0.125728 1.149990 0.015482
v 0.134650 1.105390 0.009875
v 0.134650 1.105390 0.009875
v 0.134650 1.105390 0.009875
v 0.141418 1.057700 0.007704
v 0.141418 1.057700 0.007704
v 0.141418 1.057700 0.007704
v 0.123013 1.069800 -0.073181
v 0.123013 1.069800 -0.073181
v 0.123013 1.069800 -0.073181
v 0.123013 1.069800 -0.073181
v 0.123013 1.069800 -0.073181
v 0.123013 1.069800 -0.073181
v 0.074670 1.072550 -0.106227
v 0.074670 1.072550 -0.106227
v 0.074670 1.072550 -0.106227
v 0.074670 1.072550 -0.106227
v 0.074670 1.072550 -0.106227
v 0.074670 1.072550 -0.106227
v 0.074670 1.072550 -0.106227
v 0.022941 1.115640 -0.095561
v 0.022941 1.115640 -0.095561
v 0.022941 1.115640 -0.095561
v 0.022941 1.115640 -0.095561
v 0.022941 1.115640 -0.095561
v 0.022941 1.115640 -0.095561
v 0.000000 1.115510 -0.085239
v 0.000000 1.115510 -0.085239
v 0.000000 1.115510 -0.085239
v 0.000000 1.115510 -0.085239
v 0.000000 1.115510 -0.085239
v 0.000000 1.115510 -0.085239
v -0.021830 1.152471 -0.076921
v -0.021830 1.152471 -0.076921
v -0.021830 1.152471 -0.076921
v -0.021830 1.152471 -0.076921
v -0.021830 1.152471 -0.076921
v -0.021830 1.152471 -0.076921
v 0.147299 1.018010 0.006354
v 0.147299 1.018010 0.006354
v 0.147299 1.018010 0.006354
v 0.147299 1.018010 0.006354
v 0.147299 1.018010 0.006354
v 0.126583 1.005700 -0.081302
v 0.126583 1.005700 -0.081302
v 0.126583 1.005700 -0.081302
v 0.126583 1.005700 -0.081302
v 0.126583 1.005700 -0.081302
v 0.126583 1.005700 -0.081302
v 0.077732 1.019050 -0.124652
v 0.077732 1.019050 -0.124652
v 0.077732 1.019050 -0.124652
v 0.077732 1.019050 -0.124652
v 0.077732 1.019050 -0.124652
v 0.027560 1.021330 -0.126376
v 0.027560 1.021330 -0.126376
v 0.027560 1.021330 -0.126376
v 0.027560 1.021330 -0.126376
v 0.027560 1.021330 -0.126376
v 0.027560 1.021330 -0.126376
v 0.025952 1.074970 -0.112015
v 0.025952 1.074970 -0.112015
v 0.025952 1.074970 -0.112015
v 0.025952 1.074970 -0.112015
v 0.025952 1.074970 -0.112015
v 0.000000 1.074990 -0.098587
v 0.000000 1.074990 -0.098587
v 0.000000 1.074990 -0.098587
v 0.000000 1.074990 -0.098587
v 0.000000 1.074990 -0.098587
v 0.000000 1.074990 -0.098587
v -0.022941 1.115640 -0.095561
v -0.022941 1.115640 -0.095561
v -0.022941 1.115640 -0.095561
v -0.022941 1.115640 -0.095561
v -0.022941 1.115640 -0.095561
v -0.022941 1.115640 -0.095561
v 0.126987 0.958993 -0.078031
v 0.126987 0.958993 -0.078031
v 0.126987 0.958993 -0.078031
v 0.126987 0.958993 -0.078031
v 0.126987 0.958993 -0.078031
v 0.126987 0.958993 -0.078031
v 0.078967 0.970359 -0.125494
v 0.078967 0.970359 -0.125494
v 0.078967 0.970359 -0.125494
v 0.078967 0.970359 -0.125494
v 0.078967 0.970359 -0.125494
v 0.078967 0.970359 -0.125494
v 0.025336 0.959741 -0.118215
v 0.025336 0.959741 -0.118215
v 0.025336 0.959741 -0.118215
v 0.025336 0.959741 -0.118215
v 0.025336 0.959741 -0.118215
v 0.000000 0.959524 -0.101991
v 0.000000 0.959524 -0.101991
v 0.000000 0.959524 -0.101991
v 0.000000 0.959524 -0.101991
v 0.000000 0.959524 -0.101991
v 0.000000 0.959524 -0.101991
v 0.000000 0.959524 -0.101991
v 0.000000 0.959524 -0.101991
v 0.000000 1.021200 -0.112535
v 0.000000 1.021200 -0.112535
v 0.000000 1.021200 -0.112535
v 0.000000 1.021200 -0.112535
v 0.000000 1.021200 -0.112535
v 0.000000 1.021200 -0.112535
v -0.025952 1.074970 -0.112015
v -0.025952 1.074970 -0.112015
v -0.025952 1.074970 -0.112015
v -0.025952 1.074970 -0.112015
v -0.025952 1.074970 -0.112015
v 0.127952 0.925327 -0.069028
v 0.127952 0.925327 -0.069028
v 0.127952 0.925327 -0.069028
v 0.127952 0.925327 -0.069028
v 0.127952 0.925327 -0.069028
v 0.127952 0.925327 -0.069028
v 0.065736 0.893817 -0.076150
v 0.065736 0.893817 -0.076150
v 0.065736 0.893817 -0.076150
v 0.065736 0.893817 -0.076150
v 0.065736 0.893817 -0.076150
v 0.065736 0.893817 -0.076150
v 0.065736 0.893817 -0.076150
v 0.074319 0.924239 -0.101352
v 0.074319 0.924239 -0.101352
v 0.074319 0.924239 -0.101352
v 0.074319 0.924239 -0.101352
v 0.018617 0.918462 -0.085762
v 0.018617 0.918462 -0.085762
v 0.018617 0.918462 -0.085762
v 0.018617 0.918462 -0.085762
v 0.018617 0.918462 -0.085762
v 0.018617 0.918462 -0.085762
v 0.018617 0.918462 -0.085762
v 0.018617 0.918462 -0.085762
v 0.151746 0.969950 0.009906
v 0.151746 0.969950 0.009906
v 0.151746 0.969950 0.009906
v 0.129575 0.854556 -0.058183
v 0.129575 0.854556 -0.058183
v 0.129575 0.854556 -0.058183
v 0.129575 0.854556 -0.058183
v 0.129575 0.854556 -0.058183
v 0.129575 0.854556 -0.058183
v 0.064152 0.853058 -0.072774
v 0.064152 0.853058 -0.072774
v 0.064152 0.853058 -0.072774
v 0.064152 0.853058 -0.072774
v 0.064152 0.853058 -0.072774
v 0.008132 0.865661 -0.017633
v 0.008132 0.865661 -0.017633
v 0.008132 0.865661 -0.017633
v 0.008132 0.865661 -0.017633
v 0.007900 0.904042 -0.022727
v 0.152802 0.860451 0.017193
v 0.152802 0.860451 0.017193
v 0.152802 0.860451 0.017193
v 0.128105 0.759672 -0.047661
v 0.128105 0.759672 -0.047661
v 0.128105 0.759672 -0.047661
v 0.128105 0.759672 -0.047661
v 0.128105 0.759672 -0.047661
v 0.128105 0.759672 -0.047661
v 0.061711 0.757900 -0.058979
v 0.061711 0.757900 -0.058979
v 0.061711 0.757900 -0.058979
v 0.061711 0.757900 -0.058979
v 0.061711 0.757900 -0.058979
v 0.061711 0.757900 -0.058979
v 0.020247 0.763172 -0.002523
v 0.020247 0.763172 -0.002523
v 0.020247 0.763172 -0.002523
v 0.059858 0.641364 -0.034741
v 0.059858 0.641364 -0.034741
v 0.059858 0.641364 -0.034741
v 0.059858 0.641364 -0.034741
v 0.059858 0.641364 -0.034741
v 0.059858 0.641364 -0.034741
v 0.023943 0.638141 0.012035
v 0.023943 0.638141 0.012035
v 0.023943 0.638141 0.012035
v 0.064448 0.556657 -0.016310
v 0.064448 0.556657 -0.016310
v 0.064448 0.556657 -0.016310
v 0.064448 0.556657 -0.016310
v 0.064448 0.556657 -0.016310
v 0.064448 0.556657 -0.016310
v 0.064448 0.556657 -0.016310
v 0.031395 0.554853 0.017196
v 0.031395 0.554853 0.017196
v 0.152459 0.766418 0.025640
v 0.152459 0.766418 0.025640
v 0.152459 0.766418 0.025640
v 0.120697 0.648632 -0.027208
v 0.120697 0.648632 -0.027208
v 0.120697 0.648632 -0.027208
v 0.120697 0.648632 -0.027208
v 0.120697 0.648632 -0.027208
v 0.120697 0.648632 -0.027208
v 0.141784 0.647001 0.024238
v 0.141784 0.647001 0.024238
v 0.141784 0.647001 0.024238
v 0.107432 0.556644 -0.013014
v 0.107432 0.556644 -0.013014
v 0.107432 0.556644 -0.013014
v 0.107432 0.556644 -0.013014
v 0.107432 0.556644 -0.013014
v 0.107432 0.556644 -0.013014
v 0.107432 0.556644 -0.013014
v 0.128124 0.575306 0.020632
v 0.128124 0.575306 0.020632
v 0.124806 0.523504 0.018377
v 0.124806 0.523504 0.018377
v 0.124806 0.523504 0.018377
v 0.112750 0.490945 -0.026762
v 0.112750 0.490945 -0.026762
v 0.112750 0.490945 -0.026762
v 0.112750 0.490945 -0.026762
v 0.112750 0.490945 -0.026762
v 0.112750 0.490945 -0.026762
v 0.067732 0.489173 -0.030649
v 0.067732 0.489173 -0.030649
v 0.067732 0.489173 -0.030649
v 0.067732 0.489173 -0.030649
v 0.067732 0.489173 -0.030649
v 0.067732 0.489173 -0.030649
v 0.038476 0.517167 0.019525
v 0.038476 0.517167 0.019525
v 0.038476 0.517167 0.019525
v 0.130016 0.485406 0.006362
v 0.130016 0.485406 0.006362
v 0.130016 0.485406 0.006362
v 0.119582 0.416932 -0.046118
v 0.119582 0.416932 -0.046118
v 0.119582 0.416932 -0.046118
v 0.119582 0.416932 -0.046118
v 0.119582 0.416932 -0.046118
v 0.119582 0.416932 -0.046118
v 0.069217 0.411614 -0.052916
v 0.069217 0.411614 -0.052916
v 0.069217 0.411614 -0.052916
v 0.069217 0.411614 -0.052916
v 0.069217 0.411614 -0.052916
v 0.069217 0.411614 -0.052916
v 0.050300 0.478495 0.007735
v 0.050300 0.478495 0.007735
v 0.050300 0.478495 0.007735
v 0.144843 0.411311 -0.006707
v 0.144843 0.411311 -0.006707
v 0.144843 0.411311 -0.006707
v 0.122131 0.332720 -0.054600
v 0.122131 0.332720 -0.054600
v 0.122131 0.332720 -0.054600
v 0.122131 0.332720 -0.054600
v 0.122131 0.332720 -0.054600
v 0.122131 0.332720 -0.054600
v 0.071119 0.327696 -0.059646
v 0.071119 0.327696 -0.059646
v 0.071119 0.327696 -0.059646
v 0.071119 0.327696 -0.059646
v 0.071119 0.327696 -0.059646
v 0.071119 0.327696 -0.059646
v 0.044638 0.399517 -0.008135
v 0.044638 0.399517 -0.008135
v 0.044638 0.399517 -0.008135
v 0.147845 0.329819 -0.010995
v 0.147845 0.329819 -0.010995
v 0.147845 0.329819 -0.010995
v 0.110860 0.226897 -0.045765
v 0.110860 0.226897 -0.045765
v 0.110860 0.226897 -0.045765
v 0.110860 0.226897 -0.045765
v 0.110860 0.226897 -0.045765
v 0.110860 0.226897 -0.045765
v 0.081526 0.219770 -0.049412
v 0.081526 0.219770 -0.049412
v 0.081526 0.219770 -0.049412
v 0.081526 0.219770 -0.049412
v 0.081526 0.219770 -0.049412
v 0.081526 0.219770 -0.049412
v 0.081526 0.219770 -0.049412
v 0.043953 0.315778 -0.015263
v 0.043953 0.315778 -0.015263
v 0.043953 0.315778 -0.015263
v 0.136415 0.233678 -0.012866
v 0.136415 0.233678 -0.012866
v 0.136415 0.233678 -0.012866
v 0.102600 0.145571 -0.039494
v 0.102600 0.145571 -0.039494
v 0.102600 0.145571 -0.039494
v 0.086536 0.145573 -0.041423
v 0.086536 0.145573 -0.041423
v 0.086536 0.145573 -0.041423
v 0.071349 0.145574 -0.015916
v 0.071349 0.145574 -0.015916
v 0.061378 0.219555 -0.015619
v 0.061378 0.219555 -0.015619
v 0.123546 0.145599 -0.011539
v 0.007900 0.904042 -0.022727
v 0.007900 0.904042 -0.022727
v 0.000000 0.907660 -0.023018
v 0.000000 0.907660 -0.023018
v 0.000000 0.907660 -0.023018
v 0.000000 0.907660 -0.023018
v 0.000000 0.927362 -0.076222
v 0.000000 0.927362 -0.076222
v 0.000000 0.927362 -0.076222
v 0.000000 0.927362 -0.076222
v -0.018616 0.918462 -0.085762
v -0.018616 0.918462 -0.085762
v -0.018616 0.918462 -0.085762
v -0.018616 0.918462 -0.085762
v -0.018616 0.918462 -0.085762
v -0.018616 0.918462 -0.085762
v -0.018616 0.918462 -0.085762
v -0.018616 0.918462 -0.085762
v -0.025335 0.959741 -0.118215
v -0.025335 0.959741 -0.118215
v -0.025335 0.959741 -0.118215
v -0.025335 0.959741 -0.118215
v -0.025335 0.959741 -0.118215
v -0.027560 1.021329 -0.126376
v -0.027560 1.021329 -0.126376
v -0.027560 1.021329 -0.126376
v -0.027560 1.021329 -0.126376
v -0.027560 1.021329 -0.126376
v -0.027560 1.021329 -0.126376
v -0.007900 0.904042 -0.022727
v -0.007900 0.904042 -0.022727
v -0.065736 0.893817 -0.076150
v -0.065736 0.893817 -0.076150
v -0.065736 0.893817 -0.076150
v -0.065736 0.893817 -0.076150
v -0.065736 0.893817 -0.076150
v -0.065736 0.893817 -0.076150
v -0.065736 0.893817 -0.076150
v -0.074319 0.924239 -0.101352
v -0.074319 0.924239 -0.101352
v -0.074319 0.924239 -0.101352
v -0.074319 0.924239 -0.101352
v -0.078967 0.970359 -0.125494
v -0.078967 0.970359 -0.125494
v -0.078967 0.970359 -0.125494
v -0.078967 0.970359 -0.125494
v -0.078967 0.970359 -0.125494
v -0.078967 0.970359 -0.125494
v -0.077732 1.019049 -0.124652
v -0.077732 1.019049 -0.124652
v -0.077732 1.019049 -0.124652
v -0.077732 1.019049 -0.124652
v -0.077732 1.019049 -0.124652
v -0.074670 1.072550 -0.106227
v -0.074670 1.072550 -0.106227
v -0.074670 1.072550 -0.106227
v -0.074670 1.072550 -0.106227
v -0.074670 1.072550 -0.106227
v -0.074670 1.072550 -0.106227
v -0.074670 1.072550 -0.106227
v -0.070692 1.115540 -0.090674
v -0.070692 1.115540 -0.090674
v -0.070692 1.115540 -0.090674
v -0.070692 1.115540 -0.090674
v -0.070692 1.115540 -0.090674
v -0.070692 1.115540 -0.090674
v -0.126987 0.958993 -0.078031
v -0.126987 0.958993 -0.078031
v -0.126987 0.958993 -0.078031
v -0.126987 0.958993 -0.078031
v -0.126987 0.958993 -0.078031
v -0.126987 0.958993 -0.078031
v -0.126583 1.005700 -0.081302
v -0.126583 1.005700 -0.081302
v -0.126583 1.005700 -0.081302
v -0.126583 1.005700 -0.081302
v -0.126583 1.005700 -0.081302
v -0.126583 1.005700 -0.081302
v -0.123013 1.069800 -0.073181
v -0.123013 1.069800 -0.073181
v -0.123013 1.069800 -0.073181
v -0.123013 1.069800 -0.073181
v -0.123013 1.069800 -0.073181
v -0.123013 1.069800 -0.073181
v -0.119127 1.112760 -0.061220
v -0.119127 1.112760 -0.061220
v -0.119127 1.112760 -0.061220
v -0.119127 1.112760 -0.061220
v -0.119127 1.112760 -0.061220
v -0.119127 1.112760 -0.061220
v -0.066599 1.152690 -0.071236
v -0.066599 1.152690 -0.071236
v -0.066599 1.152690 -0.071236
v -0.066599 1.152690 -0.071236
v -0.066599 1.152690 -0.071236
v -0.066599 1.152690 -0.071236
v -0.066599 1.152690 -0.071236
v -0.127952 0.925327 -0.069028
v -0.127952 0.925327 -0.069028
v -0.127952 0.925327 -0.069028
v -0.127952 0.925327 -0.069028
v -0.127952 0.925327 -0.069028
v -0.127952 0.925327 -0.069028
v -0.147299 1.018009 0.006354
v -0.147299 1.018009 0.006354
v -0.147299 1.018009 0.006354
v -0.147299 1.018009 0.006354
v -0.147299 1.018009 0.006354
v -0.141418 1.057699 0.007704
v -0.141418 1.057699 0.007704
v -0.141418 1.057699 0.007704
v -0.134650 1.105390 0.009875
v -0.134650 1.105390 0.009875
v -0.134650 1.105390 0.009875
v -0.109972 1.152916 -0.048948
v -0.109972 1.152916 -0.048948
v -0.109972 1.152916 -0.048948
v -0.109972 1.152916 -0.048948
v -0.109972 1.152916 -0.048948
v -0.109972 1.152916 -0.048948
v -0.064152 0.853058 -0.072774
v -0.064152 0.853058 -0.072774
v -0.064152 0.853058 -0.072774
v -0.064152 0.853058 -0.072774
v -0.064152 0.853058 -0.072774
v -0.129575 0.854556 -0.058183
v -0.129575 0.854556 -0.058183
v -0.129575 0.854556 -0.058183
v -0.129575 0.854556 -0.058183
v -0.129575 0.854556 -0.058183
v -0.129575 0.854556 -0.058183
v -0.151746 0.969950 0.009906
v -0.151746 0.969950 0.009906
v -0.151746 0.969950 0.009906
v -0.008132 0.865661 -0.017633
v -0.008132 0.865661 -0.017633
v -0.008132 0.865661 -0.017633
v -0.008132 0.865661 -0.017633
v -0.061711 0.757900 -0.058979
v -0.061711 0.757900 -0.058979
v -0.061711 0.757900 -0.058979
v -0.061711 0.757900 -0.058979
v -0.061711 0.757900 -0.058979
v -0.061711 0.757900 -0.058979
v -0.128105 0.759672 -0.047662
v -0.128105 0.759672 -0.047662
v -0.128105 0.759672 -0.047662
v -0.128105 0.759672 -0.047662
v -0.128105 0.759672 -0.047662
v -0.128105 0.759672 -0.047662
v -0.152802 0.860451 0.017193
v -0.152802 0.860451 0.017193
v -0.152802 0.860451 0.017193
v -0.007900 0.904042 -0.022727
v -0.152459 0.766418 0.025640
v -0.152459 0.766418 0.025640
v -0.152459 0.766418 0.025640
v -0.120697 0.648631 -0.027208
v -0.120697 0.648631 -0.027208
v -0.120697 0.648631 -0.027208
v -0.120697 0.648631 -0.027208
v -0.120697 0.648631 -0.027208
v -0.120697 0.648631 -0.027208
v -0.141784 0.647000 0.024238
v -0.141784 0.647000 0.024238
v -0.141784 0.647000 0.024238
v -0.107432 0.556644 -0.013014
v -0.107432 0.556644 -0.013014
v -0.107432 0.556644 -0.013014
v -0.107432 0.556644 -0.013014
v -0.107432 0.556644 -0.013014
v -0.107432 0.556644 -0.013014
v -0.107432 0.556644 -0.013014
v -0.128124 0.575306 0.020632
v -0.128124 0.575306 0.020632
v -0.124806 0.523504 0.018377
v -0.124806 0.523504 0.018377
v -0.124806 0.523504 0.018377
v -0.112750 0.490945 -0.026762
v -0.112750 0.490945 -0.026762
v -0.112750 0.490945 -0.026762
v -0.112750 0.490945 -0.026762
v -0.112750 0.490945 -0.026762
v -0.112750 0.490945 -0.026762
v -0.130016 0.485406 0.006362
v -0.130016 0.485406 0.006362
v -0.130016 0.485406 0.006362
v -0.059857 0.641363 -0.034741
v -0.059857 0.641363 -0.034741
v -0.059857 0.641363 -0.034741
v -0.059857 0.641363 -0.034741
v -0.059857 0.641363 -0.034741
v -0.059857 0.641363 -0.034741
v -0.064448 0.556657 -0.016310
v -0.064448 0.556657 -0.016310
v -0.064448 0.556657 -0.016310
v -0.064448 0.556657 -0.016310
v -0.064448 0.556657 -0.016310
v -0.064448 0.556657 -0.016310
v -0.064448 0.556657 -0.016310
v -0.067731 0.489173 -0.030649
v -0.067731 0.489173 -0.030649
v -0.067731 0.489173 -0.030649
v -0.067731 0.489173 -0.030649
v -0.067731 0.489173 -0.030649
v -0.067731 0.489173 -0.030649
v -0.069217 0.411614 -0.052916
v -0.069217 0.411614 -0.052916
v -0.069217 0.411614 -0.052916
v -0.069217 0.411614 -0.052916
v -0.069217 0.411614 -0.052916
v -0.069217 0.411614 -0.052916
v -0.119582 0.416932 -0.046118
v -0.119582 0.416932 -0.046118
v -0.119582 0.416932 -0.046118
v -0.119582 0.416932 -0.046118
v -0.119582 0.416932 -0.046118
v -0.119582 0.416932 -0.046118
v -0.144843 0.411311 -0.006707
v -0.144843 0.411311 -0.006707
v -0.144843 0.411311 -0.006707
v -0.020247 0.763171 -0.002523
v -0.020247 0.763171 -0.002523
v -0.020247 0.763171 -0.002523
v -0.023943 0.638140 0.012035
v -0.023943 0.638140 0.012035
v -0.023943 0.638140 0.012035
v -0.031395 0.554853 0.017196
v -0.031395 0.554853 0.017196
v -0.038476 0.517167 0.019525
v -0.038476 0.517167 0.019525
v -0.038476 0.517167 0.019525
v -0.050300 0.478495 0.007735
v -0.050300 0.478495 0.007735
v -0.050300 0.478495 0.007735
v -0.044638 0.399517 -0.008135
v -0.044638 0.399517 -0.008135
v -0.044638 0.399517 -0.008135
v -0.071119 0.327696 -0.059646
v -0.071119 0.327696 -0.059646
v -0.071119 0.327696 -0.059646
v -0.071119 0.327696 -0.059646
v -0.071119 0.327696 -0.059646
v -0.071119 0.327696 -0.059646
v -0.122131 0.332720 -0.054600
v -0.122131 0.332720 -0.054600
v -0.122131 0.332720 -0.054600
v -0.122131 0.332720 -0.054600
v -0.122131 0.332720 -0.054600
v -0.122131 0.332720 -0.054600
v -0.147845 0.329819 -0.010995
v -0.147845 0.329819 -0.010995
v -0.147845 0.329819 -0.010995
v -0.110860 0.226897 -0.045765
v -0.110860 0.226897 -0.045765
v -0.110860 0.226897 -0.045765
v -0.110860 0.226897 -0.045765
v -0.110860 0.226897 -0.045765
v -0.110860 0.226897 -0.045765
v -0.136415 0.233678 -0.012866
v -0.136415 0.233678 -0.012866
v -0.136415 0.233678 -0.012866
v -0.043953 0.315778 -0.015263
v -0.043953 0.315778 -0.015263
v -0.043953 0.315778 -0.015263
v -0.081526 0.219770 -0.049412
v -0.081526 0.219770 -0.049412
v -0.081526 0.219770 -0.049412
v -0.081526 0.219770 -0.049412
v -0.081526 0.219770 -0.049412
v -0.081526 0.219770 -0.049412
v -0.081526 0.219770 -0.049412
v -0.086536 0.145573 -0.041423
v -0.086536 0.145573 -0.041423
v -0.086536 0.145573 -0.041423
v -0.102600 0.145571 -0.039494
v -0.102600 0.145571 -0.039494
v -0.102600 0.145571 -0.039494
v -0.123546 0.145599 -0.011539
v -0.061378 0.219555 -0.015619
v -0.061378 0.219555 -0.015619
v -0.071349 0.145574 -0.015916
v -0.071349 0.145574 -0.015916
v -0.125725 1.149990 0.015482
v -0.125725 1.149990 0.015482
v -0.124670 1.192160 0.013662
v -0.124670 1.192160 0.013662
v -0.124670 1.192160 0.013662
v -0.109458 1.200329 -0.043242
v -0.109458 1.200329 -0.043242
v -0.109458 1.200329 -0.043242
v -0.109458 1.200329 -0.043242
v -0.109458 1.200329 -0.043242
v -0.109458 1.200329 -0.043242
v -0.065979 1.208274 -0.066931
v -0.065979 1.208274 -0.066931
v -0.065979 1.208274 -0.066931
v -0.065979 1.208274 -0.066931
v -0.065979 1.208274 -0.066931
v -0.065979 1.208274 -0.066931
v -0.080687 1.267239 -0.065283
v -0.080687 1.267239 -0.065283
v -0.080687 1.267239 -0.065283
v -0.080687 1.267239 -0.065283
v -0.080687 1.267239 -0.065283
v -0.080687 1.267239 -0.065283
v -0.143391 1.237787 0.021055
v -0.143391 1.237787 0.021055
v -0.143391 1.237787 0.021055
v -0.130995 1.250762 -0.037786
v -0.130995 1.250762 -0.037786
v -0.130995 1.250762 -0.037786
v -0.130995 1.250762 -0.037786
v -0.130995 1.250762 -0.037786
v -0.130995 1.250762 -0.037786
v -0.150185 1.310799 -0.038170
v -0.150185 1.310799 -0.038170
v -0.150185 1.310799 -0.038170
v -0.150185 1.310799 -0.038170
v -0.150185 1.310799 -0.038170
v -0.150185 1.310799 -0.038170
v -0.100425 1.323608 -0.069447
v -0.100425 1.323608 -0.069447
v -0.100425 1.323608 -0.069447
v -0.100425 1.323608 -0.069447
v -0.100425 1.323608 -0.069447
v -0.100425 1.323608 -0.069447
v -0.069988 1.404183 -0.092060
v -0.069988 1.404183 -0.092060
v -0.069988 1.404183 -0.092060
v -0.069988 1.404183 -0.092060
v -0.069988 1.404183 -0.092060
v -0.069988 1.404183 -0.092060
v -0.159197 1.299675 0.026688
v -0.159197 1.299675 0.026688
v -0.159197 1.299675 0.026688
v -0.159197 1.299675 0.026688
v -0.181724 1.383219 -0.027632
v -0.181724 1.383219 -0.027632
v -0.181724 1.383219 -0.027632
v -0.181724 1.383219 -0.027632
v -0.181724 1.383219 -0.027632
v -0.181724 1.383219 -0.027632
v -0.163798 1.382047 0.013057
v -0.163798 1.382047 0.013057
v -0.166030 1.431543 0.002915
v -0.166030 1.431543 0.002915
v -0.163798 1.382047 0.013057
v -0.163798 1.382047 0.013057
v -0.163798 1.382047 0.013057
v -0.171232 1.417950 0.065839
v -0.171232 1.417950 0.065839
v -0.171232 1.417950 0.065839
v -0.171232 1.417950 0.065839
v -0.171232 1.417950 0.065839
v -0.166030 1.431543 0.002915
v -0.159699 1.377063 0.065278
v -0.159699 1.377063 0.065278
v -0.159699 1.377063 0.065278
v -0.159699 1.377063 0.065278
v -0.159699 1.377063 0.065278
v -0.159699 1.377063 0.065278
v -0.164254 1.379762 0.117698
v -0.164254 1.379762 0.117698
v -0.164254 1.379762 0.117698
v -0.164254 1.379762 0.117698
v -0.164254 1.379762 0.117698
v -0.164254 1.379762 0.117698
v -0.164254 1.379762 0.117698
v -0.157808 1.425552 0.122095
v -0.157808 1.425552 0.122095
v -0.157808 1.425552 0.122095
v -0.157808 1.425552 0.122095
v -0.157808 1.425552 0.122095
v -0.179098 1.458040 0.090874
v -0.179098 1.458040 0.090874
v -0.179098 1.458040 0.090874
v -0.179098 1.458040 0.090874
v -0.179098 1.458040 0.090874
v -0.159197 1.299675 0.026688
v -0.159197 1.299675 0.026688
v -0.159197 1.299675 0.026688
v -0.144450 1.295281 0.084772
v -0.144450 1.295281 0.084772
v -0.144450 1.295281 0.084772
v -0.144450 1.295281 0.084772
v -0.144450 1.295281 0.084772
v -0.144450 1.295281 0.084772
v -0.144450 1.295281 0.084772
v -0.149624 1.356980 0.103067
v -0.149624 1.356980 0.103067
v -0.149624 1.356980 0.103067
v -0.149624 1.356980 0.103067
v -0.104525 1.341550 0.134648
v -0.104525 1.341550 0.134648
v -0.104525 1.341550 0.134648
v -0.104525 1.341550 0.134648
v -0.104525 1.341550 0.134648
v -0.104525 1.341550 0.134648
v -0.104525 1.341550 0.134648
v -0.111605 1.360015 0.142996
v -0.111605 1.360015 0.142996
v -0.111605 1.360015 0.142996
v -0.111605 1.360015 0.142996
v -0.111605 1.360015 0.142996
v -0.109288 1.415031 0.136099
v -0.109288 1.415031 0.136099
v -0.109288 1.415031 0.136099
v -0.109288 1.415031 0.136099
v -0.109288 1.415031 0.136099
v -0.109288 1.415031 0.136099
v -0.144614 1.471886 0.110688
v -0.144614 1.471886 0.110688
v -0.144614 1.471886 0.110688
v -0.144614 1.471886 0.110688
v -0.144614 1.471886 0.110688
v -0.143391 1.237787 0.021055
v -0.143391 1.237787 0.021055
v -0.143391 1.237787 0.021055
v -0.128324 1.234612 0.073279
v -0.128324 1.234612 0.073279
v -0.128324 1.234612 0.073279
v -0.128324 1.234612 0.073279
v -0.128324 1.234612 0.073279
v -0.128324 1.234612 0.073279
v -0.095264 1.297001 0.128802
v -0.095264 1.297001 0.128802
v -0.095264 1.297001 0.128802
v -0.095264 1.297001 0.128802
v -0.095264 1.297001 0.128802
v -0.095264 1.297001 0.128802
v -0.124670 1.192160 0.013662
v -0.124670 1.192160 0.013662
v -0.124670 1.192160 0.013662
v -0.109202 1.191103 0.063018
v -0.109202 1.191103 0.063018
v -0.109202 1.191103 0.063018
v -0.109202 1.191103 0.063018
v -0.109202 1.191103 0.063018
v -0.109202 1.191103 0.063018
v -0.081117 1.243987 0.110659
v -0.081117 1.243987 0.110659
v -0.081117 1.243987 0.110659
v -0.081117 1.243987 0.110659
v -0.081117 1.243987 0.110659
v -0.081117 1.243987 0.110659
v -0.042744 1.305378 0.135611
v -0.042744 1.305378 0.135611
v -0.042744 1.305378 0.135611
v -0.042744 1.305378 0.135611
v -0.042744 1.305378 0.135611
v -0.042744 1.305378 0.135611
v -0.045679 1.347631 0.139138
v -0.045679 1.347631 0.139138
v -0.045679 1.347631 0.139138
v -0.045679 1.347631 0.139138
v -0.045679 1.347631 0.139138
v -0.045679 1.347631 0.139138
v -0.049137 1.366350 0.148833
v -0.049137 1.366350 0.148833
v -0.049137 1.366350 0.148833
v -0.049137 1.366350 0.148833
v -0.049137 1.366350 0.148833
v -0.049137 1.366350 0.148833
v -0.125725 1.149990 0.015482
v -0.125725 1.149990 0.015482
v -0.125725 1.149990 0.015482
v -0.125725 1.149990 0.015482
v -0.110745 1.145000 0.060822
v -0.110745 1.145000 0.060822
v -0.110745 1.145000 0.060822
v -0.110745 1.145000 0.060822
v -0.110745 1.145000 0.060822
v -0.110745 1.145000 0.060822
v -0.068550 1.196696 0.090772
v -0.068550 1.196696 0.090772
v -0.068550 1.196696 0.090772
v -0.068550 1.196696 0.090772
v -0.068550 1.196696 0.090772
v -0.068550 1.196696 0.090772
v -0.039085 1.263753 0.128513
v -0.039085 1.263753 0.128513
v -0.039085 1.263753 0.128513
v -0.039085 1.263753 0.128513
v -0.039085 1.263753 0.128513
v -0.039085 1.263753 0.128513
v -0.022587 1.308246 0.138603
v -0.022587 1.308246 0.138603
v -0.022587 1.308246 0.138603
v -0.022587 1.308246 0.138603
v -0.022587 1.308246 0.138603
v -0.022587 1.308246 0.138603
v -0.031393 1.356179 0.141527
v -0.031393 1.356179 0.141527
v -0.031393 1.356179 0.141527
v -0.031393 1.356179 0.141527
v -0.031393 1.356179 0.141527
v -0.031393 1.356179 0.141527
v -0.033664 1.369517 0.142282
v -0.033664 1.369517 0.142282
v -0.033664 1.369517 0.142282
v -0.033664 1.369517 0.142282
v -0.033664 1.369517 0.142282
v -0.033664 1.369517 0.142282
v -0.119267 1.092140 0.066332
v -0.119267 1.092140 0.066332
v -0.119267 1.092140 0.066332
v -0.119267 1.092140 0.066332
v -0.119267 1.092140 0.066332
v -0.119267 1.092140 0.066332
v -0.068954 1.072550 0.082545
v -0.068954 1.072550 0.082545
v -0.068954 1.072550 0.082545
v -0.068954 1.072550 0.082545
v -0.068954 1.072550 0.082545
v -0.068954 1.072550 0.082545
v -0.068954 1.072550 0.082545
v -0.068592 1.137190 0.085283
v -0.068592 1.137190 0.085283
v -0.068592 1.137190 0.085283
v -0.068592 1.137190 0.085283
v -0.068592 1.137190 0.085283
v -0.027525 1.200900 0.107549
v -0.027525 1.200900 0.107549
v -0.027525 1.200900 0.107549
v -0.027525 1.200900 0.107549
v -0.027525 1.200900 0.107549
v -0.027525 1.200900 0.107549
v -0.015258 1.273129 0.130749
v -0.015258 1.273129 0.130749
v -0.015258 1.273129 0.130749
v -0.015258 1.273129 0.130749
v -0.015258 1.273129 0.130749
v -0.015258 1.273129 0.130749
v -0.134650 1.105390 0.009875
v -0.134650 1.105390 0.009875
v -0.134650 1.105390 0.009875
v -0.122065 1.041300 0.068569
v -0.122065 1.041300 0.068569
v -0.122065 1.041300 0.068569
v -0.122065 1.041300 0.068569
v -0.122065 1.041300 0.068569
v -0.069373 1.006779 0.077501
v -0.069373 1.006779 0.077501
v -0.069373 1.006779 0.077501
v -0.069373 1.006779 0.077501
v -0.069373 1.006779 0.077501
v -0.069373 1.006779 0.077501
v -0.069373 1.006779 0.077501
v -0.028828 0.983175 0.090665
v -0.028828 0.983175 0.090665
v -0.028828 0.983175 0.090665
v -0.028828 0.983175 0.090665
v -0.028828 0.983175 0.090665
v -0.028828 0.983175 0.090665
v -0.027659 1.060130 0.091571
v -0.027659 1.060130 0.091571
v -0.027659 1.060130 0.091571
v -0.027659 1.060130 0.091571
v -0.027659 1.060130 0.091571
v -0.029284 1.134380 0.101318
v -0.029284 1.134380 0.101318
v -0.029284 1.134380 0.101318
v -0.029284 1.134380 0.101318
v -0.029284 1.134380 0.101318
v -0.029284 1.134380 0.101318
v -0.029284 1.134380 0.101318
v 0.000133 1.207595 0.105560
v 0.000133 1.207595 0.105560
v 0.000133 1.207595 0.105560
v 0.000133 1.207595 0.105560
v 0.000133 1.207595 0.105560
v 0.000133 1.207595 0.105560
v -0.141418 1.057699 0.007704
v -0.141418 1.057699 0.007704
v -0.141418 1.057699 0.007704
v -0.123568 1.008090 0.071185
v -0.123568 1.008090 0.071185
v -0.123568 1.008090 0.071185
v -0.123568 1.008090 0.071185
v -0.123568 1.008090 0.071185
v -0.123568 1.008090 0.071185
v -0.123568 1.008090 0.071185
v -0.123568 1.008090 0.071185
v -0.069543 0.954143 0.076777
v -0.069543 0.954143 0.076777
v -0.069543 0.954143 0.076777
v -0.069543 0.954143 0.076777
v -0.069543 0.954143 0.076777
v -0.069543 0.954143 0.076777
v -0.022517 0.927839 0.086845
v -0.022517 0.927839 0.086845
v -0.022517 0.927839 0.086845
v -0.022517 0.927839 0.086845
v -0.022517 0.927839 0.086845
v -0.022517 0.927839 0.086845
v 0.000000 0.923548 0.089109
v 0.000000 0.923548 0.089109
v 0.000000 0.923548 0.089109
v 0.000000 0.923548 0.089109
v 0.000000 0.923548 0.089109
v 0.000000 0.923548 0.089109
v 0.000000 0.975967 0.094028
v 0.000000 0.975967 0.094028
v 0.000000 0.975967 0.094028
v 0.000000 0.975967 0.094028
v 0.000000 0.975967 0.094028
v 0.000000 0.975967 0.094028
v 0.000000 1.055380 0.095971
v 0.000000 1.055380 0.095971
v 0.000000 1.055380 0.095971
v 0.000000 1.055380 0.095971
v 0.000000 1.055380 0.095971
v 0.000000 1.055380 0.095971
v 0.000002 1.132870 0.099138
v 0.000002 1.132870 0.099138
v -0.147299 1.018009 0.006354
v -0.147299 1.018009 0.006354
v -0.151746 0.969950 0.009906
v -0.151746 0.969950 0.009906
v -0.151746 0.969950 0.009906
v -0.151746 0.969950 0.009906
v -0.124675 0.963702 0.078677
v -0.124675 0.963702 0.078677
v -0.124675 0.963702 0.078677
v -0.124675 0.963702 0.078677
v -0.124675 0.963702 0.078677
v -0.070613 0.920788 0.081894
v -0.070613 0.920788 0.081894
v -0.070613 0.920788 0.081894
v -0.070613 0.920788 0.081894
v -0.070613 0.920788 0.081894
v -0.070613 0.920788 0.081894
v -0.016362 0.900324 0.043736
v -0.016362 0.900324 0.043736
v -0.016362 0.900324 0.043736
v -0.016362 0.900324 0.043736
v -0.016362 0.900324 0.043736
v -0.016362 0.900324 0.043736
v -0.016362 0.900324 0.043736
v -0.016362 0.900324 0.043736
v -0.016362 0.900324 0.043736
v -0.020819 0.906868 0.072709
v -0.020819 0.906868 0.072709
v -0.020819 0.906868 0.072709
v -0.020819 0.906868 0.072709
v 0.000000 0.902255 0.073709
v 0.000000 0.902255 0.073709
v 0.000000 0.902255 0.073709
v 0.000000 0.902255 0.073709
v 0.000000 0.902255 0.073709
v 0.000000 0.902255 0.073709
v 0.000000 0.902255 0.073709
v 0.000000 0.902255 0.073709
v -0.125998 0.875232 0.089849
v -0.125998 0.875232 0.089849
v -0.125998 0.875232 0.089849
v -0.125998 0.875232 0.089849
v -0.125998 0.875232 0.089849
v -0.125998 0.875232 0.089849
v -0.071381 0.878050 0.092028
v -0.071381 0.878050 0.092028
v -0.071381 0.878050 0.092028
v -0.071381 0.878050 0.092028
v -0.071381 0.878050 0.092028
v -0.018717 0.867865 0.045567
v -0.018717 0.867865 0.045567
v -0.018717 0.867865 0.045567
v -0.018717 0.867865 0.045567
v -0.018717 0.867865 0.045567
v -0.018717 0.867865 0.045567
v -0.008132 0.865661 -0.017633
v -0.008132 0.865661 -0.017633
v -0.008132 0.865661 -0.017633
v -0.008132 0.865661 -0.017633
v -0.007900 0.904042 -0.022727
v -0.152802 0.860451 0.017193
v -0.152802 0.860451 0.017193
v -0.152802 0.860451 0.017193
v -0.124459 0.772047 0.093039
v -0.124459 0.772047 0.093039
v -0.124459 0.772047 0.093039
v -0.124459 0.772047 0.093039
v -0.124459 0.772047 0.093039
v -0.124459 0.772047 0.093039
v -0.124459 0.772047 0.093039
v -0.072174 0.771078 0.101014
v -0.072174 0.771078 0.101014
v -0.072174 0.771078 0.101014
v -0.072174 0.771078 0.101014
v -0.072174 0.771078 0.101014
v -0.072174 0.771078 0.101014
v -0.028748 0.768824 0.052095
v -0.028748 0.768824 0.052095
v -0.028748 0.768824 0.052095
v -0.028748 0.768824 0.052095
v -0.028748 0.768824 0.052095
v -0.028748 0.768824 0.052095
v -0.020247 0.763171 -0.002523
v -0.020247 0.763171 -0.002523
v -0.020247 0.763171 -0.002523
v -0.026962 0.635757 0.058583
v -0.026962 0.635757 0.058583
v -0.026962 0.635757 0.058583
v -0.026962 0.635757 0.058583
v -0.026962 0.635757 0.058583
v -0.023943 0.638140 0.012035
v -0.023943 0.638140 0.012035
v -0.023943 0.638140 0.012035
v -0.152459 0.766418 0.025640
v -0.152459 0.766418 0.025640
v -0.141784 0.647000 0.024238
v -0.141784 0.647000 0.024238
v -0.141784 0.647000 0.024238
v -0.141784 0.647000 0.024238
v -0.125597 0.646319 0.085309
v -0.125597 0.646319 0.085309
v -0.125597 0.646319 0.085309
v -0.125597 0.646319 0.085309
v -0.125597 0.646319 0.085309
v -0.064984 0.639183 0.098378
v -0.064984 0.639183 0.098378
v -0.064984 0.639183 0.098378
v -0.064984 0.639183 0.098378
v -0.064984 0.639183 0.098378
v -0.064984 0.639183 0.098378
v -0.064984 0.639183 0.098378
v -0.037724 0.555640 0.065379
v -0.037724 0.555640 0.065379
v -0.037724 0.555640 0.065379
v -0.037724 0.555640 0.065379
v -0.037724 0.555640 0.065379
v -0.037724 0.555640 0.065379
v -0.037724 0.555640 0.065379
v -0.037724 0.555640 0.065379
v -0.031395 0.554853 0.017196
v -0.031395 0.554853 0.017196
v -0.038476 0.517167 0.019525
v -0.038476 0.517167 0.019525
v -0.038476 0.517167 0.019525
v -0.046917 0.514232 0.062655
v -0.046917 0.514232 0.062655
v -0.046917 0.514232 0.062655
v -0.046917 0.514232 0.062655
v -0.046917 0.514232 0.062655
v -0.046917 0.514232 0.062655
v -0.050300 0.478495 0.007735
v -0.050300 0.478495 0.007735
v -0.050300 0.478495 0.007735
v -0.122192 0.576136 0.065525
v -0.122192 0.576136 0.065525
v -0.122192 0.576136 0.065525
v -0.122192 0.576136 0.065525
v -0.122192 0.576136 0.065525
v -0.122192 0.576136 0.065525
v -0.084663 0.567406 0.087316
v -0.084663 0.567406 0.087316
v -0.084663 0.567406 0.087316
v -0.084663 0.567406 0.087316
v -0.084663 0.567406 0.087316
v -0.084599 0.514713 0.082801
v -0.084599 0.514713 0.082801
v -0.084599 0.514713 0.082801
v -0.084599 0.514713 0.082801
v -0.084599 0.514713 0.082801
v -0.084599 0.514713 0.082801
v -0.084599 0.514713 0.082801
v -0.088018 0.463270 0.065076
v -0.088018 0.463270 0.065076
v -0.088018 0.463270 0.065076
v -0.088018 0.463270 0.065076
v -0.088018 0.463270 0.065076
v -0.088018 0.463270 0.065076
v -0.058986 0.468146 0.050304
v -0.058986 0.468146 0.050304
v -0.058986 0.468146 0.050304
v -0.058986 0.468146 0.050304
v -0.058986 0.468146 0.050304
v -0.058986 0.468146 0.050304
v -0.044638 0.399517 -0.008135
v -0.044638 0.399517 -0.008135
v -0.044638 0.399517 -0.008135
v -0.128124 0.575306 0.020632
v -0.128124 0.575306 0.020632
v -0.128124 0.575306 0.020632
v -0.118193 0.520553 0.060798
v -0.118193 0.520553 0.060798
v -0.118193 0.520553 0.060798
v -0.118193 0.520553 0.060798
v -0.118193 0.520553 0.060798
v -0.124806 0.523504 0.018377
v -0.124806 0.523504 0.018377
v -0.124806 0.523504 0.018377
v -0.120371 0.475057 0.048949
v -0.120371 0.475057 0.048949
v -0.120371 0.475057 0.048949
v -0.120371 0.475057 0.048949
v -0.120371 0.475057 0.048949
v -0.120371 0.475057 0.048949
v -0.128446 0.396617 0.041771
v -0.128446 0.396617 0.041771
v -0.128446 0.396617 0.041771
v -0.128446 0.396617 0.041771
v -0.128446 0.396617 0.041771
v -0.128446 0.396617 0.041771
v -0.089716 0.379615 0.062112
v -0.089716 0.379615 0.062112
v -0.089716 0.379615 0.062112
v -0.089716 0.379615 0.062112
v -0.089716 0.379615 0.062112
v -0.089716 0.379615 0.062112
v -0.051222 0.387628 0.039082
v -0.051222 0.387628 0.039082
v -0.051222 0.387628 0.039082
v -0.051222 0.387628 0.039082
v -0.051222 0.387628 0.039082
v -0.051222 0.387628 0.039082
v -0.043953 0.315778 -0.015263
v -0.043953 0.315778 -0.015263
v -0.043953 0.315778 -0.015263
v -0.053267 0.307743 0.030643
v -0.053267 0.307743 0.030643
v -0.053267 0.307743 0.030643
v -0.053267 0.307743 0.030643
v -0.053267 0.307743 0.030643
v -0.053267 0.307743 0.030643
v -0.061378 0.219555 -0.015619
v -0.061378 0.219555 -0.015619
v -0.061378 0.219555 -0.015619
v -0.130016 0.485406 0.006362
v -0.130016 0.485406 0.006362
v -0.130016 0.485406 0.006362
v -0.144843 0.411311 -0.006707
v -0.144843 0.411311 -0.006707
v -0.144843 0.411311 -0.006707
v -0.128191 0.317684 0.035976
v -0.128191 0.317684 0.035976
v -0.128191 0.317684 0.035976
v -0.128191 0.317684 0.035976
v -0.128191 0.317684 0.035976
v -0.128191 0.317684 0.035976
v -0.092106 0.306851 0.055409
v -0.092106 0.306851 0.055409
v -0.092106 0.306851 0.055409
v -0.092106 0.306851 0.055409
v -0.092106 0.306851 0.055409
v -0.092106 0.306851 0.055409
v -0.092978 0.220062 0.042193
v -0.092978 0.220062 0.042193
v -0.092978 0.220062 0.042193
v -0.092978 0.220062 0.042193
v -0.092978 0.220062 0.042193
v -0.092978 0.220062 0.042193
v -0.092978 0.220062 0.042193
v -0.066508 0.218101 0.023047
v -0.066508 0.218101 0.023047
v -0.066508 0.218101 0.023047
v -0.066508 0.218101 0.023047
v -0.066508 0.218101 0.023047
v -0.066508 0.218101 0.023047
v -0.071349 0.145574 -0.015916
v -0.071349 0.145574 -0.015916
v -0.068112 0.145534 0.011447
v -0.068112 0.145534 0.011447
v -0.082371 0.145454 0.031583
v -0.082371 0.145454 0.031583
v -0.082371 0.145454 0.031583
v -0.147845 0.329819 -0.010995
v -0.147845 0.329819 -0.010995
v -0.147845 0.329819 -0.010995
v -0.122339 0.227667 0.025619
v -0.122339 0.227667 0.025619
v -0.122339 0.227667 0.025619
v -0.122339 0.227667 0.025619
v -0.122339 0.227667 0.025619
v -0.122339 0.227667 0.025619
v -0.119424 0.145521 0.015679
v -0.119424 0.145521 0.015679
v -0.119424 0.145521 0.015679
v -0.119424 0.145521 0.015679
v -0.099971 0.145453 0.036364
v -0.099971 0.145453 0.036364
v -0.136415 0.233678 -0.012866
v -0.136415 0.233678 -0.012866
v -0.136415 0.233678 -0.012866
v -0.123546 0.145599 -0.011539
v 0.000000 0.894484 0.043471
v 0.000000 0.894484 0.043471
v 0.000000 0.894484 0.043471
v 0.000000 0.894484 0.043471
v 0.016362 0.900324 0.043736
v 0.016362 0.900324 0.043736
v 0.016362 0.900324 0.043736
v 0.016362 0.900324 0.043736
v 0.016362 0.900324 0.043736
v 0.016362 0.900324 0.043736
v 0.016362 0.900324 0.043736
v 0.016362 0.900324 0.043736
v 0.016362 0.900324 0.043736
v 0.020819 0.906868 0.072709
v 0.020819 0.906868 0.072709
v 0.020819 0.906868 0.072709
v 0.020819 0.906868 0.072709
v 0.022517 0.927839 0.086845
v 0.022517 0.927839 0.086845
v 0.022517 0.927839 0.086845
v 0.022517 0.927839 0.086845
v 0.022517 0.927839 0.086845
v 0.022517 0.927839 0.086845
v 0.028828 0.983175 0.090665
v 0.028828 0.983175 0.090665
v 0.028828 0.983175 0.090665
v 0.028828 0.983175 0.090665
v 0.028828 0.983175 0.090665
v 0.028828 0.983175 0.090665
v 0.000000 0.907660 -0.023018
v 0.000000 0.907660 -0.023018
v 0.000000 0.907660 -0.023018
v 0.000000 0.907660 -0.023018
v 0.007900 0.904042 -0.022727
v -0.007900 0.904042 -0.022727
v 0.029287 1.134380 0.101318
v 0.029287 1.134380 0.101318
v 0.029287 1.134380 0.101318
v 0.029287 1.134380 0.101318
v 0.029287 1.134380 0.101318
v 0.029287 1.134380 0.101318
v 0.029287 1.134380 0.101318
v 0.027659 1.060130 0.091571
v 0.027659 1.060130 0.091571
v 0.027659 1.060130 0.091571
v 0.027659 1.060130 0.091571
v 0.027659 1.060130 0.091571
v 0.068954 1.072550 0.082545
v 0.068954 1.072550 0.082545
v 0.068954 1.072550 0.082545
v 0.068954 1.072550 0.082545
v 0.068954 1.072550 0.082545
v 0.068954 1.072550 0.082545
v 0.068954 1.072550 0.082545
v 0.068595 1.137190 0.085283
v 0.068595 1.137190 0.085283
v 0.068595 1.137190 0.085283
v 0.068595 1.137190 0.085283
v 0.068595 1.137190 0.085283
v 0.028328 1.208943 0.107901
v 0.028328 1.208943 0.107901
v 0.028328 1.208943 0.107901
v 0.028328 1.208943 0.107901
v 0.028328 1.208943 0.107901
v 0.028328 1.208943 0.107901
v 0.000002 1.132870 0.099138
v 0.000002 1.132870 0.099138
v 0.069373 1.006780 0.077501
v 0.069373 1.006780 0.077501
v 0.069373 1.006780 0.077501
v 0.069373 1.006780 0.077501
v 0.069373 1.006780 0.077501
v 0.069373 1.006780 0.077501
v 0.069373 1.006780 0.077501
v 0.119267 1.092140 0.066332
v 0.119267 1.092140 0.066332
v 0.119267 1.092140 0.066332
v 0.119267 1.092140 0.066332
v 0.119267 1.092140 0.066332
v 0.119267 1.092140 0.066332
v 0.110748 1.145000 0.060822
v 0.110748 1.145000 0.060822
v 0.110748 1.145000 0.060822
v 0.110748 1.145000 0.060822
v 0.110748 1.145000 0.060822
v 0.110748 1.145000 0.060822
v 0.069264 1.214404 0.091547
v 0.069264 1.214404 0.091547
v 0.069264 1.214404 0.091547
v 0.069264 1.214404 0.091547
v 0.069264 1.214404 0.091547
v 0.069264 1.214404 0.091547
v 0.010490 1.273512 0.128855
v 0.010490 1.273512 0.128855
v 0.010490 1.273512 0.128855
v 0.010490 1.273512 0.128855
v 0.010490 1.273512 0.128855
v 0.010490 1.273512 0.128855
v 0.069543 0.954143 0.076777
v 0.069543 0.954143 0.076777
v 0.069543 0.954143 0.076777
v 0.069543 0.954143 0.076777
v 0.069543 0.954143 0.076777
v 0.069543 0.954143 0.076777
v 0.123568 1.008090 0.071185
v 0.123568 1.008090 0.071185
v 0.123568 1.008090 0.071185
v 0.123568 1.008090 0.071185
v 0.123568 1.008090 0.071185
v 0.123568 1.008090 0.071185
v 0.123568 1.008090 0.071185
v 0.123568 1.008090 0.071185
v 0.122065 1.041300 0.068569
v 0.122065 1.041300 0.068569
v 0.122065 1.041300 0.068569
v 0.122065 1.041300 0.068569
v 0.122065 1.041300 0.068569
v 0.134650 1.105390 0.009875
v 0.134650 1.105390 0.009875
v 0.134650 1.105390 0.009875
v 0.125728 1.149990 0.015482
v 0.125728 1.149990 0.015482
v 0.125728 1.149990 0.015482
v 0.125728 1.149990 0.015482
v 0.110116 1.218359 0.064215
v 0.110116 1.218359 0.064215
v 0.110116 1.218359 0.064215
v 0.110116 1.218359 0.064215
v 0.110116 1.218359 0.064215
v 0.110116 1.218359 0.064215
v 0.070613 0.920788 0.081894
v 0.070613 0.920788 0.081894
v 0.070613 0.920788 0.081894
v 0.070613 0.920788 0.081894
v 0.070613 0.920788 0.081894
v 0.070613 0.920788 0.081894
v 0.124675 0.963702 0.078677
v 0.124675 0.963702 0.078677
v 0.124675 0.963702 0.078677
v 0.124675 0.963702 0.078677
v 0.124675 0.963702 0.078677
v 0.151746 0.969950 0.009906
v 0.151746 0.969950 0.009906
v 0.151746 0.969950 0.009906
v 0.151746 0.969950 0.009906
v 0.147299 1.018010 0.006354
v 0.147299 1.018010 0.006354
v 0.141418 1.057700 0.007704
v 0.141418 1.057700 0.007704
v 0.141418 1.057700 0.007704
v 0.018717 0.867865 0.045567
v 0.018717 0.867865 0.045567
v 0.018717 0.867865 0.045567
v 0.018717 0.867865 0.045567
v 0.018717 0.867865 0.045567
v 0.018717 0.867865 0.045567
v 0.071381 0.878050 0.092028
v 0.071381 0.878050 0.092028
v 0.071381 0.878050 0.092028
v 0.071381 0.878050 0.092028
v 0.071381 0.878050 0.092028
v 0.125998 0.875233 0.089849
v 0.125998 0.875233 0.089849
v 0.125998 0.875233 0.089849
v 0.125998 0.875233 0.089849
v 0.125998 0.875233 0.089849
v 0.125998 0.875233 0.089849
v 0.152802 0.860451 0.017193
v 0.152802 0.860451 0.017193
v 0.152802 0.860451 0.017193
v 0.124459 0.772047 0.093039
v 0.124459 0.772047 0.093039
v 0.124459 0.772047 0.093039
v 0.124459 0.772047 0.093039
v 0.124459 0.772047 0.093039
v 0.124459 0.772047 0.093039
v 0.124459 0.772047 0.093039
v 0.152459 0.766418 0.025640
v 0.152459 0.766418 0.025640
v 0.141784 0.647001 0.024238
v 0.141784 0.647001 0.024238
v 0.141784 0.647001 0.024238
v 0.141784 0.647001 0.024238
v 0.008132 0.865661 -0.017633
v 0.008132 0.865661 -0.017633
v 0.008132 0.865661 -0.017633
v 0.008132 0.865661 -0.017633
v 0.028748 0.768824 0.052095
v 0.028748 0.768824 0.052095
v 0.028748 0.768824 0.052095
v 0.028748 0.768824 0.052095
v 0.028748 0.768824 0.052095
v 0.028748 0.768824 0.052095
v 0.072174 0.771079 0.101014
v 0.072174 0.771079 0.101014
v 0.072174 0.771079 0.101014
v 0.072174 0.771079 0.101014
v 0.072174 0.771079 0.101014
v 0.072174 0.771079 0.101014
v 0.064984 0.639184 0.098378
v 0.064984 0.639184 0.098378
v 0.064984 0.639184 0.098378
v 0.064984 0.639184 0.098378
v 0.064984 0.639184 0.098378
v 0.064984 0.639184 0.098378
v 0.064984 0.639184 0.098378
v 0.125597 0.646319 0.085309
v 0.125597 0.646319 0.085309
v 0.125597 0.646319 0.085309
v 0.125597 0.646319 0.085309
v 0.125597 0.646319 0.085309
v 0.122192 0.576136 0.065525
v 0.122192 0.576136 0.065525
v 0.122192 0.576136 0.065525
v 0.122192 0.576136 0.065525
v 0.122192 0.576136 0.065525
v 0.122192 0.576136 0.065525
v 0.128124 0.575306 0.020632
v 0.128124 0.575306 0.020632
v 0.128124 0.575306 0.020632
v 0.007900 0.904042 -0.022727
v 0.026962 0.635758 0.058583
v 0.026962 0.635758 0.058583
v 0.026962 0.635758 0.058583
v 0.026962 0.635758 0.058583
v 0.026962 0.635758 0.058583
v 0.037724 0.555640 0.065379
v 0.037724 0.555640 0.065379
v 0.037724 0.555640 0.065379
v 0.037724 0.555640 0.065379
v 0.037724 0.555640 0.065379
v 0.037724 0.555640 0.065379
v 0.037724 0.555640 0.065379
v 0.037724 0.555640 0.065379
v 0.084663 0.567406 0.087316
v 0.084663 0.567406 0.087316
v 0.084663 0.567406 0.087316
v 0.084663 0.567406 0.087316
v 0.084663 0.567406 0.087316
v 0.084599 0.514713 0.082801
v 0.084599 0.514713 0.082801
v 0.084599 0.514713 0.082801
v 0.084599 0.514713 0.082801
v 0.084599 0.514713 0.082801
v 0.084599 0.514713 0.082801
v 0.084599 0.514713 0.082801
v 0.118193 0.520553 0.060798
v 0.118193 0.520553 0.060798
v 0.118193 0.520553 0.060798
v 0.118193 0.520553 0.060798
v 0.118193 0.520553 0.060798
v 0.124806 0.523504 0.018377
v 0.124806 0.523504 0.018377
v 0.124806 0.523504 0.018377
v 0.020247 0.763172 -0.002523
v 0.020247 0.763172 -0.002523
v 0.020247 0.763172 -0.002523
v 0.023943 0.638141 0.012035
v 0.023943 0.638141 0.012035
v 0.023943 0.638141 0.012035
v 0.031395 0.554853 0.017196
v 0.031395 0.554853 0.017196
v 0.038476 0.517167 0.019525
v 0.038476 0.517167 0.019525
v 0.038476 0.517167 0.019525
v 0.046917 0.514232 0.062655
v 0.046917 0.514232 0.062655
v 0.046917 0.514232 0.062655
v 0.046917 0.514232 0.062655
v 0.046917 0.514232 0.062655
v 0.046917 0.514232 0.062655
v 0.050300 0.478495 0.007735
v 0.050300 0.478495 0.007735
v 0.050300 0.478495 0.007735
v 0.058986 0.468146 0.050304
v 0.058986 0.468146 0.050304
v 0.058986 0.468146 0.050304
v 0.058986 0.468146 0.050304
v 0.058986 0.468146 0.050304
v 0.058986 0.468146 0.050304
v 0.088018 0.463270 0.065077
v 0.088018 0.463270 0.065077
v 0.088018 0.463270 0.065077
v 0.088018 0.463270 0.065077
v 0.088018 0.463270 0.065077
v 0.088018 0.463270 0.065077
v 0.120371 0.475057 0.048950
v 0.120371 0.475057 0.048950
v 0.120371 0.475057 0.048950
v 0.120371 0.475057 0.048950
v 0.120371 0.475057 0.048950
v 0.120371 0.475057 0.048950
v 0.130016 0.485406 0.006362
v 0.130016 0.485406 0.006362
v 0.130016 0.485406 0.006362
v 0.044638 0.399517 -0.008135
v 0.044638 0.399517 -0.008135
v 0.044638 0.399517 -0.008135
v 0.051222 0.387628 0.039082
v 0.051222 0.387628 0.039082
v 0.051222 0.387628 0.039082
v 0.051222 0.387628 0.039082
v 0.051222 0.387628 0.039082
v 0.051222 0.387628 0.039082
v 0.089716 0.379615 0.062112
v 0.089716 0.379615 0.062112
v 0.089716 0.379615 0.062112
v 0.089716 0.379615 0.062112
v 0.089716 0.379615 0.062112
v 0.089716 0.379615 0.062112
v 0.128446 0.396617 0.041771
v 0.128446 0.396617 0.041771
v 0.128446 0.396617 0.041771
v 0.128446 0.396617 0.041771
v 0.128446 0.396617 0.041771
v 0.128446 0.396617 0.041771
v 0.144843 0.411311 -0.006707
v 0.144843 0.411311 -0.006707
v 0.144843 0.411311 -0.006707
v 0.128191 0.317684 0.035976
v 0.128191 0.317684 0.035976
v 0.128191 0.317684 0.035976
v 0.128191 0.317684 0.035976
v 0.128191 0.317684 0.035976
v 0.128191 0.317684 0.035976
v 0.147845 0.329819 -0.010995
v 0.147845 0.329819 -0.010995
v 0.147845 0.329819 -0.010995
v 0.043953 0.315778 -0.015263
v 0.043953 0.315778 -0.015263
v 0.043953 0.315778 -0.015263
v 0.053267 0.307743 0.030643
v 0.053267 0.307743 0.030643
v 0.053267 0.307743 0.030643
v 0.053267 0.307743 0.030643
v 0.053267 0.307743 0.030643
v 0.053267 0.307743 0.030643
v 0.092106 0.306851 0.055409
v 0.092106 0.306851 0.055409
v 0.092106 0.306851 0.055409
v 0.092106 0.306851 0.055409
v 0.092106 0.306851 0.055409
v 0.092106 0.306851 0.055409
v 0.061378 0.219555 -0.015619
v 0.061378 0.219555 -0.015619
v 0.061378 0.219555 -0.015619
v 0.066508 0.218101 0.023047
v 0.066508 0.218101 0.023047
v 0.066508 0.218101 0.023047
v 0.066508 0.218101 0.023047
v 0.066508 0.218101 0.023047
v 0.066508 0.218101 0.023047
v 0.092978 0.220062 0.042193
v 0.092978 0.220062 0.042193
v 0.092978 0.220062 0.042193
v 0.092978 0.220062 0.042193
v 0.092978 0.220062 0.042193
v 0.092978 0.220062 0.042193
v 0.092978 0.220062 0.042193
v 0.122339 0.227667 0.025619
v 0.122339 0.227667 0.025619
v 0.122339 0.227667 0.025619
v 0.122339 0.227667 0.025619
v 0.122339 0.227667 0.025619
v 0.122339 0.227667 0.025619
v 0.136415 0.233678 -0.012866
v 0.136415 0.233678 -0.012866
v 0.136415 0.233678 -0.012866
v 0.119424 0.145521 0.015679
v 0.119424 0.145521 0.015679
v 0.119424 0.145521 0.015679
v 0.119424 0.145521 0.015679
v 0.123546 0.145599 -0.011539
v 0.071349 0.145574 -0.015916
v 0.071349 0.145574 -0.015916
v 0.068112 0.145534 0.011447
v 0.068112 0.145534 0.011447
v 0.082371 0.145454 0.031583
v 0.082371 0.145454 0.031583
v 0.082371 0.145454 0.031583
v 0.099971 0.145453 0.036364
v 0.099971 0.145453 0.036364
v 0.124397 1.225683 0.015109
v 0.124397 1.225683 0.015109
v 0.124397 1.225683 0.015109
v 0.105147 1.281340 0.074998
v 0.105147 1.281340 0.074998
v 0.105147 1.281340 0.074998
v 0.105147 1.281340 0.074998
v 0.105147 1.281340 0.074998
v 0.105147 1.281340 0.074998
v 0.057382 1.271658 0.111679
v 0.057382 1.271658 0.111679
v 0.057382 1.271658 0.111679
v 0.057382 1.271658 0.111679
v 0.057382 1.271658 0.111679
v 0.057382 1.271658 0.111679
v -0.002703 1.312587 0.135770
v -0.002703 1.312587 0.135770
v -0.002703 1.312587 0.135770
v -0.002703 1.312587 0.135770
v -0.002703 1.312587 0.135770
v -0.002703 1.312587 0.135770
v 0.118577 1.290134 0.022967
v 0.118577 1.290134 0.022967
v 0.118577 1.290134 0.022967
v 0.095799 1.338701 0.085713
v 0.095799 1.338701 0.085713
v 0.095799 1.338701 0.085713
v 0.095799 1.338701 0.085713
v 0.095799 1.338701 0.085713
v 0.095799 1.338701 0.085713
v 0.095799 1.338701 0.085713
v 0.049549 1.323172 0.129372
v 0.049549 1.323172 0.129372
v 0.049549 1.323172 0.129372
v 0.049549 1.323172 0.129372
v 0.049549 1.323172 0.129372
v 0.049549 1.323172 0.129372
v -0.015030 1.352738 0.139182
v -0.015030 1.352738 0.139182
v -0.015030 1.352738 0.139182
v -0.015030 1.352738 0.139182
v -0.015030 1.352738 0.139182
v -0.015030 1.352738 0.139182
v 0.109317 1.348332 0.028318
v 0.109317 1.348332 0.028318
v 0.109317 1.348332 0.028318
v 0.082805 1.417431 0.069222
v 0.082805 1.417431 0.069222
v 0.082805 1.417431 0.069222
v 0.082805 1.417431 0.069222
v 0.082805 1.417431 0.069222
v 0.082805 1.417431 0.069222
v 0.077863 1.393980 0.103541
v 0.077863 1.393980 0.103541
v 0.077863 1.393980 0.103541
v 0.077863 1.393980 0.103541
v 0.042607 1.365985 0.134839
v 0.042607 1.365985 0.134839
v 0.042607 1.365985 0.134839
v 0.042607 1.365985 0.134839
v 0.042607 1.365985 0.134839
v 0.042607 1.365985 0.134839
v 0.042607 1.365985 0.134839
v -0.018001 1.371415 0.148854
v -0.018001 1.371415 0.148854
v -0.018001 1.371415 0.148854
v -0.018001 1.371415 0.148854
v -0.018001 1.371415 0.148854
v -0.018001 1.371415 0.148854
v 0.092654 1.426959 0.022228
v 0.092654 1.426959 0.022228
v 0.092654 1.426959 0.022228
v 0.081591 1.463473 0.077452
v 0.081591 1.463473 0.077452
v 0.081591 1.463473 0.077452
v 0.081591 1.463473 0.077452
v 0.081591 1.463473 0.077452
v 0.084351 1.418579 0.118358
v 0.084351 1.418579 0.118358
v 0.084351 1.418579 0.118358
v 0.084351 1.418579 0.118358
v 0.084351 1.418579 0.118358
v 0.084351 1.418579 0.118358
v 0.084351 1.418579 0.118358
v 0.043218 1.385041 0.143077
v 0.043218 1.385041 0.143077
v 0.043218 1.385041 0.143077
v 0.043218 1.385041 0.143077
v 0.043218 1.385041 0.143077
v -0.031979 1.417640 0.140614
v -0.031979 1.417640 0.140614
v -0.031979 1.417640 0.140614
v -0.031979 1.417640 0.140614
v -0.031979 1.417640 0.140614
v -0.031979 1.417640 0.140614
v -0.041353 1.417271 0.132713
v -0.041353 1.417271 0.132713
v -0.041353 1.417271 0.132713
v -0.041353 1.417271 0.132713
v -0.041353 1.417271 0.132713
v -0.041353 1.417271 0.132713
v 0.079343 1.482074 0.022251
v 0.296130 0.806104 0.146642
v 0.296130 0.806104 0.146642
v 0.296130 0.806104 0.146642
v 0.286737 0.807831 0.155272
v 0.286737 0.807831 0.155272
v 0.288582 0.801489 0.148506
v 0.283807 0.841704 0.150202
v 0.283807 0.841704 0.150202
v 0.283807 0.841704 0.150202
v 0.283807 0.841704 0.150202
v 0.295575 0.840282 0.139909
v 0.295575 0.840282 0.139909
v 0.295575 0.840282 0.139909
v 0.287647 0.871877 0.140249
v 0.287647 0.871877 0.140249
v 0.287647 0.871877 0.140249
v 0.287647 0.871877 0.140249
v 0.287647 0.871877 0.140249
v 0.278902 0.880189 0.144603
v 0.278902 0.880189 0.144603
v 0.278902 0.880189 0.144603
v 0.278902 0.880189 0.144603
v 0.278902 0.880189 0.144603
v 0.278902 0.880189 0.144603
v 0.288576 0.879070 0.140250
v 0.288576 0.879070 0.140250
v 0.288576 0.879070 0.140250
v 0.288576 0.879070 0.140250
v 0.288576 0.879070 0.140250
v 0.282428 0.925605 0.129436
v 0.282428 0.925605 0.129436
v 0.282428 0.925605 0.129436
v 0.282428 0.925605 0.129436
v 0.282428 0.925605 0.129436
v 0.282428 0.925605 0.129436
v 0.276947 0.881962 0.157175
v 0.276947 0.881962 0.157175
v 0.276947 0.881962 0.157175
v 0.276947 0.881962 0.157175
v 0.276947 0.881962 0.157175
v 0.275831 0.874949 0.157197
v 0.275831 0.874949 0.157197
v 0.275831 0.874949 0.157197
v 0.275831 0.874949 0.157197
v 0.275831 0.874949 0.157197
v 0.280796 0.839455 0.154436
v 0.280796 0.839455 0.154436
v 0.280796 0.839455 0.154436
v 0.288765 0.878123 0.126713
v 0.288765 0.878123 0.126713
v 0.288765 0.878123 0.126713
v 0.279029 0.926391 0.112764
v 0.279029 0.926391 0.112764
v 0.279029 0.926391 0.112764
v 0.279029 0.926391 0.112764
v 0.273073 0.956386 0.119934
v 0.273073 0.956386 0.119934
v 0.273073 0.956386 0.119934
v 0.273073 0.956386 0.119934
v 0.273073 0.956386 0.119934
v 0.273073 0.956386 0.119934
v 0.273073 0.956386 0.119934
v 0.269517 0.925455 0.150213
v 0.269517 0.925455 0.150213
v 0.269517 0.925455 0.150213
v 0.269517 0.925455 0.150213
v 0.269517 0.925455 0.150213
v 0.269517 0.925455 0.150213
v 0.263587 0.881919 0.160260
v 0.263587 0.881919 0.160260
v 0.263587 0.881919 0.160260
v 0.263587 0.881919 0.160260
v 0.263587 0.881919 0.160260
v 0.263587 0.881919 0.160260
v 0.263587 0.881919 0.160260
v 0.267405 0.840843 0.166372
v 0.267405 0.840843 0.166372
v 0.267405 0.840843 0.166372
v 0.267405 0.840843 0.166372
v 0.280756 0.796427 0.164003
v 0.280756 0.796427 0.164003
v 0.280756 0.796427 0.164003
v 0.270683 0.796796 0.172699
v 0.270683 0.796796 0.172699
v 0.273286 0.790101 0.166136
v 0.260520 0.949055 0.104178
v 0.260520 0.949055 0.104178
v 0.260520 0.949055 0.104178
v 0.273801 0.969357 0.117165
v 0.273801 0.969357 0.117165
v 0.273801 0.969357 0.117165
v 0.273801 0.969357 0.117165
v 0.273801 0.969357 0.117165
v 0.273801 0.969357 0.117165
v 0.257310 0.974144 0.142127
v 0.257310 0.974144 0.142127
v 0.257310 0.974144 0.142127
v 0.257310 0.974144 0.142127
v 0.257310 0.974144 0.142127
v 0.257310 0.974144 0.142127
v 0.257310 0.974144 0.142127
v 0.258197 0.961931 0.145464
v 0.258197 0.961931 0.145464
v 0.258197 0.961931 0.145464
v 0.258197 0.961931 0.145464
v 0.258197 0.961931 0.145464
v 0.258197 0.961931 0.145464
v 0.258197 0.961931 0.145464
v 0.253250 0.927841 0.166117
v 0.253250 0.927841 0.166117
v 0.253250 0.927841 0.166117
v 0.253250 0.927841 0.166117
v 0.253250 0.927841 0.166117
v 0.253250 0.927841 0.166117
v 0.253250 0.927841 0.166117
v 0.261362 0.883955 0.174934
v 0.261362 0.883955 0.174934
v 0.261362 0.883955 0.174934
v 0.261362 0.883955 0.174934
v 0.260208 0.877041 0.174644
v 0.260208 0.877041 0.174644
v 0.260208 0.877041 0.174644
v 0.260208 0.877041 0.174644
v 0.260208 0.877041 0.174644
v 0.265203 0.841327 0.170424
v 0.265203 0.841327 0.170424
v 0.265203 0.841327 0.170424
v 0.257624 0.963835 0.101485
v 0.257624 0.963835 0.101485
v 0.260922 1.086996 0.069110
v 0.260922 1.086996 0.069110
v 0.260922 1.086996 0.069110
v 0.268252 1.095603 0.097839
v 0.268252 1.095603 0.097839
v 0.268252 1.095603 0.097839
v 0.268252 1.095603 0.097839
v 0.268252 1.095603 0.097839
v 0.268252 1.095603 0.097839
v 0.247245 1.099460 0.128065
v 0.247245 1.099460 0.128065
v 0.247245 1.099460 0.128065
v 0.247245 1.099460 0.128065
v 0.247245 1.099460 0.128065
v 0.212861 1.095374 0.130647
v 0.212861 1.095374 0.130647
v 0.212861 1.095374 0.130647
v 0.212861 1.095374 0.130647
v 0.226499 0.972961 0.147818
v 0.226499 0.972961 0.147818
v 0.226499 0.972961 0.147818
v 0.250075 1.173122 0.040939
v 0.250075 1.173122 0.040939
v 0.250075 1.173122 0.040939
v 0.250075 1.173122 0.040939
v 0.259385 1.180451 0.082041
v 0.259385 1.180451 0.082041
v 0.259385 1.180451 0.082041
v 0.259385 1.180451 0.082041
v 0.259385 1.180451 0.082041
v 0.259385 1.180451 0.082041
v 0.238438 1.180276 0.116865
v 0.238438 1.180276 0.116865
v 0.238438 1.180276 0.116865
v 0.238438 1.180276 0.116865
v 0.238438 1.180276 0.116865
v 0.238438 1.180276 0.116865
v 0.201745 1.173411 0.115889
v 0.201745 1.173411 0.115889
v 0.193766 1.220417 0.099858
v 0.193766 1.220417 0.099858
v 0.193766 1.220417 0.099858
v 0.193766 1.220417 0.099858
v 0.226393 1.226999 0.095895
v 0.226393 1.226999 0.095895
v 0.226393 1.226999 0.095895
v 0.226393 1.226999 0.095895
v 0.226393 1.226999 0.095895
v 0.221816 1.241956 0.093092
v 0.221816 1.241956 0.093092
v 0.221816 1.241956 0.093092
v 0.221816 1.241956 0.093092
v 0.221816 1.241956 0.093092
v 0.221816 1.241956 0.093092
v 0.187122 1.247289 0.096529
v 0.187122 1.247289 0.096529
v 0.187122 1.247289 0.096529
v 0.244879 1.223958 0.068275
v 0.244879 1.223958 0.068275
v 0.244879 1.223958 0.068275
v 0.244879 1.223958 0.068275
v 0.244879 1.223958 0.068275
v 0.244879 1.223958 0.068275
v 0.238602 1.219683 0.032814
v 0.238602 1.219683 0.032814
v 0.238602 1.219683 0.032814
v 0.241175 1.250000 0.061371
v 0.241175 1.250000 0.061371
v 0.241175 1.250000 0.061371
v 0.241175 1.250000 0.061371
v 0.241175 1.250000 0.061371
v 0.241175 1.250000 0.061371
v 0.241175 1.250000 0.061371
v 0.234644 1.248789 0.028299
v 0.234644 1.248789 0.028299
v 0.223110 1.276721 0.032533
v 0.223110 1.276721 0.032533
v 0.223110 1.276721 0.032533
v 0.228892 1.277339 0.059061
v 0.228892 1.277339 0.059061
v 0.228892 1.277339 0.059061
v 0.228892 1.277339 0.059061
v 0.228892 1.277339 0.059061
v 0.219662 1.267143 0.090928
v 0.219662 1.267143 0.090928
v 0.219662 1.267143 0.090928
v 0.219662 1.267143 0.090928
v 0.219662 1.267143 0.090928
v 0.219662 1.267143 0.090928
v 0.219662 1.267143 0.090928
v 0.177098 1.268984 0.102307
v 0.177098 1.268984 0.102307
v 0.177098 1.268984 0.102307
v 0.184441 1.373045 0.089548
v 0.184441 1.373045 0.089548
v 0.184441 1.373045 0.089548
v 0.184441 1.373045 0.089548
v 0.184441 1.373045 0.089548
v 0.184441 1.373045 0.089548
v 0.140830 1.354741 0.103867
v 0.140830 1.354741 0.103867
v 0.119042 1.434086 0.104526
v 0.119042 1.434086 0.104526
v 0.119042 1.434086 0.104526
v 0.119042 1.434086 0.104526
v 0.200450 1.378238 0.018164
v 0.200450 1.378238 0.018164
v 0.200450 1.378238 0.018164
v 0.200450 1.378238 0.018164
v 0.207589 1.382551 0.059063
v 0.207589 1.382551 0.059063
v 0.207589 1.382551 0.059063
v 0.207589 1.382551 0.059063
v 0.207589 1.382551 0.059063
v 0.207589 1.382551 0.059063
v 0.166785 1.427211 0.090266
v 0.166785 1.427211 0.090266
v 0.166785 1.427211 0.090266
v 0.166785 1.427211 0.090266
v 0.166785 1.427211 0.090266
v 0.166785 1.427211 0.090266
v 0.118910 1.466122 0.112982
v 0.118910 1.466122 0.112982
v 0.118910 1.466122 0.112982
v 0.118910 1.466122 0.112982
v 0.118910 1.466122 0.112982
v 0.118910 1.466122 0.112982
v 0.093728 1.461288 0.097974
v 0.093728 1.461288 0.097974
v 0.075054 1.488894 0.098757
v 0.075054 1.488894 0.098757
v 0.075054 1.488894 0.098757
v 0.106146 1.522732 0.113599
v 0.106146 1.522732 0.113599
v 0.106146 1.522732 0.113599
v 0.106146 1.522732 0.113599
v 0.106146 1.522732 0.113599
v 0.106146 1.522732 0.113599
v 0.073474 1.500757 0.101188
v 0.073474 1.500757 0.101188
v 0.073474 1.500757 0.101188
v 0.191520 1.438983 0.055646
v 0.191520 1.438983 0.055646
v 0.191520 1.438983 0.055646
v 0.191520 1.438983 0.055646
v 0.191520 1.438983 0.055646
v 0.191520 1.438983 0.055646
v 0.161289 1.474354 0.096754
v 0.161289 1.474354 0.096754
v 0.161289 1.474354 0.096754
v 0.161289 1.474354 0.096754
v 0.161289 1.474354 0.096754
v 0.161289 1.474354 0.096754
v 0.137768 1.542675 0.086466
v 0.137768 1.542675 0.086466
v 0.137768 1.542675 0.086466
v 0.137768 1.542675 0.086466
v 0.137768 1.542675 0.086466
v 0.137768 1.542675 0.086466
v 0.082613 1.552179 0.095465
v 0.082613 1.552179 0.095465
v 0.082613 1.552179 0.095465
v 0.082613 1.552179 0.095465
v 0.082613 1.552179 0.095465
v 0.065314 1.556458 0.085253
v 0.065314 1.556458 0.085253
v 0.065314 1.556458 0.085253
v 0.099570 1.571144 0.065236
v 0.099570 1.571144 0.065236
v 0.099570 1.571144 0.065236
v 0.099570 1.571144 0.065236
v 0.099570 1.571144 0.065236
v 0.099570 1.571144 0.065236
v 0.078468 1.576171 0.054300
v 0.078468 1.576171 0.054300
v 0.078468 1.576171 0.054300
v 0.179411 1.445374 0.017064
v 0.179411 1.445374 0.017064
v 0.179411 1.445374 0.017064
v 0.186251 1.482280 0.055407
v 0.186251 1.482280 0.055407
v 0.186251 1.482280 0.055407
v 0.186251 1.482280 0.055407
v 0.186251 1.482280 0.055407
v 0.186251 1.482280 0.055407
v 0.186251 1.482280 0.055407
v 0.161566 1.542146 0.045521
v 0.161566 1.542146 0.045521
v 0.161566 1.542146 0.045521
v 0.161566 1.542146 0.045521
v 0.161566 1.542146 0.045521
v 0.173538 1.483766 0.013605
v 0.173538 1.483766 0.013605
v 0.156462 1.530813 0.002642
v 0.156462 1.530813 0.002642
v 0.156462 1.530813 0.002642
v 0.156462 1.530813 0.002642
v 0.116731 1.570717 0.029113
v 0.116731 1.570717 0.029113
v 0.116731 1.570717 0.029113
v 0.116731 1.570717 0.029113
v 0.116731 1.570717 0.029113
v 0.116731 1.570717 0.029113
v 0.091829 1.576825 0.018678
v 0.091829 1.576825 0.018678
v 0.108850 1.550434 -0.024618
v 0.108850 1.550434 -0.024618
v 0.228135 0.960347 0.151864
v 0.228135 0.960347 0.151864
v 0.228135 0.960347 0.151864
v 0.228135 0.960347 0.151864
v 0.235178 0.927801 0.174008
v 0.235178 0.927801 0.174008
v 0.235178 0.927801 0.174008
v 0.235178 0.927801 0.174008
v 0.235178 0.927801 0.174008
v 0.235178 0.927801 0.174008
v 0.235178 0.927801 0.174008
v 0.239527 0.885684 0.188872
v 0.239527 0.885684 0.188872
v 0.239527 0.885684 0.188872
v 0.239527 0.885684 0.188872
v 0.239527 0.885684 0.188872
v 0.245517 0.885191 0.176158
v 0.245517 0.885191 0.176158
v 0.245517 0.885191 0.176158
v 0.245517 0.885191 0.176158
v 0.245517 0.885191 0.176158
v 0.245517 0.885191 0.176158
v 0.213851 0.935905 0.175761
v 0.213851 0.935905 0.175761
v 0.213851 0.935905 0.175761
v 0.213851 0.935905 0.175761
v 0.213851 0.935905 0.175761
v 0.218609 0.912321 0.180731
v 0.218609 0.912321 0.180731
v 0.218609 0.912321 0.180731
v 0.218609 0.912321 0.180731
v 0.218609 0.912321 0.180731
v 0.218609 0.912321 0.180731
v 0.218609 0.912321 0.180731
v 0.224179 0.885820 0.185095
v 0.224179 0.885820 0.185095
v 0.224179 0.885820 0.185095
v 0.224179 0.885820 0.185095
v 0.224179 0.885820 0.185095
v 0.238480 0.878820 0.188197
v 0.238480 0.878820 0.188197
v 0.238480 0.878820 0.188197
v 0.238480 0.878820 0.188197
v 0.238480 0.878820 0.188197
v 0.245112 0.846746 0.185676
v 0.245112 0.846746 0.185676
v 0.245112 0.846746 0.185676
v 0.245112 0.846746 0.185676
v 0.206318 0.939182 0.161561
v 0.206318 0.939182 0.161561
v 0.206318 0.939182 0.161561
v 0.207235 0.923864 0.183225
v 0.207235 0.923864 0.183225
v 0.207235 0.923864 0.183225
v 0.207235 0.923864 0.183225
v 0.207235 0.923864 0.183225
v 0.207235 0.923864 0.183225
v 0.201859 0.903279 0.196228
v 0.201859 0.903279 0.196228
v 0.201859 0.903279 0.196228
v 0.201859 0.903279 0.196228
v 0.201859 0.903279 0.196228
v 0.201859 0.903279 0.196228
v 0.201859 0.903279 0.196228
v 0.204253 0.895995 0.189876
v 0.204253 0.895995 0.189876
v 0.204253 0.895995 0.189876
v 0.217352 0.903911 0.175804
v 0.217352 0.903911 0.175804
v 0.199498 0.924332 0.174064
v 0.199498 0.924332 0.174064
v 0.187956 0.903634 0.193276
v 0.187956 0.903634 0.193276
v 0.187956 0.903634 0.193276
v 0.183867 0.897020 0.199325
v 0.183867 0.897020 0.199325
v 0.183867 0.897020 0.199325
v 0.198269 0.897062 0.203942
v 0.198269 0.897062 0.203942
v 0.198269 0.897062 0.203942
v 0.198269 0.897062 0.203942
v 0.200276 0.888545 0.196818
v 0.200276 0.888545 0.196818
v 0.200276 0.888545 0.196818
v 0.200276 0.888545 0.196818
v 0.182445 0.883326 0.218232
v 0.182445 0.883326 0.218232
v 0.182445 0.883326 0.218232
v 0.182445 0.883326 0.218232
v 0.186392 0.875681 0.212393
v 0.186392 0.875681 0.212393
v 0.176236 0.876064 0.213920
v 0.231959 0.848750 0.196913
v 0.231959 0.848750 0.196913
v 0.231959 0.848750 0.196913
v 0.235571 0.806454 0.203168
v 0.235571 0.806454 0.203168
v 0.235571 0.806454 0.203168
v 0.246215 0.804930 0.194011
v 0.246215 0.804930 0.194011
v 0.237927 0.800110 0.196465
v 0.252256 0.842976 0.181954
v 0.252256 0.842976 0.181954
v 0.252256 0.842976 0.181954
v 0.252256 0.842976 0.181954
v 0.267493 0.793571 0.179473
v 0.267493 0.793571 0.179473
v 0.267493 0.793571 0.179473
v 0.255558 0.794361 0.189770
v 0.255558 0.794361 0.189770
v 0.259782 0.786692 0.182610
v -0.123955 1.579236 0.035411
v -0.123955 1.579236 0.035411
v -0.123955 1.579236 0.035411
v -0.108318 1.587619 0.074266
v -0.108318 1.587619 0.074266
v -0.108318 1.587619 0.074266
v -0.121996 1.602966 0.044240
v -0.108940 1.556144 0.059282
v -0.108940 1.556144 0.059282
v -0.108940 1.556144 0.059282
v -0.108940 1.556144 0.059282
v -0.108940 1.556144 0.059282
v -0.108940 1.556144 0.059282
v -0.108940 1.556144 0.059282
v -0.108940 1.556144 0.059282
v -0.071570 1.583548 0.087283
v -0.071570 1.583548 0.087283
v -0.071570 1.583548 0.087283
v -0.071570 1.583548 0.087283
v -0.071570 1.583548 0.087283
v -0.071570 1.583548 0.087283
v -0.078126 1.550935 0.073792
v -0.078126 1.550935 0.073792
v -0.078126 1.550935 0.073792
v -0.078126 1.550935 0.073792
v -0.078126 1.550935 0.073792
v -0.059871 1.541623 0.077566
v -0.059871 1.541623 0.077566
v -0.059871 1.541623 0.077566
v -0.059871 1.541623 0.077566
v -0.045276 1.555814 0.073804
v -0.045276 1.555814 0.073804
v -0.045276 1.555814 0.073804
v -0.045276 1.555814 0.073804
v -0.045276 1.555814 0.073804
v -0.017194 1.569735 0.059135
v -0.017194 1.569735 0.059135
v -0.017194 1.569735 0.059135
v -0.017194 1.569735 0.059135
v -0.017194 1.569735 0.059135
v -0.017194 1.569735 0.059135
v -0.017194 1.569735 0.059135
v -0.017194 1.569735 0.059135
v -0.034410 1.593238 0.076972
v -0.034410 1.593238 0.076972
v -0.034410 1.593238 0.076972
v -0.173733 1.553175 0.035063
v -0.173733 1.553175 0.035063
v -0.173733 1.553175 0.035063
v -0.167365 1.525657 0.070802
v -0.167365 1.525657 0.070802
v -0.167365 1.525657 0.070802
v -0.167365 1.525657 0.070802
v -0.167365 1.525657 0.070802
v -0.167365 1.525657 0.070802
v -0.124243 1.539544 0.079571
v -0.124243 1.539544 0.079571
v -0.124243 1.539544 0.079571
v -0.124243 1.539544 0.079571
v -0.124243 1.539544 0.079571
v -0.124243 1.539544 0.079571
v -0.087437 1.541616 0.087375
v -0.087437 1.541616 0.087375
v -0.087437 1.541616 0.087375
v -0.087437 1.541616 0.087375
v -0.087437 1.541616 0.087375
v -0.058906 1.535255 0.088418
v -0.058906 1.535255 0.088418
v -0.058906 1.535255 0.088418
v -0.058906 1.535255 0.088418
v -0.058906 1.535255 0.088418
v -0.058906 1.535255 0.088418
v -0.058906 1.535255 0.088418
v -0.058906 1.535255 0.088418
v -0.033453 1.549621 0.087282
v -0.033453 1.549621 0.087282
v -0.033453 1.549621 0.087282
v -0.033453 1.549621 0.087282
v -0.033453 1.549621 0.087282
v -0.205143 1.530934 0.035937
v -0.205143 1.530934 0.035937
v -0.191101 1.514764 0.073381
v -0.191101 1.514764 0.073381
v -0.096445 1.475788 0.116600
v -0.096445 1.475788 0.116600
v -0.096445 1.475788 0.116600
v -0.096445 1.475788 0.116600
v -0.096445 1.475788 0.116600
v -0.096445 1.475788 0.116600
v -0.096445 1.475788 0.116600
v -0.050917 1.481652 0.111832
v -0.050917 1.481652 0.111832
v -0.050917 1.481652 0.111832
v -0.050917 1.481652 0.111832
v -0.050917 1.481652 0.111832
v -0.050917 1.481652 0.111832
v -0.005631 1.489254 0.116443
v -0.005631 1.489254 0.116443
v -0.005631 1.489254 0.116443
v -0.005631 1.489254 0.116443
v -0.005631 1.489254 0.116443
v -0.005631 1.489254 0.116443
v -0.005631 1.489254 0.116443
v 0.001632 1.558207 0.079313
v 0.001632 1.558207 0.079313
v 0.001632 1.558207 0.079313
v 0.001632 1.558207 0.079313
v 0.001632 1.558207 0.079313
v 0.001632 1.558207 0.079313
v -0.050399 1.414817 0.140630
v -0.050399 1.414817 0.140630
v -0.050399 1.414817 0.140630
v -0.050399 1.414817 0.140630
v -0.050399 1.414817 0.140630
v -0.050399 1.414817 0.140630
v 0.024334 1.434915 0.135879
v 0.024334 1.434915 0.135879
v 0.024334 1.434915 0.135879
v 0.024334 1.434915 0.135879
v 0.024334 1.434915 0.135879
v 0.024334 1.434915 0.135879
v 0.039280 1.499384 0.110848
v 0.039280 1.499384 0.110848
v 0.039280 1.499384 0.110848
v 0.039280 1.499384 0.110848
v 0.039280 1.499384 0.110848
v 0.065136 1.458731 0.122702
v 0.065136 1.458731 0.122702
v 0.065136 1.458731 0.122702
v 0.065136 1.458731 0.122702
v 0.065136 1.458731 0.122702
v 0.073474 1.500757 0.101188
v 0.073474 1.500757 0.101188
v 0.073474 1.500757 0.101188
v 0.073474 1.500757 0.101188
v 0.073474 1.500757 0.101188
v 0.042595 1.558060 0.075532
v 0.042595 1.558060 0.075532
v 0.042595 1.558060 0.075532
v 0.042595 1.558060 0.075532
v 0.042595 1.558060 0.075532
v 0.042595 1.558060 0.075532
v 0.065314 1.556458 0.085253
v 0.065314 1.556458 0.085253
v 0.078468 1.576171 0.054300
v 0.078468 1.576171 0.054300
v 0.043543 1.586250 0.042139
v 0.043543 1.586250 0.042139
v 0.043543 1.586250 0.042139
v -0.010068 1.595511 0.035885
v -0.010068 1.595511 0.035885
v -0.010068 1.595511 0.035885
v -0.021760 1.609728 0.048400
v -0.092058 -0.000026 0.193863
v -0.092058 -0.000026 0.193863
v -0.092058 -0.000026 0.193863
v -0.092058 -0.000026 0.193863
v -0.108283 0.021031 0.189768
v -0.108283 0.021031 0.189768
v -0.108283 0.021031 0.189768
v -0.108276 -0.000026 0.188711
v -0.091499 0.021031 0.194613
v -0.091499 0.021031 0.194613
v -0.091499 0.021031 0.194613
v -0.091499 0.021031 0.194613
v -0.091499 0.021031 0.194613
v -0.091499 0.021031 0.194613
v -0.108342 0.037388 0.147255
v -0.108342 0.037388 0.147255
v -0.108342 0.037388 0.147255
v -0.086533 0.035431 0.150250
v -0.086533 0.035431 0.150250
v -0.086533 0.035431 0.150250
v -0.086533 0.035431 0.150250
v -0.086533 0.035431 0.150250
v -0.086533 0.035431 0.150250
v -0.107744 0.040179 0.127416
v -0.107744 0.040179 0.127416
v -0.107744 0.040179 0.127416
v -0.085685 0.038269 0.128467
v -0.085685 0.038269 0.128467
v -0.085685 0.038269 0.128467
v -0.085685 0.038269 0.128467
v -0.085685 0.038269 0.128467
v -0.103740 0.057967 0.098352
v -0.103740 0.057967 0.098352
v -0.103740 0.057967 0.098352
v -0.103740 0.057967 0.098352
v -0.073197 0.021032 0.184283
v -0.073197 0.021032 0.184283
v -0.073197 0.021032 0.184283
v -0.073197 0.021032 0.184283
v -0.073197 0.021032 0.184283
v -0.073197 0.021032 0.184283
v -0.070991 0.029840 0.149950
v -0.070991 0.029840 0.149950
v -0.070991 0.029840 0.149950
v -0.070991 0.029840 0.149950
v -0.070991 0.029840 0.149950
v -0.070991 0.029840 0.149950
v -0.073310 0.032971 0.124486
v -0.073310 0.032971 0.124486
v -0.073310 0.032971 0.124486
v -0.073310 0.032971 0.124486
v -0.073310 0.032971 0.124486
v -0.073310 0.032971 0.124486
v -0.073310 0.032971 0.124486
v -0.082672 0.051129 0.093536
v -0.082672 0.051129 0.093536
v -0.082672 0.051129 0.093536
v -0.082672 0.051129 0.093536
v -0.082672 0.051129 0.093536
v -0.079203 0.074337 0.057324
v -0.079203 0.074337 0.057324
v -0.079203 0.074337 0.057324
v -0.079203 0.074337 0.057324
v -0.079203 0.074337 0.057324
v -0.079203 0.074337 0.057324
v -0.079203 0.074337 0.057324
v -0.100572 0.078467 0.063773
v -0.100572 0.078467 0.063773
v -0.100572 0.078467 0.063773
v -0.074513 -0.000026 0.183552
v -0.074513 -0.000026 0.183552
v -0.067318 -0.000026 0.150380
v -0.067318 -0.000026 0.150380
v -0.067318 -0.000026 0.150380
v -0.066008 0.021031 0.150308
v -0.066008 0.021031 0.150308
v -0.066008 0.021031 0.150308
v -0.066008 0.021031 0.150308
v -0.066008 0.021031 0.150308
v -0.064873 0.021031 0.119492
v -0.064873 0.021031 0.119492
v -0.064873 0.021031 0.119492
v -0.064873 0.021031 0.119492
v -0.064873 0.021031 0.119492
v -0.064873 0.021031 0.119492
v -0.075527 0.021032 0.035644
v -0.075527 0.021032 0.035644
v -0.075527 0.021032 0.035644
v -0.075527 0.021032 0.035644
v -0.075527 0.021032 0.035644
v -0.075527 0.021032 0.035644
v -0.074127 0.041082 0.082697
v -0.074127 0.041082 0.082697
v -0.074127 0.041082 0.082697
v -0.074127 0.041082 0.082697
v -0.074127 0.041082 0.082697
v -0.066184 -0.000026 0.119386
v -0.066184 -0.000026 0.119386
v -0.066184 -0.000026 0.119386
v -0.082600 -0.000026 0.035626
v -0.082600 -0.000026 0.035626
v -0.082600 -0.000026 0.035626
v -0.082600 -0.000026 0.035626
v -0.063761 0.021029 -0.019484
v -0.063761 0.021029 -0.019484
v -0.063761 0.021029 -0.019484
v -0.063761 0.021029 -0.019484
v -0.063761 0.021029 -0.019484
v -0.063761 0.021029 -0.019484
v -0.063761 0.021029 -0.019484
v -0.071512 0.063763 -0.000545
v -0.071512 0.063763 -0.000545
v -0.071512 0.063763 -0.000545
v -0.071512 0.063763 -0.000545
v -0.071512 0.063763 -0.000545
v -0.071512 0.063763 -0.000545
v -0.071512 0.063763 -0.000545
v -0.071512 0.063763 -0.000545
v -0.065003 0.080633 0.007255
v -0.065003 0.080633 0.007255
v -0.065003 0.080633 0.007255
v -0.065003 0.080633 0.007255
v -0.065003 0.080633 0.007255
v -0.065003 0.080633 0.007255
v -0.080868 0.089788 0.042262
v -0.080868 0.089788 0.042262
v -0.080868 0.089788 0.042262
v -0.080868 0.089788 0.042262
v -0.080868 0.089788 0.042262
v -0.080868 0.089788 0.042262
v -0.099696 0.089716 0.048965
v -0.099696 0.089716 0.048965
v -0.099696 0.089716 0.048965
v -0.064842 -0.000026 -0.018786
v -0.064842 -0.000026 -0.018786
v -0.068128 -0.000026 -0.042247
v -0.068128 -0.000026 -0.042247
v -0.068128 -0.000026 -0.042247
v -0.068128 -0.000026 -0.042247
v -0.066665 0.021028 -0.044313
v -0.066665 0.021028 -0.044313
v -0.066665 0.021028 -0.044313
v -0.066665 0.021028 -0.044313
v -0.066665 0.021028 -0.044313
v -0.069374 0.036412 -0.045425
v -0.069374 0.036412 -0.045425
v -0.069374 0.036412 -0.045425
v -0.069374 0.036412 -0.045425
v -0.069374 0.036412 -0.045425
v -0.084584 0.063685 -0.053394
v -0.084584 0.063685 -0.053394
v -0.084584 0.063685 -0.053394
v -0.084584 0.063685 -0.053394
v -0.084584 0.063685 -0.053394
v -0.084584 0.063685 -0.053394
v -0.084584 0.063685 -0.053394
v -0.067448 0.080632 -0.016437
v -0.067448 0.080632 -0.016437
v -0.067448 0.080632 -0.016437
v -0.067448 0.080632 -0.016437
v -0.067448 0.080632 -0.016437
v -0.071413 0.102660 -0.016469
v -0.071413 0.102660 -0.016469
v -0.071413 0.102660 -0.016469
v -0.071413 0.102660 -0.016469
v -0.071413 0.102660 -0.016469
v -0.071413 0.102660 -0.016469
v -0.071413 0.102660 -0.016469
v -0.067417 0.102663 0.008419
v -0.067417 0.102663 0.008419
v -0.067417 0.102663 0.008419
v -0.067417 0.102663 0.008419
v -0.067417 0.102663 0.008419
v -0.081021 0.021031 -0.065725
v -0.081021 0.021031 -0.065725
v -0.081021 0.021031 -0.065725
v -0.081021 0.021031 -0.065725
v -0.081021 0.021031 -0.065725
v -0.081021 0.021031 -0.065725
v -0.080476 0.036450 -0.064607
v -0.080476 0.036450 -0.064607
v -0.080476 0.036450 -0.064607
v -0.080476 0.036450 -0.064607
v -0.080476 0.036450 -0.064607
v -0.080476 0.036450 -0.064607
v -0.096416 0.063707 -0.054056
v -0.096416 0.063707 -0.054056
v -0.096416 0.063707 -0.054056
v -0.097669 0.080588 -0.048883
v -0.097669 0.080588 -0.048883
v -0.097669 0.080588 -0.048883
v -0.085749 0.080584 -0.047937
v -0.085749 0.080584 -0.047937
v -0.085749 0.080584 -0.047937
v -0.085749 0.080584 -0.047937
v -0.085749 0.080584 -0.047937
v -0.085749 0.080584 -0.047937
v -0.082412 -0.000026 -0.060614
v -0.082412 -0.000026 -0.060614
v -0.082412 -0.000026 -0.060614
v -0.101640 0.021032 -0.066550
v -0.101640 0.021032 -0.066550
v -0.101640 0.021032 -0.066550
v -0.100469 0.036445 -0.065404
v -0.100469 0.036445 -0.065404
v -0.100469 0.036445 -0.065404
v -0.101594 -0.000026 -0.061468
v -0.099771 0.102650 -0.040640
v -0.099771 0.102650 -0.040640
v -0.099771 0.102650 -0.040640
v -0.087541 0.102653 -0.041488
v -0.087541 0.102653 -0.041488
v -0.087541 0.102653 -0.041488
v -0.087541 0.102653 -0.041488
v -0.087541 0.102653 -0.041488
v -0.087541 0.102653 -0.041488
v -0.071349 0.145574 -0.015916
v -0.071349 0.145574 -0.015916
v -0.071349 0.145574 -0.015916
v -0.068112 0.145534 0.011447
v -0.068112 0.145534 0.011447
v -0.068112 0.145534 0.011447
v -0.068112 0.145534 0.011447
v -0.080604 0.102664 0.031803
v -0.080604 0.102664 0.031803
v -0.080604 0.102664 0.031803
v -0.080604 0.102664 0.031803
v -0.080604 0.102664 0.031803
v -0.080604 0.102664 0.031803
v -0.102600 0.145571 -0.039494
v -0.102600 0.145571 -0.039494
v -0.086536 0.145573 -0.041423
v -0.086536 0.145573 -0.041423
v -0.099675 0.102658 0.037407
v -0.099675 0.102658 0.037407
v -0.099675 0.102658 0.037407
v -0.082371 0.145454 0.031583
v -0.082371 0.145454 0.031583
v -0.082371 0.145454 0.031583
v -0.099971 0.145453 0.036364
v -0.123546 0.145599 -0.011539
v -0.123546 0.145599 -0.011539
v -0.123546 0.145599 -0.011539
v -0.123546 0.145599 -0.011539
v -0.102600 0.145571 -0.039494
v -0.099771 0.102650 -0.040640
v -0.099771 0.102650 -0.040640
v -0.099771 0.102650 -0.040640
v -0.121111 0.102635 -0.012982
v -0.121111 0.102635 -0.012982
v -0.121111 0.102635 -0.012982
v -0.121111 0.102635 -0.012982
v -0.121111 0.102635 -0.012982
v -0.119494 0.102636 0.012796
v -0.119494 0.102636 0.012796
v -0.119494 0.102636 0.012796
v -0.119494 0.102636 0.012796
v -0.119494 0.102636 0.012796
v -0.119494 0.102636 0.012796
v -0.119494 0.102636 0.012796
v -0.119424 0.145521 0.015679
v -0.119424 0.145521 0.015679
v -0.099971 0.145453 0.036364
v -0.099971 0.145453 0.036364
v -0.099675 0.102658 0.037407
v -0.099675 0.102658 0.037407
v -0.099675 0.102658 0.037407
v -0.125375 0.080632 0.011252
v -0.125375 0.080632 0.011252
v -0.125375 0.080632 0.011252
v -0.125375 0.080632 0.011252
v -0.125375 0.080632 0.011252
v -0.125375 0.080632 0.011252
v -0.099696 0.089716 0.048965
v -0.099696 0.089716 0.048965
v -0.099696 0.089716 0.048965
v -0.097669 0.080588 -0.048883
v -0.097669 0.080588 -0.048883
v -0.097669 0.080588 -0.048883
v -0.123356 0.080632 -0.015586
v -0.123356 0.080632 -0.015586
v -0.123356 0.080632 -0.015586
v -0.123356 0.080632 -0.015586
v -0.123356 0.080632 -0.015586
v -0.123356 0.080632 -0.015586
v -0.123175 0.063651 -0.001852
v -0.123175 0.063651 -0.001852
v -0.123175 0.063651 -0.001852
v -0.123175 0.063651 -0.001852
v -0.123175 0.063651 -0.001852
v -0.123175 0.063651 -0.001852
v -0.122124 0.067020 0.035735
v -0.122124 0.067020 0.035735
v -0.122124 0.067020 0.035735
v -0.122124 0.067020 0.035735
v -0.122124 0.067020 0.035735
v -0.122124 0.067020 0.035735
v -0.100572 0.078467 0.063773
v -0.100572 0.078467 0.063773
v -0.100572 0.078467 0.063773
v -0.132349 0.048737 0.077052
v -0.132349 0.048737 0.077052
v -0.132349 0.048737 0.077052
v -0.132349 0.048737 0.077052
v -0.132349 0.048737 0.077052
v -0.132349 0.048737 0.077052
v -0.103740 0.057967 0.098352
v -0.103740 0.057967 0.098352
v -0.103740 0.057967 0.098352
v -0.096416 0.063707 -0.054056
v -0.096416 0.063707 -0.054056
v -0.096416 0.063707 -0.054056
v -0.096416 0.063707 -0.054056
v -0.121560 0.036409 -0.042228
v -0.121560 0.036409 -0.042228
v -0.121560 0.036409 -0.042228
v -0.121560 0.036409 -0.042228
v -0.121560 0.036409 -0.042228
v -0.143857 0.021032 0.040019
v -0.143857 0.021032 0.040019
v -0.143857 0.021032 0.040019
v -0.143857 0.021032 0.040019
v -0.143857 0.021032 0.040019
v -0.143857 0.021032 0.040019
v -0.143857 0.021032 0.040019
v -0.143857 0.021032 0.040019
v -0.143857 0.021032 0.040019
v -0.150030 0.030040 0.106358
v -0.150030 0.030040 0.106358
v -0.150030 0.030040 0.106358
v -0.150030 0.030040 0.106358
v -0.150030 0.030040 0.106358
v -0.150030 0.030040 0.106358
v -0.134637 0.036465 0.116601
v -0.134637 0.036465 0.116601
v -0.134637 0.036465 0.116601
v -0.134637 0.036465 0.116601
v -0.134637 0.036465 0.116601
v -0.107744 0.040179 0.127416
v -0.107744 0.040179 0.127416
v -0.107744 0.040179 0.127416
v -0.134097 0.033282 0.139820
v -0.134097 0.033282 0.139820
v -0.134097 0.033282 0.139820
v -0.134097 0.033282 0.139820
v -0.134097 0.033282 0.139820
v -0.134097 0.033282 0.139820
v -0.108342 0.037388 0.147255
v -0.108342 0.037388 0.147255
v -0.108342 0.037388 0.147255
v -0.100469 0.036445 -0.065404
v -0.100469 0.036445 -0.065404
v -0.100469 0.036445 -0.065404
v -0.126255 0.021032 -0.041765
v -0.126255 0.021032 -0.041765
v -0.126255 0.021032 -0.041765
v -0.126255 0.021032 -0.041765
v -0.126255 0.021032 -0.041765
v -0.126255 0.021032 -0.041765
v -0.142410 -0.000026 0.040031
v -0.142410 -0.000026 0.040031
v -0.142410 -0.000026 0.040031
v -0.142410 -0.000026 0.040031
v -0.153597 -0.000026 0.103419
v -0.153597 -0.000026 0.103419
v -0.153597 -0.000026 0.103419
v -0.153597 -0.000026 0.103419
v -0.153597 -0.000026 0.103419
v -0.155298 0.021031 0.103521
v -0.155298 0.021031 0.103521
v -0.155298 0.021031 0.103521
v -0.155298 0.021031 0.103521
v -0.151571 0.021032 0.129898
v -0.151571 0.021032 0.129898
v -0.151571 0.021032 0.129898
v -0.151571 0.021032 0.129898
v -0.151571 0.021032 0.129898
v -0.151571 0.021032 0.129898
v -0.151571 0.021032 0.129898
v -0.101640 0.021032 -0.066550
v -0.101640 0.021032 -0.066550
v -0.101640 0.021032 -0.066550
v -0.124972 -0.000026 -0.040252
v -0.124972 -0.000026 -0.040252
v -0.124972 -0.000026 -0.040252
v -0.124972 -0.000026 -0.040252
v -0.082600 -0.000026 0.035626
v -0.066184 -0.000026 0.119386
v -0.067318 -0.000026 0.150380
v -0.150087 -0.000026 0.129824
v -0.150087 -0.000026 0.129824
v -0.150087 -0.000026 0.129824
v -0.101594 -0.000026 -0.061468
v -0.101594 -0.000026 -0.061468
v -0.082412 -0.000026 -0.060614
v -0.068128 -0.000026 -0.042247
v -0.064842 -0.000026 -0.018786
v -0.074513 -0.000026 0.183552
v -0.092058 -0.000026 0.193863
v -0.108276 -0.000026 0.188711
v -0.108276 -0.000026 0.188711
v -0.129152 -0.000026 0.174253
v -0.129152 -0.000026 0.174253
v -0.129152 -0.000026 0.174253
v -0.129152 -0.000026 0.174253
v -0.129152 -0.000026 0.174253
v -0.130517 0.021030 0.174867
v -0.130517 0.021030 0.174867
v -0.130517 0.021030 0.174867
v -0.130517 0.021030 0.174867
v -0.130517 0.021030 0.174867
v -0.108283 0.021031 0.189768
v -0.108283 0.021031 0.189768
v -0.108283 0.021031 0.189768
v 0.092058 -0.000026 0.193863
v 0.092058 -0.000026 0.193863
v 0.092058 -0.000026 0.193863
v 0.092058 -0.000026 0.193863
v 0.108276 -0.000026 0.188711
v 0.108283 0.021031 0.189768
v 0.108283 0.021031 0.189768
v 0.108283 0.021031 0.189768
v 0.091499 0.021031 0.194613
v 0.091499 0.021031 0.194613
v 0.091499 0.021031 0.194613
v 0.091499 0.021031 0.194613
v 0.091499 0.021031 0.194613
v 0.091499 0.021031 0.194613
v 0.073197 0.021032 0.184283
v 0.073197 0.021032 0.184283
v 0.073197 0.021032 0.184283
v 0.073197 0.021032 0.184283
v 0.073197 0.021032 0.184283
v 0.073197 0.021032 0.184283
v 0.074512 -0.000026 0.183552
v 0.074512 -0.000026 0.183552
v 0.067318 -0.000026 0.150380
v 0.067318 -0.000026 0.150380
v 0.067318 -0.000026 0.150380
v 0.066008 0.021031 0.150308
v 0.066008 0.021031 0.150308
v 0.066008 0.021031 0.150308
v 0.066008 0.021031 0.150308
v 0.066008 0.021031 0.150308
v 0.066183 -0.000026 0.119386
v 0.066183 -0.000026 0.119386
v 0.066183 -0.000026 0.119386
v 0.108342 0.037388 0.147255
v 0.108342 0.037388 0.147255
v 0.108342 0.037388 0.147255
v 0.086533 0.035431 0.150250
v 0.086533 0.035431 0.150250
v 0.086533 0.035431 0.150250
v 0.086533 0.035431 0.150250
v 0.086533 0.035431 0.150250
v 0.086533 0.035431 0.150250
v 0.070991 0.029840 0.149950
v 0.070991 0.029840 0.149950
v 0.070991 0.029840 0.149950
v 0.070991 0.029840 0.149950
v 0.070991 0.029840 0.149950
v 0.070991 0.029840 0.149950
v 0.064873 0.021031 0.119492
v 0.064873 0.021031 0.119492
v 0.064873 0.021031 0.119492
v 0.064873 0.021031 0.119492
v 0.064873 0.021031 0.119492
v 0.064873 0.021031 0.119492
v 0.082600 -0.000026 0.035626
v 0.082600 -0.000026 0.035626
v 0.082600 -0.000026 0.035626
v 0.082600 -0.000026 0.035626
v 0.075527 0.021032 0.035644
v 0.075527 0.021032 0.035644
v 0.075527 0.021032 0.035644
v 0.075527 0.021032 0.035644
v 0.075527 0.021032 0.035644
v 0.075527 0.021032 0.035644
v 0.063761 0.021029 -0.019484
v 0.063761 0.021029 -0.019484
v 0.063761 0.021029 -0.019484
v 0.063761 0.021029 -0.019484
v 0.063761 0.021029 -0.019484
v 0.063761 0.021029 -0.019484
v 0.063761 0.021029 -0.019484
v 0.064842 -0.000026 -0.018786
v 0.064842 -0.000026 -0.018786
v 0.107744 0.040179 0.127416
v 0.107744 0.040179 0.127416
v 0.107744 0.040179 0.127416
v 0.085685 0.038269 0.128467
v 0.085685 0.038269 0.128467
v 0.085685 0.038269 0.128467
v 0.085685 0.038269 0.128467
v 0.085685 0.038269 0.128467
v 0.073310 0.032971 0.124486
v 0.073310 0.032971 0.124486
v 0.073310 0.032971 0.124486
v 0.073310 0.032971 0.124486
v 0.073310 0.032971 0.124486
v 0.073310 0.032971 0.124486
v 0.073310 0.032971 0.124486
v 0.074127 0.041082 0.082697
v 0.074127 0.041082 0.082697
v 0.074127 0.041082 0.082697
v 0.074127 0.041082 0.082697
v 0.074127 0.041082 0.082697
v 0.071512 0.063763 -0.000545
v 0.071512 0.063763 -0.000545
v 0.071512 0.063763 -0.000545
v 0.071512 0.063763 -0.000545
v 0.071512 0.063763 -0.000545
v 0.071512 0.063763 -0.000545
v 0.071512 0.063763 -0.000545
v 0.071512 0.063763 -0.000545
v 0.103740 0.057967 0.098352
v 0.103740 0.057967 0.098352
v 0.103740 0.057967 0.098352
v 0.103740 0.057967 0.098352
v 0.082672 0.051129 0.093536
v 0.082672 0.051129 0.093536
v 0.082672 0.051129 0.093536
v 0.082672 0.051129 0.093536
v 0.082672 0.051129 0.093536
v 0.079203 0.074337 0.057324
v 0.079203 0.074337 0.057324
v 0.079203 0.074337 0.057324
v 0.079203 0.074337 0.057324
v 0.079203 0.074337 0.057324
v 0.079203 0.074337 0.057324
v 0.079203 0.074337 0.057324
v 0.065003 0.080633 0.007255
v 0.065003 0.080633 0.007255
v 0.065003 0.080633 0.007255
v 0.065003 0.080633 0.007255
v 0.065003 0.080633 0.007255
v 0.065003 0.080633 0.007255
v 0.067448 0.080632 -0.016437
v 0.067448 0.080632 -0.016437
v 0.067448 0.080632 -0.016437
v 0.067448 0.080632 -0.016437
v 0.067448 0.080632 -0.016437
v 0.084584 0.063685 -0.053394
v 0.084584 0.063685 -0.053394
v 0.084584 0.063685 -0.053394
v 0.084584 0.063685 -0.053394
v 0.084584 0.063685 -0.053394
v 0.084584 0.063685 -0.053394
v 0.084584 0.063685 -0.053394
v 0.069374 0.036412 -0.045425
v 0.069374 0.036412 -0.045425
v 0.069374 0.036412 -0.045425
v 0.069374 0.036412 -0.045425
v 0.069374 0.036412 -0.045425
v 0.100572 0.078467 0.063773
v 0.100572 0.078467 0.063773
v 0.100572 0.078467 0.063773
v 0.080868 0.089788 0.042262
v 0.080868 0.089788 0.042262
v 0.080868 0.089788 0.042262
v 0.080868 0.089788 0.042262
v 0.080868 0.089788 0.042262
v 0.080868 0.089788 0.042262
v 0.067417 0.102663 0.008419
v 0.067417 0.102663 0.008419
v 0.067417 0.102663 0.008419
v 0.067417 0.102663 0.008419
v 0.067417 0.102663 0.008419
v 0.071413 0.102660 -0.016469
v 0.071413 0.102660 -0.016469
v 0.071413 0.102660 -0.016469
v 0.071413 0.102660 -0.016469
v 0.071413 0.102660 -0.016469
v 0.071413 0.102660 -0.016469
v 0.071413 0.102660 -0.016469
v 0.085749 0.080584 -0.047937
v 0.085749 0.080584 -0.047937
v 0.085749 0.080584 -0.047937
v 0.085749 0.080584 -0.047937
v 0.085749 0.080584 -0.047937
v 0.085749 0.080584 -0.047937
v 0.099696 0.089716 0.048965
v 0.099696 0.089716 0.048965
v 0.099696 0.089716 0.048965
v 0.080604 0.102664 0.031803
v 0.080604 0.102664 0.031803
v 0.080604 0.102664 0.031803
v 0.080604 0.102664 0.031803
v 0.080604 0.102664 0.031803
v 0.080604 0.102664 0.031803
v 0.068112 0.145534 0.011447
v 0.068112 0.145534 0.011447
v 0.068112 0.145534 0.011447
v 0.068112 0.145534 0.011447
v 0.071349 0.145574 -0.015916
v 0.071349 0.145574 -0.015916
v 0.071349 0.145574 -0.015916
v 0.087541 0.102653 -0.041488
v 0.087541 0.102653 -0.041488
v 0.087541 0.102653 -0.041488
v 0.087541 0.102653 -0.041488
v 0.087541 0.102653 -0.041488
v 0.087541 0.102653 -0.041488
v 0.099771 0.102650 -0.040640
v 0.099771 0.102650 -0.040640
v 0.099771 0.102650 -0.040640
v 0.097669 0.080588 -0.048883
v 0.097669 0.080588 -0.048883
v 0.097669 0.080588 -0.048883
v 0.099675 0.102658 0.037407
v 0.099675 0.102658 0.037407
v 0.099675 0.102658 0.037407
v 0.082371 0.145454 0.031583
v 0.082371 0.145454 0.031583
v 0.082371 0.145454 0.031583
v 0.099971 0.145453 0.036364
v 0.096416 0.063707 -0.054056
v 0.096416 0.063707 -0.054056
v 0.096416 0.063707 -0.054056
v 0.080476 0.036450 -0.064607
v 0.080476 0.036450 -0.064607
v 0.080476 0.036450 -0.064607
v 0.080476 0.036450 -0.064607
v 0.080476 0.036450 -0.064607
v 0.080476 0.036450 -0.064607
v 0.066665 0.021028 -0.044313
v 0.066665 0.021028 -0.044313
v 0.066665 0.021028 -0.044313
v 0.066665 0.021028 -0.044313
v 0.066665 0.021028 -0.044313
v 0.068128 -0.000026 -0.042247
v 0.068128 -0.000026 -0.042247
v 0.068128 -0.000026 -0.042247
v 0.068128 -0.000026 -0.042247
v 0.100469 0.036445 -0.065404
v 0.100469 0.036445 -0.065404
v 0.100469 0.036445 -0.065404
v 0.081021 0.021031 -0.065725
v 0.081021 0.021031 -0.065725
v 0.081021 0.021031 -0.065725
v 0.081021 0.021031 -0.065725
v 0.081021 0.021031 -0.065725
v 0.081021 0.021031 -0.065725
v 0.082412 -0.000026 -0.060613
v 0.082412 -0.000026 -0.060613
v 0.082412 -0.000026 -0.060613
v 0.101640 0.021032 -0.066550
v 0.101640 0.021032 -0.066550
v 0.101640 0.021032 -0.066550
v 0.101594 -0.000026 -0.061468
v 0.102600 0.145571 -0.039494
v 0.102600 0.145571 -0.039494
v 0.086536 0.145573 -0.041423
v 0.086536 0.145573 -0.041423
v 0.123546 0.145599 -0.011539
v 0.123546 0.145599 -0.011539
v 0.123546 0.145599 -0.011539
v 0.123546 0.145599 -0.011539
v 0.099771 0.102650 -0.040640
v 0.099771 0.102650 -0.040640
v 0.099771 0.102650 -0.040640
v 0.102600 0.145571 -0.039494
v 0.121111 0.102635 -0.012982
v 0.121111 0.102635 -0.012982
v 0.121111 0.102635 -0.012982
v 0.121111 0.102635 -0.012982
v 0.121111 0.102635 -0.012982
v 0.097669 0.080588 -0.048883
v 0.097669 0.080588 -0.048883
v 0.097669 0.080588 -0.048883
v 0.123356 0.080632 -0.015586
v 0.123356 0.080632 -0.015586
v 0.123356 0.080632 -0.015586
v 0.123356 0.080632 -0.015586
v 0.123356 0.080632 -0.015586
v 0.123356 0.080632 -0.015586
v 0.096416 0.063707 -0.054056
v 0.096416 0.063707 -0.054056
v 0.096416 0.063707 -0.054056
v 0.096416 0.063707 -0.054056
v 0.123175 0.063651 -0.001852
v 0.123175 0.063651 -0.001852
v 0.123175 0.063651 -0.001852
v 0.123175 0.063651 -0.001852
v 0.123175 0.063651 -0.001852
v 0.123175 0.063651 -0.001852
v 0.121560 0.036409 -0.042228
v 0.121560 0.036409 -0.042228
v 0.121560 0.036409 -0.042228
v 0.121560 0.036409 -0.042228
v 0.121560 0.036409 -0.042228
v 0.100469 0.036445 -0.065404
v 0.100469 0.036445 -0.065404
v 0.100469 0.036445 -0.065404
v 0.119494 0.102636 0.012796
v 0.119494 0.102636 0.012796
v 0.119494 0.102636 0.012796
v 0.119494 0.102636 0.012796
v 0.119494 0.102636 0.012796
v 0.119494 0.102636 0.012796
v 0.119494 0.102636 0.012796
v 0.125375 0.080632 0.011252
v 0.125375 0.080632 0.011252
v 0.125375 0.080632 0.011252
v 0.125375 0.080632 0.011252
v 0.125375 0.080632 0.011252
v 0.125375 0.080632 0.011252
v 0.122124 0.067020 0.035735
v 0.122124 0.067020 0.035735
v 0.122124 0.067020 0.035735
v 0.122124 0.067020 0.035735
v 0.122124 0.067020 0.035735
v 0.122124 0.067020 0.035735
v 0.143857 0.021032 0.040019
v 0.143857 0.021032 0.040019
v 0.143857 0.021032 0.040019
v 0.143857 0.021032 0.040019
v 0.143857 0.021032 0.040019
v 0.143857 0.021032 0.040019
v 0.143857 0.021032 0.040019
v 0.143857 0.021032 0.040019
v 0.143857 0.021032 0.040019
v 0.126255 0.021032 -0.041765
v 0.126255 0.021032 -0.041765
v 0.126255 0.021032 -0.041765
v 0.126255 0.021032 -0.041765
v 0.126255 0.021032 -0.041765
v 0.126255 0.021032 -0.041765
v 0.101640 0.021032 -0.066550
v 0.101640 0.021032 -0.066550
v 0.101640 0.021032 -0.066550
v 0.119424 0.145521 0.015679
v 0.119424 0.145521 0.015679
v 0.099971 0.145453 0.036364
v 0.099971 0.145453 0.036364
v 0.099675 0.102658 0.037407
v 0.099675 0.102658 0.037407
v 0.099675 0.102658 0.037407
v 0.099696 0.089716 0.048965
v 0.099696 0.089716 0.048965
v 0.099696 0.089716 0.048965
v 0.100572 0.078467 0.063773
v 0.100572 0.078467 0.063773
v 0.100572 0.078467 0.063773
v 0.132349 0.048737 0.077052
v 0.132349 0.048737 0.077052
v 0.132349 0.048737 0.077052
v 0.132349 0.048737 0.077052
v 0.132349 0.048737 0.077052
v 0.132349 0.048737 0.077052
v 0.150030 0.030040 0.106358
v 0.150030 0.030040 0.106358
v 0.150030 0.030040 0.106358
v 0.150030 0.030040 0.106358
v 0.150030 0.030040 0.106358
v 0.150030 0.030040 0.106358
v 0.155298 0.021031 0.103521
v 0.155298 0.021031 0.103521
v 0.155298 0.021031 0.103521
v 0.155298 0.021031 0.103521
v 0.153597 -0.000026 0.103419
v 0.153597 -0.000026 0.103419
v 0.153597 -0.000026 0.103419
v 0.153597 -0.000026 0.103419
v 0.153597 -0.000026 0.103419
v 0.142410 -0.000026 0.040031
v 0.142410 -0.000026 0.040031
v 0.142410 -0.000026 0.040031
v 0.142410 -0.000026 0.040031
v 0.103740 0.057967 0.098352
v 0.103740 0.057967 0.098352
v 0.103740 0.057967 0.098352
v 0.134637 0.036465 0.116601
v 0.134637 0.036465 0.116601
v 0.134637 0.036465 0.116601
v 0.134637 0.036465 0.116601
v 0.134637 0.036465 0.116601
v 0.134097 0.033282 0.139820
v 0.134097 0.033282 0.139820
v 0.134097 0.033282 0.139820
v 0.134097 0.033282 0.139820
v 0.134097 0.033282 0.139820
v 0.134097 0.033282 0.139820
v 0.151571 0.021032 0.129898
v 0.151571 0.021032 0.129898
v 0.151571 0.021032 0.129898
v 0.151571 0.021032 0.129898
v 0.151571 0.021032 0.129898
v 0.151571 0.021032 0.129898
v 0.151571 0.021032 0.129898
v 0.150087 -0.000026 0.129824
v 0.150087 -0.000026 0.129824
v 0.150087 -0.000026 0.129824
v 0.067318 -0.000026 0.150380
v 0.066183 -0.000026 0.119386
v 0.107744 0.040179 0.127416
v 0.107744 0.040179 0.127416
v 0.107744 0.040179 0.127416
v 0.108342 0.037388 0.147255
v 0.108342 0.037388 0.147255
v 0.108342 0.037388 0.147255
v 0.130517 0.021030 0.174867
v 0.130517 0.021030 0.174867
v 0.130517 0.021030 0.174867
v 0.130517 0.021030 0.174867
v 0.130517 0.021030 0.174867
v 0.129152 -0.000026 0.174253
v 0.129152 -0.000026 0.174253
v 0.129152 -0.000026 0.174253
v 0.129152 -0.000026 0.174253
v 0.129152 -0.000026 0.174253
v 0.108276 -0.000026 0.188711
v 0.108276 -0.000026 0.188711
v 0.092058 -0.000026 0.193863
v 0.074512 -0.000026 0.183552
v 0.108283 0.021031 0.189768
v 0.108283 0.021031 0.189768
v 0.108283 0.021031 0.189768
v 0.082600 -0.000026 0.035626
v 0.124972 -0.000026 -0.040252
v 0.124972 -0.000026 -0.040252
v 0.124972 -0.000026 -0.040252
v 0.124972 -0.000026 -0.040252
v 0.101594 -0.000026 -0.061468
v 0.101594 -0.000026 -0.061468
v 0.082412 -0.000026 -0.060613
v 0.068128 -0.000026 -0.042247
v 0.064842 -0.000026 -0.018786
v -0.229843 0.764917 0.116681
v -0.229843 0.764917 0.116681
v -0.229843 0.764917 0.116681
v -0.229843 0.764917 0.116681
v -0.229843 0.764917 0.116681
v -0.243816 0.759875 0.124349
v -0.243816 0.759875 0.124349
v -0.243816 0.759875 0.124349
v -0.243816 0.759875 0.124349
v -0.243821 0.797560 0.109108
v -0.243821 0.797560 0.109108
v -0.243821 0.797560 0.109108
v -0.243821 0.797560 0.109108
v -0.229201 0.755732 0.119565
v -0.229201 0.755732 0.119565
v -0.229201 0.755732 0.119565
v -0.229201 0.755732 0.119565
v -0.229201 0.755732 0.119565
v -0.227063 0.728895 0.128389
v -0.227063 0.728895 0.128389
v -0.227063 0.728895 0.128389
v -0.227063 0.728895 0.128389
v -0.227063 0.728895 0.128389
v -0.237428 0.727048 0.134115
v -0.237428 0.727048 0.134115
v -0.229545 0.724625 0.137818
v -0.229545 0.724625 0.137818
v -0.229545 0.724625 0.137818
v -0.222374 0.731457 0.135048
v -0.222374 0.731457 0.135048
v -0.222374 0.731457 0.135048
v -0.222374 0.731457 0.135048
v -0.222374 0.731457 0.135048
v -0.230753 0.731525 0.144168
v -0.230753 0.731525 0.144168
v -0.230753 0.731525 0.144168
v -0.232285 0.792200 0.107279
v -0.232285 0.792200 0.107279
v -0.232285 0.792200 0.107279
v -0.232285 0.792200 0.107279
v -0.232285 0.792200 0.107279
v -0.225269 0.795474 0.117384
v -0.225269 0.795474 0.117384
v -0.225269 0.795474 0.117384
v -0.225269 0.795474 0.117384
v -0.224671 0.767829 0.124028
v -0.224671 0.767829 0.124028
v -0.224671 0.767829 0.124028
v -0.224671 0.767829 0.124028
v -0.224671 0.767829 0.124028
v -0.224116 0.758512 0.126805
v -0.224116 0.758512 0.126805
v -0.224116 0.758512 0.126805
v -0.224116 0.758512 0.126805
v -0.224116 0.758512 0.126805
v -0.232715 0.799625 0.101395
v -0.232715 0.799625 0.101395
v -0.232715 0.799625 0.101395
v -0.232715 0.799625 0.101395
v -0.232715 0.799625 0.101395
v -0.221700 0.806645 0.116873
v -0.221700 0.806645 0.116873
v -0.221700 0.806645 0.116873
v -0.221700 0.806645 0.116873
v -0.221700 0.806645 0.116873
v -0.221700 0.806645 0.116873
v -0.221700 0.806645 0.116873
v -0.221700 0.806645 0.116873
v -0.238717 0.802902 0.128266
v -0.238717 0.802902 0.128266
v -0.238717 0.802902 0.128266
v -0.238717 0.802902 0.128266
v -0.238717 0.802902 0.128266
v -0.238717 0.802902 0.128266
v -0.235165 0.764744 0.136509
v -0.235165 0.764744 0.136509
v -0.235165 0.764744 0.136509
v -0.243435 0.846030 0.092684
v -0.243435 0.846030 0.092684
v -0.243435 0.846030 0.092684
v -0.219989 0.850841 0.087796
v -0.219989 0.850841 0.087796
v -0.219989 0.850841 0.087796
v -0.219989 0.850841 0.087796
v -0.219989 0.850841 0.087796
v -0.219989 0.850841 0.087796
v -0.206641 0.857598 0.108720
v -0.206641 0.857598 0.108720
v -0.206641 0.857598 0.108720
v -0.206641 0.857598 0.108720
v -0.206641 0.857598 0.108720
v -0.206641 0.857598 0.108720
v -0.211748 0.812206 0.131018
v -0.211748 0.812206 0.131018
v -0.211748 0.812206 0.131018
v -0.211748 0.812206 0.131018
v -0.211748 0.812206 0.131018
v -0.211748 0.812206 0.131018
v -0.211748 0.812206 0.131018
v -0.220977 0.797184 0.123627
v -0.220977 0.797184 0.123627
v -0.220977 0.797184 0.123627
v -0.220977 0.797184 0.123627
v -0.220977 0.797184 0.123627
v -0.218246 0.768342 0.133776
v -0.218246 0.768342 0.133776
v -0.218246 0.768342 0.133776
v -0.218246 0.768342 0.133776
v -0.232649 0.763542 0.141435
v -0.232649 0.763542 0.141435
v -0.232649 0.763542 0.141435
v -0.232649 0.763542 0.141435
v -0.229628 0.872292 0.085640
v -0.229628 0.872292 0.085640
v -0.229628 0.872292 0.085640
v -0.206872 0.881406 0.102916
v -0.206872 0.881406 0.102916
v -0.206872 0.881406 0.102916
v -0.206872 0.881406 0.102916
v -0.206872 0.881406 0.102916
v -0.206872 0.881406 0.102916
v -0.206872 0.881406 0.102916
v -0.188080 0.853043 0.122574
v -0.188080 0.853043 0.122574
v -0.188080 0.853043 0.122574
v -0.188080 0.853043 0.122574
v -0.188080 0.853043 0.122574
v -0.188080 0.853043 0.122574
v -0.197134 0.819867 0.151894
v -0.197134 0.819867 0.151894
v -0.197134 0.819867 0.151894
v -0.197134 0.819867 0.151894
v -0.197134 0.819867 0.151894
v -0.197134 0.819867 0.151894
v -0.197134 0.819867 0.151894
v -0.197134 0.819867 0.151894
v -0.197134 0.819867 0.151894
v -0.197134 0.819867 0.151894
v -0.209383 0.802937 0.140255
v -0.209383 0.802937 0.140255
v -0.209383 0.802937 0.140255
v -0.209383 0.802937 0.140255
v -0.209383 0.802937 0.140255
v -0.227901 0.809224 0.146313
v -0.227901 0.809224 0.146313
v -0.227901 0.809224 0.146313
v -0.227901 0.809224 0.146313
v -0.227901 0.809224 0.146313
v -0.227901 0.809224 0.146313
v -0.214022 0.801257 0.133473
v -0.214022 0.801257 0.133473
v -0.214022 0.801257 0.133473
v -0.214022 0.801257 0.133473
v -0.229920 0.887182 0.082136
v -0.229920 0.887182 0.082136
v -0.229920 0.887182 0.082136
v -0.229920 0.887182 0.082136
v -0.208248 0.894275 0.097424
v -0.208248 0.894275 0.097424
v -0.208248 0.894275 0.097424
v -0.208248 0.894275 0.097424
v -0.208248 0.894275 0.097424
v -0.208248 0.894275 0.097424
v -0.196506 0.889725 0.125264
v -0.196506 0.889725 0.125264
v -0.196506 0.889725 0.125264
v -0.196506 0.889725 0.125264
v -0.196506 0.889725 0.125264
v -0.196506 0.889725 0.125264
v -0.196506 0.889725 0.125264
v -0.178083 0.869299 0.141371
v -0.178083 0.869299 0.141371
v -0.178083 0.869299 0.141371
v -0.178083 0.869299 0.141371
v -0.178083 0.869299 0.141371
v -0.178083 0.869299 0.141371
v -0.183058 0.844148 0.141778
v -0.183058 0.844148 0.141778
v -0.183058 0.844148 0.141778
v -0.183058 0.844148 0.141778
v -0.183058 0.844148 0.141778
v -0.183058 0.844148 0.141778
v -0.183058 0.844148 0.141778
v -0.183058 0.844148 0.141778
v -0.222496 1.004292 0.033218
v -0.222496 1.004292 0.033218
v -0.222496 1.004292 0.033218
v -0.222496 1.004292 0.033218
v -0.222496 1.004292 0.033218
v -0.222496 1.004292 0.033218
v -0.193027 1.011102 0.053395
v -0.193027 1.011102 0.053395
v -0.193027 1.011102 0.053395
v -0.193027 1.011102 0.053395
v -0.193027 1.011102 0.053395
v -0.193027 1.011102 0.053395
v -0.197844 0.903073 0.118847
v -0.197844 0.903073 0.118847
v -0.197844 0.903073 0.118847
v -0.197844 0.903073 0.118847
v -0.197844 0.903073 0.118847
v -0.197844 0.903073 0.118847
v -0.211656 0.893683 0.137309
v -0.211656 0.893683 0.137309
v -0.211656 0.893683 0.137309
v -0.187865 0.879319 0.152979
v -0.187865 0.879319 0.152979
v -0.187865 0.879319 0.152979
v -0.256373 1.003771 0.037829
v -0.256373 1.003771 0.037829
v -0.256373 1.003771 0.037829
v -0.222168 1.085122 0.002229
v -0.222168 1.085122 0.002229
v -0.222168 1.085122 0.002229
v -0.222168 1.085122 0.002229
v -0.222168 1.085122 0.002229
v -0.222168 1.085122 0.002229
v -0.189454 1.089411 0.027295
v -0.189454 1.089411 0.027295
v -0.189454 1.089411 0.027295
v -0.189454 1.089411 0.027295
v -0.189454 1.089411 0.027295
v -0.189454 1.089411 0.027295
v -0.188141 1.096521 0.057895
v -0.188141 1.096521 0.057895
v -0.188141 1.096521 0.057895
v -0.188141 1.096521 0.057895
v -0.188141 1.096521 0.057895
v -0.188141 1.096521 0.057895
v -0.188141 1.096521 0.057895
v -0.191181 1.021609 0.082164
v -0.191181 1.021609 0.082164
v -0.191181 1.021609 0.082164
v -0.191181 1.021609 0.082164
v -0.191181 1.021609 0.082164
v -0.212333 0.906098 0.132452
v -0.212333 0.906098 0.132452
v -0.212333 0.906098 0.132452
v -0.261246 1.088642 0.003920
v -0.261246 1.088642 0.003920
v -0.259877 1.136475 -0.006175
v -0.259877 1.136475 -0.006175
v -0.259877 1.136475 -0.006175
v -0.259877 1.136475 -0.006175
v -0.224453 1.136570 -0.006218
v -0.224453 1.136570 -0.006218
v -0.224453 1.136570 -0.006218
v -0.224453 1.136570 -0.006218
v -0.224453 1.136570 -0.006218
v -0.224453 1.136570 -0.006218
v -0.198884 1.137487 0.009120
v -0.198884 1.137487 0.009120
v -0.198884 1.137487 0.009120
v -0.198884 1.137487 0.009120
v -0.198884 1.137487 0.009120
v -0.199797 1.148176 0.047423
v -0.199797 1.148176 0.047423
v -0.199797 1.148176 0.047423
v -0.199797 1.148176 0.047423
v -0.199797 1.148176 0.047423
v -0.199797 1.148176 0.047423
v -0.231327 1.104089 0.086266
v -0.231327 1.104089 0.086266
v -0.231327 1.104089 0.086266
v -0.225727 1.026914 0.106339
v -0.225727 1.026914 0.106339
v -0.225727 1.026914 0.106339
v -0.230714 1.160854 -0.012417
v -0.230714 1.160854 -0.012417
v -0.230714 1.160854 -0.012417
v -0.230714 1.160854 -0.012417
v -0.230714 1.160854 -0.012417
v -0.230714 1.160854 -0.012417
v -0.199564 1.155714 0.009125
v -0.199564 1.155714 0.009125
v -0.199564 1.155714 0.009125
v -0.199564 1.155714 0.009125
v -0.199564 1.155714 0.009125
v -0.199564 1.155714 0.009125
v -0.199564 1.155714 0.009125
v -0.198109 1.172730 0.045337
v -0.198109 1.172730 0.045337
v -0.198109 1.172730 0.045337
v -0.198109 1.172730 0.045337
v -0.198109 1.172730 0.045337
v -0.198109 1.172730 0.045337
v -0.231692 1.150567 0.067917
v -0.231692 1.150567 0.067917
v -0.231692 1.150567 0.067917
v -0.261893 1.166086 -0.012216
v -0.261893 1.166086 -0.012216
v -0.258042 1.196324 -0.007649
v -0.258042 1.196324 -0.007649
v -0.258042 1.196324 -0.007649
v -0.258042 1.196324 -0.007649
v -0.229531 1.192804 -0.012648
v -0.229531 1.192804 -0.012648
v -0.229531 1.192804 -0.012648
v -0.229531 1.192804 -0.012648
v -0.229531 1.192804 -0.012648
v -0.229531 1.192804 -0.012648
v -0.197614 1.180717 0.003605
v -0.197614 1.180717 0.003605
v -0.197614 1.180717 0.003605
v -0.197614 1.180717 0.003605
v -0.197614 1.180717 0.003605
v -0.197614 1.180717 0.003605
v -0.190790 1.194282 0.047018
v -0.190790 1.194282 0.047018
v -0.190790 1.194282 0.047018
v -0.190790 1.194282 0.047018
v -0.190790 1.194282 0.047018
v -0.230833 1.177470 0.064131
v -0.230833 1.177470 0.064131
v -0.230833 1.177470 0.064131
v -0.213081 1.293317 -0.032032
v -0.213081 1.293317 -0.032032
v -0.213081 1.293317 -0.032032
v -0.213081 1.293317 -0.032032
v -0.213081 1.293317 -0.032032
v -0.181778 1.289094 -0.003069
v -0.181778 1.289094 -0.003069
v -0.181778 1.289094 -0.003069
v -0.181778 1.289094 -0.003069
v -0.181778 1.289094 -0.003069
v -0.181778 1.289094 -0.003069
v -0.175919 1.288000 0.050362
v -0.175919 1.288000 0.050362
v -0.175919 1.288000 0.050362
v -0.175919 1.288000 0.050362
v -0.175919 1.288000 0.050362
v -0.175919 1.288000 0.050362
v -0.175919 1.288000 0.050362
v -0.227368 1.200938 0.070388
v -0.227368 1.200938 0.070388
v -0.227368 1.200938 0.070388
v -0.256707 1.300520 -0.024039
v -0.256707 1.300520 -0.024039
v -0.256707 1.300520 -0.024039
v -0.206248 1.391395 -0.038890
v -0.206248 1.391395 -0.038890
v -0.206248 1.391395 -0.038890
v -0.206248 1.391395 -0.038890
v -0.206248 1.391395 -0.038890
v -0.206248 1.391395 -0.038890
v -0.206248 1.391395 -0.038890
v -0.174848 1.382334 -0.003777
v -0.174848 1.382334 -0.003777
v -0.174848 1.382334 -0.003777
v -0.174848 1.382334 -0.003777
v -0.174848 1.382334 -0.003777
v -0.174848 1.382334 -0.003777
v -0.174848 1.382334 -0.003777
v -0.164267 1.392306 0.046091
v -0.164267 1.392306 0.046091
v -0.164267 1.392306 0.046091
v -0.164267 1.392306 0.046091
v -0.164267 1.392306 0.046091
v -0.164267 1.392306 0.046091
v -0.164267 1.392306 0.046091
v -0.213423 1.293256 0.073369
v -0.213423 1.293256 0.073369
v -0.213423 1.293256 0.073369
v -0.251431 1.370658 -0.025752
v -0.251431 1.370658 -0.025752
v -0.253014 1.409119 -0.030824
v -0.253014 1.409119 -0.030824
v -0.253014 1.409119 -0.030824
v -0.200635 1.436611 -0.051643
v -0.200635 1.436611 -0.051643
v -0.200635 1.436611 -0.051643
v -0.200635 1.436611 -0.051643
v -0.200635 1.436611 -0.051643
v -0.200635 1.436611 -0.051643
v -0.200635 1.436611 -0.051643
v -0.182961 1.425628 -0.027219
v -0.182961 1.425628 -0.027219
v -0.182961 1.425628 -0.027219
v -0.182961 1.425628 -0.027219
v -0.182961 1.425628 -0.027219
v -0.174724 1.425519 -0.004035
v -0.174724 1.425519 -0.004035
v -0.174724 1.425519 -0.004035
v -0.174724 1.425519 -0.004035
v -0.174724 1.425519 -0.004035
v -0.174724 1.425519 -0.004035
v -0.157051 1.424311 0.044972
v -0.157051 1.424311 0.044972
v -0.157051 1.424311 0.044972
v -0.157051 1.424311 0.044972
v -0.157051 1.424311 0.044972
v -0.157051 1.424311 0.044972
v -0.157051 1.424311 0.044972
v -0.190110 1.405675 0.069200
v -0.190110 1.405675 0.069200
v -0.190110 1.405675 0.069200
v -0.210648 1.374411 0.072551
v -0.210648 1.374411 0.072551
v -0.244184 1.458908 -0.040121
v -0.244184 1.458908 -0.040121
v -0.207010 1.498314 -0.048793
v -0.207010 1.498314 -0.048793
v -0.185349 1.438622 -0.055884
v -0.185349 1.438622 -0.055884
v -0.185349 1.438622 -0.055884
v -0.175020 1.424552 -0.034548
v -0.175020 1.424552 -0.034548
v -0.175020 1.424552 -0.034548
v -0.166030 1.431543 0.002915
v -0.166030 1.431543 0.002915
v -0.166030 1.431543 0.002915
v -0.171232 1.417950 0.065839
v -0.171232 1.417950 0.065839
v -0.179098 1.458040 0.090874
v -0.179098 1.458040 0.090874
v -0.178444 1.437288 0.072177
v -0.178444 1.437288 0.072177
v -0.180401 0.867306 0.167925
v -0.180401 0.867306 0.167925
v -0.180401 0.867306 0.167925
v -0.173096 0.857305 0.158244
v -0.173096 0.857305 0.158244
v -0.173096 0.857305 0.158244
v -0.173096 0.857305 0.158244
v -0.173096 0.857305 0.158244
v -0.163987 0.844895 0.179268
v -0.163987 0.844895 0.179268
v -0.163987 0.844895 0.179268
v -0.163987 0.844895 0.179268
v -0.163987 0.844895 0.179268
v -0.163987 0.844895 0.179268
v -0.163987 0.844895 0.179268
v -0.171052 0.837371 0.178526
v -0.171052 0.837371 0.178526
v -0.171052 0.837371 0.178526
v -0.171052 0.837371 0.178526
v -0.171052 0.837371 0.178526
v -0.171052 0.837371 0.178526
v -0.171052 0.837371 0.178526
v -0.180809 0.840008 0.158653
v -0.180809 0.840008 0.158653
v -0.180809 0.840008 0.158653
v -0.180809 0.840008 0.158653
v -0.186788 0.826074 0.166528
v -0.186788 0.826074 0.166528
v -0.186788 0.826074 0.166528
v -0.186788 0.826074 0.166528
v -0.186788 0.826074 0.166528
v -0.186788 0.826074 0.166528
v -0.168442 0.851170 0.190888
v -0.168442 0.851170 0.190888
v -0.168442 0.851170 0.190888
v -0.164222 0.846113 0.198214
v -0.164222 0.846113 0.198214
v -0.164222 0.846113 0.198214
v -0.164222 0.846113 0.198214
v -0.158071 0.839862 0.186447
v -0.158071 0.839862 0.186447
v -0.158071 0.839862 0.186447
v -0.158071 0.839862 0.186447
v -0.158071 0.839862 0.186447
v -0.166433 0.830347 0.186539
v -0.166433 0.830347 0.186539
v -0.166433 0.830347 0.186539
v -0.166433 0.830347 0.186539
v -0.166433 0.830347 0.186539
v -0.166433 0.830347 0.186539
v -0.177177 0.833589 0.193455
v -0.177177 0.833589 0.193455
v -0.177177 0.833589 0.193455
v -0.181309 0.839441 0.185197
v -0.181309 0.839441 0.185197
v -0.192705 0.843071 0.168190
v -0.192705 0.843071 0.168190
v -0.192705 0.843071 0.168190
v -0.192705 0.843071 0.168190
v -0.148395 0.832071 0.208404
v -0.148395 0.832071 0.208404
v -0.148395 0.832071 0.208404
v -0.148395 0.832071 0.208404
v -0.148395 0.832071 0.208404
v -0.155619 0.823922 0.206937
v -0.155619 0.823922 0.206937
v -0.155619 0.823922 0.206937
v -0.155619 0.823922 0.206937
v -0.155619 0.823922 0.206937
v -0.164147 0.825454 0.212556
v -0.164147 0.825454 0.212556
v -0.164147 0.825454 0.212556
v -0.163489 0.834112 0.218275
v -0.163489 0.834112 0.218275
v -0.154939 0.828510 0.215946
v -0.154939 0.828510 0.215946
v -0.154939 0.828510 0.215946
v -0.196708 0.824268 0.177709
v -0.196708 0.824268 0.177709
v -0.196708 0.824268 0.177709
v -0.187825 0.815268 0.170838
v -0.187825 0.815268 0.170838
v -0.187825 0.815268 0.170838
v -0.187825 0.815268 0.170838
v -0.187825 0.815268 0.170838
v -0.187825 0.815268 0.170838
v -0.194647 0.811722 0.161086
v -0.194647 0.811722 0.161086
v -0.194647 0.811722 0.161086
v -0.194647 0.811722 0.161086
v -0.194647 0.811722 0.161086
v -0.214900 0.817756 0.164973
v -0.214900 0.817756 0.164973
v -0.214900 0.817756 0.164973
v -0.214900 0.817756 0.164973
v -0.214900 0.817756 0.164973
v -0.201267 0.807525 0.151780
v -0.201267 0.807525 0.151780
v -0.201267 0.807525 0.151780
v -0.201267 0.807525 0.151780
v -0.201267 0.807525 0.151780
v -0.197522 0.787015 0.191344
v -0.197522 0.787015 0.191344
v -0.197522 0.787015 0.191344
v -0.197522 0.787015 0.191344
v -0.186538 0.788819 0.178275
v -0.186538 0.788819 0.178275
v -0.186538 0.788819 0.178275
v -0.186538 0.788819 0.178275
v -0.186538 0.788819 0.178275
v -0.186538 0.788819 0.178275
v -0.192177 0.785498 0.170314
v -0.192177 0.785498 0.170314
v -0.192177 0.785498 0.170314
v -0.192177 0.785498 0.170314
v -0.192177 0.785498 0.170314
v -0.207146 0.781183 0.178054
v -0.207146 0.781183 0.178054
v -0.207146 0.781183 0.178054
v -0.191328 0.777573 0.173255
v -0.191328 0.777573 0.173255
v -0.191328 0.777573 0.173255
v -0.191328 0.777573 0.173255
v -0.191328 0.777573 0.173255
v -0.191328 0.777573 0.173255
v -0.199753 0.740915 0.190016
v -0.199753 0.740915 0.190016
v -0.199753 0.740915 0.190016
v -0.188375 0.742992 0.184913
v -0.188375 0.742992 0.184913
v -0.188375 0.742992 0.184913
v -0.188375 0.742992 0.184913
v -0.188375 0.742992 0.184913
v -0.191242 0.738512 0.194458
v -0.191242 0.738512 0.194458
v -0.191242 0.738512 0.194458
v -0.185811 0.780393 0.181133
v -0.185811 0.780393 0.181133
v -0.185811 0.780393 0.181133
v -0.185811 0.780393 0.181133
v -0.185811 0.780393 0.181133
v -0.185811 0.780393 0.181133
v -0.191953 0.745543 0.200843
v -0.191953 0.745543 0.200843
v -0.191953 0.745543 0.200843
v -0.183630 0.745453 0.191696
v -0.183630 0.745453 0.191696
v -0.183630 0.745453 0.191696
v -0.183630 0.745453 0.191696
v -0.212218 0.775535 0.173419
v -0.212218 0.775535 0.173419
v -0.212218 0.775535 0.173419
v -0.212218 0.775535 0.173419
v -0.199774 0.777890 0.160210
v -0.199774 0.777890 0.160210
v -0.199774 0.777890 0.160210
v -0.199774 0.777890 0.160210
v -0.199774 0.777890 0.160210
v -0.206368 0.774206 0.150838
v -0.206368 0.774206 0.150838
v -0.206368 0.774206 0.150838
v -0.206368 0.774206 0.150838
v -0.206368 0.774206 0.150838
v -0.221674 0.770087 0.159847
v -0.221674 0.770087 0.159847
v -0.221674 0.770087 0.159847
v -0.221674 0.770087 0.159847
v -0.199087 0.769616 0.162956
v -0.199087 0.769616 0.162956
v -0.199087 0.769616 0.162956
v -0.199087 0.769616 0.162956
v -0.199087 0.769616 0.162956
v -0.205565 0.766250 0.153714
v -0.205565 0.766250 0.153714
v -0.205565 0.766250 0.153714
v -0.205565 0.766250 0.153714
v -0.205565 0.766250 0.153714
v -0.205565 0.766250 0.153714
v -0.202246 0.725122 0.167285
v -0.202246 0.725122 0.167285
v -0.202246 0.725122 0.167285
v -0.202246 0.725122 0.167285
v -0.202246 0.725122 0.167285
v -0.214107 0.723813 0.172853
v -0.214107 0.723813 0.172853
v -0.205785 0.719303 0.178049
v -0.205785 0.719303 0.178049
v -0.205785 0.719303 0.178049
v -0.196532 0.728287 0.175413
v -0.196532 0.728287 0.175413
v -0.196532 0.728287 0.175413
v -0.196532 0.728287 0.175413
v -0.196532 0.728287 0.175413
v -0.205145 0.728115 0.185110
v -0.205145 0.728115 0.185110
v -0.205145 0.728115 0.185110
v -0.211863 0.771879 0.142855
v -0.211863 0.771879 0.142855
v -0.211863 0.771879 0.142855
v -0.211863 0.771879 0.142855
v -0.222794 0.768870 0.155516
v -0.222794 0.768870 0.155516
v -0.222794 0.768870 0.155516
v -0.211040 0.763849 0.145778
v -0.211040 0.763849 0.145778
v -0.211040 0.763849 0.145778
v -0.211040 0.763849 0.145778
v -0.217372 0.760389 0.136762
v -0.217372 0.760389 0.136762
v -0.217372 0.760389 0.136762
v -0.213532 0.722851 0.150411
v -0.213532 0.722851 0.150411
v -0.213532 0.722851 0.150411
v -0.213532 0.722851 0.150411
v -0.213532 0.722851 0.150411
v -0.224135 0.722454 0.154938
v -0.224135 0.722454 0.154938
v -0.215965 0.718371 0.159055
v -0.215965 0.718371 0.159055
v -0.215965 0.718371 0.159055
v -0.216499 0.725798 0.165317
v -0.216499 0.725798 0.165317
v -0.216499 0.725798 0.165317
v -0.208796 0.725193 0.157207
v -0.208796 0.725193 0.157207
v -0.208796 0.725193 0.157207
v -0.208796 0.725193 0.157207
v 0.282501 0.842486 0.129728
v 0.282501 0.842486 0.129728
v 0.282501 0.842486 0.129728
v 0.282501 0.842486 0.129728
v 0.282501 0.842486 0.129728
v 0.288765 0.878123 0.126713
v 0.288765 0.878123 0.126713
v 0.288765 0.878123 0.126713
v 0.288765 0.878123 0.126713
v 0.295575 0.840282 0.139909
v 0.295575 0.840282 0.139909
v 0.295575 0.840282 0.139909
v 0.295575 0.840282 0.139909
v 0.279569 0.870317 0.122277
v 0.279569 0.870317 0.122277
v 0.279569 0.870317 0.122277
v 0.279569 0.870317 0.122277
v 0.279569 0.870317 0.122277
v 0.279183 0.878155 0.116952
v 0.279183 0.878155 0.116952
v 0.279183 0.878155 0.116952
v 0.279183 0.878155 0.116952
v 0.279183 0.878155 0.116952
v 0.279029 0.926391 0.112764
v 0.279029 0.926391 0.112764
v 0.279029 0.926391 0.112764
v 0.256511 0.925799 0.103309
v 0.256511 0.925799 0.103309
v 0.256511 0.925799 0.103309
v 0.256511 0.925799 0.103309
v 0.256511 0.925799 0.103309
v 0.256511 0.925799 0.103309
v 0.260520 0.949055 0.104178
v 0.260520 0.949055 0.104178
v 0.260520 0.949055 0.104178
v 0.283711 0.833186 0.131999
v 0.283711 0.833186 0.131999
v 0.283711 0.833186 0.131999
v 0.283711 0.833186 0.131999
v 0.283711 0.833186 0.131999
v 0.275451 0.843329 0.135956
v 0.275451 0.843329 0.135956
v 0.275451 0.843329 0.135956
v 0.275451 0.843329 0.135956
v 0.275451 0.843329 0.135956
v 0.270154 0.870796 0.130831
v 0.270154 0.870796 0.130831
v 0.270154 0.870796 0.130831
v 0.270154 0.870796 0.130831
v 0.263989 0.880758 0.130088
v 0.263989 0.880758 0.130088
v 0.263989 0.880758 0.130088
v 0.263989 0.880758 0.130088
v 0.263989 0.880758 0.130088
v 0.263989 0.880758 0.130088
v 0.263989 0.880758 0.130088
v 0.263989 0.880758 0.130088
v 0.238139 0.927054 0.121267
v 0.238139 0.927054 0.121267
v 0.238139 0.927054 0.121267
v 0.238139 0.927054 0.121267
v 0.238139 0.927054 0.121267
v 0.238139 0.927054 0.121267
v 0.233323 0.950648 0.116714
v 0.233323 0.950648 0.116714
v 0.233323 0.950648 0.116714
v 0.233323 0.950648 0.116714
v 0.233323 0.950648 0.116714
v 0.233323 0.950648 0.116714
v 0.233323 0.950648 0.116714
v 0.257624 0.963835 0.101485
v 0.257624 0.963835 0.101485
v 0.257624 0.963835 0.101485
v 0.257624 0.963835 0.101485
v 0.286927 0.805915 0.138967
v 0.286927 0.805915 0.138967
v 0.286927 0.805915 0.138967
v 0.286927 0.805915 0.138967
v 0.286927 0.805915 0.138967
v 0.280556 0.806605 0.144608
v 0.280556 0.806605 0.144608
v 0.280556 0.806605 0.144608
v 0.280556 0.806605 0.144608
v 0.280556 0.806605 0.144608
v 0.276799 0.833935 0.138134
v 0.276799 0.833935 0.138134
v 0.276799 0.833935 0.138134
v 0.276799 0.833935 0.138134
v 0.276799 0.833935 0.138134
v 0.283807 0.841704 0.150202
v 0.283807 0.841704 0.150202
v 0.283807 0.841704 0.150202
v 0.278902 0.880189 0.144603
v 0.278902 0.880189 0.144603
v 0.278902 0.880189 0.144603
v 0.278902 0.880189 0.144603
v 0.278902 0.880189 0.144603
v 0.278902 0.880189 0.144603
v 0.296130 0.806104 0.146642
v 0.296130 0.806104 0.146642
v 0.288582 0.801489 0.148506
v 0.288582 0.801489 0.148506
v 0.288582 0.801489 0.148506
v 0.286737 0.807831 0.155272
v 0.286737 0.807831 0.155272
v 0.286737 0.807831 0.155272
v 0.264458 0.870800 0.136110
v 0.264458 0.870800 0.136110
v 0.264458 0.870800 0.136110
v 0.264458 0.870800 0.136110
v 0.264458 0.870800 0.136110
v 0.267375 0.841322 0.144161
v 0.267375 0.841322 0.144161
v 0.267375 0.841322 0.144161
v 0.267375 0.841322 0.144161
v 0.254943 0.872089 0.144461
v 0.254943 0.872089 0.144461
v 0.254943 0.872089 0.144461
v 0.254943 0.872089 0.144461
v 0.250433 0.882340 0.142079
v 0.250433 0.882340 0.142079
v 0.250433 0.882340 0.142079
v 0.250433 0.882340 0.142079
v 0.250433 0.882340 0.142079
v 0.250433 0.882340 0.142079
v 0.250433 0.882340 0.142079
v 0.230637 0.884164 0.159766
v 0.230637 0.884164 0.159766
v 0.230637 0.884164 0.159766
v 0.230637 0.884164 0.159766
v 0.230637 0.884164 0.159766
v 0.230637 0.884164 0.159766
v 0.230637 0.884164 0.159766
v 0.230637 0.884164 0.159766
v 0.230637 0.884164 0.159766
v 0.230637 0.884164 0.159766
v 0.219093 0.916805 0.130722
v 0.219093 0.916805 0.130722
v 0.219093 0.916805 0.130722
v 0.219093 0.916805 0.130722
v 0.219093 0.916805 0.130722
v 0.219093 0.916805 0.130722
v 0.280796 0.839455 0.154436
v 0.280796 0.839455 0.154436
v 0.280796 0.839455 0.154436
v 0.280796 0.839455 0.154436
v 0.268030 0.833145 0.146538
v 0.268030 0.833145 0.146538
v 0.268030 0.833145 0.146538
v 0.258688 0.842306 0.151856
v 0.258688 0.842306 0.151856
v 0.258688 0.842306 0.151856
v 0.258688 0.842306 0.151856
v 0.263587 0.881919 0.160260
v 0.263587 0.881919 0.160260
v 0.263587 0.881919 0.160260
v 0.263587 0.881919 0.160260
v 0.263587 0.881919 0.160260
v 0.263587 0.881919 0.160260
v 0.248824 0.871928 0.150193
v 0.248824 0.871928 0.150193
v 0.248824 0.871928 0.150193
v 0.248824 0.871928 0.150193
v 0.248824 0.871928 0.150193
v 0.271473 0.794666 0.157385
v 0.271473 0.794666 0.157385
v 0.271473 0.794666 0.157385
v 0.271473 0.794666 0.157385
v 0.271473 0.794666 0.157385
v 0.265088 0.795119 0.163140
v 0.265088 0.795119 0.163140
v 0.265088 0.795119 0.163140
v 0.265088 0.795119 0.163140
v 0.259422 0.834074 0.154179
v 0.259422 0.834074 0.154179
v 0.259422 0.834074 0.154179
v 0.259422 0.834074 0.154179
v 0.267405 0.840843 0.166372
v 0.267405 0.840843 0.166372
v 0.267405 0.840843 0.166372
v 0.280756 0.796427 0.164003
v 0.280756 0.796427 0.164003
v 0.273286 0.790101 0.166136
v 0.273286 0.790101 0.166136
v 0.273286 0.790101 0.166136
v 0.270683 0.796796 0.172699
v 0.270683 0.796796 0.172699
v 0.270683 0.796796 0.172699
v 0.237757 0.873270 0.159963
v 0.237757 0.873270 0.159963
v 0.237757 0.873270 0.159963
v 0.237757 0.873270 0.159963
v 0.237757 0.873270 0.159963
v 0.251361 0.842446 0.158612
v 0.251361 0.842446 0.158612
v 0.251361 0.842446 0.158612
v 0.251361 0.842446 0.158612
v 0.251361 0.842446 0.158612
v 0.242379 0.843493 0.166557
v 0.242379 0.843493 0.166557
v 0.242379 0.843493 0.166557
v 0.242379 0.843493 0.166557
v 0.242379 0.843493 0.166557
v 0.252256 0.842976 0.181954
v 0.252256 0.842976 0.181954
v 0.252256 0.842976 0.181954
v 0.252256 0.842976 0.181954
v 0.245517 0.885191 0.176158
v 0.245517 0.885191 0.176158
v 0.245517 0.885191 0.176158
v 0.245517 0.885191 0.176158
v 0.245517 0.885191 0.176158
v 0.265203 0.841327 0.170424
v 0.265203 0.841327 0.170424
v 0.265203 0.841327 0.170424
v 0.265203 0.841327 0.170424
v 0.252105 0.834294 0.160897
v 0.252105 0.834294 0.160897
v 0.252105 0.834294 0.160897
v 0.252105 0.834294 0.160897
v 0.252105 0.834294 0.160897
v 0.252105 0.834294 0.160897
v 0.243339 0.835075 0.168725
v 0.243339 0.835075 0.168725
v 0.243339 0.835075 0.168725
v 0.243339 0.835075 0.168725
v 0.243339 0.835075 0.168725
v 0.255558 0.794361 0.189770
v 0.255558 0.794361 0.189770
v 0.255558 0.794361 0.189770
v 0.249203 0.793365 0.178506
v 0.249203 0.793365 0.178506
v 0.249203 0.793365 0.178506
v 0.249203 0.793365 0.178506
v 0.249203 0.793365 0.178506
v 0.259782 0.786692 0.182610
v 0.259782 0.786692 0.182610
v 0.259782 0.786692 0.182610
v 0.256981 0.792484 0.171617
v 0.256981 0.792484 0.171617
v 0.256981 0.792484 0.171617
v 0.256981 0.792484 0.171617
v 0.256981 0.792484 0.171617
v 0.267493 0.793571 0.179473
v 0.267493 0.793571 0.179473
v 0.228631 0.874813 0.167861
v 0.228631 0.874813 0.167861
v 0.228631 0.874813 0.167861
v 0.228631 0.874813 0.167861
v 0.228631 0.874813 0.167861
v 0.231295 0.848012 0.175184
v 0.231295 0.848012 0.175184
v 0.231295 0.848012 0.175184
v 0.231295 0.848012 0.175184
v 0.231295 0.848012 0.175184
v 0.223581 0.849078 0.181933
v 0.223581 0.849078 0.181933
v 0.223581 0.849078 0.181933
v 0.223581 0.849078 0.181933
v 0.223581 0.849078 0.181933
v 0.223581 0.849078 0.181933
v 0.219396 0.875634 0.176124
v 0.219396 0.875634 0.176124
v 0.219396 0.875634 0.176124
v 0.219396 0.875634 0.176124
v 0.219396 0.875634 0.176124
v 0.219396 0.875634 0.176124
v 0.216449 0.886226 0.172182
v 0.216449 0.886226 0.172182
v 0.216449 0.886226 0.172182
v 0.216449 0.886226 0.172182
v 0.216449 0.886226 0.172182
v 0.216449 0.886226 0.172182
v 0.212970 0.905147 0.148035
v 0.212970 0.905147 0.148035
v 0.212970 0.905147 0.148035
v 0.212970 0.905147 0.148035
v 0.212970 0.905147 0.148035
v 0.212970 0.905147 0.148035
v 0.212970 0.905147 0.148035
v 0.212970 0.905147 0.148035
v 0.245112 0.846746 0.185676
v 0.245112 0.846746 0.185676
v 0.245112 0.846746 0.185676
v 0.231975 0.839873 0.177523
v 0.231975 0.839873 0.177523
v 0.231975 0.839873 0.177523
v 0.231975 0.839873 0.177523
v 0.231975 0.839873 0.177523
v 0.231975 0.839873 0.177523
v 0.224521 0.840493 0.184194
v 0.224521 0.840493 0.184194
v 0.224521 0.840493 0.184194
v 0.224521 0.840493 0.184194
v 0.224521 0.840493 0.184194
v 0.224521 0.840493 0.184194
v 0.231959 0.848750 0.196913
v 0.231959 0.848750 0.196913
v 0.231959 0.848750 0.196913
v 0.231959 0.848750 0.196913
v 0.224179 0.885820 0.185095
v 0.224179 0.885820 0.185095
v 0.224179 0.885820 0.185095
v 0.217352 0.903911 0.175804
v 0.217352 0.903911 0.175804
v 0.217352 0.903911 0.175804
v 0.217352 0.903911 0.175804
v 0.208692 0.898979 0.163865
v 0.208692 0.898979 0.163865
v 0.208692 0.898979 0.163865
v 0.208692 0.898979 0.163865
v 0.246215 0.804930 0.194011
v 0.246215 0.804930 0.194011
v 0.246215 0.804930 0.194011
v 0.235875 0.804656 0.186743
v 0.235875 0.804656 0.186743
v 0.235875 0.804656 0.186743
v 0.235875 0.804656 0.186743
v 0.235875 0.804656 0.186743
v 0.229453 0.805223 0.192490
v 0.229453 0.805223 0.192490
v 0.229453 0.805223 0.192490
v 0.229453 0.805223 0.192490
v 0.235571 0.806454 0.203168
v 0.235571 0.806454 0.203168
v 0.235571 0.806454 0.203168
v 0.237927 0.800110 0.196465
v 0.237927 0.800110 0.196465
v 0.237927 0.800110 0.196465
v 0.196343 0.892143 0.181125
v 0.196343 0.892143 0.181125
v 0.196343 0.892143 0.181125
v 0.196343 0.892143 0.181125
v 0.196343 0.892143 0.181125
v 0.196343 0.892143 0.181125
v 0.196343 0.892143 0.181125
v 0.204253 0.895995 0.189876
v 0.204253 0.895995 0.189876
v 0.200276 0.888545 0.196818
v 0.200276 0.888545 0.196818
v 0.200276 0.888545 0.196818
v 0.192253 0.883468 0.187673
v 0.192253 0.883468 0.187673
v 0.192253 0.883468 0.187673
v 0.192253 0.883468 0.187673
v 0.192253 0.883468 0.187673
v 0.192253 0.883468 0.187673
v 0.187569 0.897614 0.180713
v 0.187569 0.897614 0.180713
v 0.187569 0.897614 0.180713
v 0.187569 0.897614 0.180713
v 0.187569 0.897614 0.180713
v 0.187569 0.897614 0.180713
v 0.187569 0.897614 0.180713
v 0.197003 0.913835 0.162633
v 0.197003 0.913835 0.162633
v 0.197003 0.913835 0.162633
v 0.197003 0.913835 0.162633
v 0.197003 0.913835 0.162633
v 0.201849 0.928250 0.147728
v 0.201849 0.928250 0.147728
v 0.201849 0.928250 0.147728
v 0.201849 0.928250 0.147728
v 0.201849 0.928250 0.147728
v 0.201849 0.928250 0.147728
v 0.217100 0.953999 0.136757
v 0.217100 0.953999 0.136757
v 0.217100 0.953999 0.136757
v 0.217100 0.953999 0.136757
v 0.217100 0.953999 0.136757
v 0.217100 0.953999 0.136757
v 0.217100 0.953999 0.136757
v 0.186392 0.875681 0.212393
v 0.186392 0.875681 0.212393
v 0.186392 0.875681 0.212393
v 0.179780 0.872668 0.205055
v 0.179780 0.872668 0.205055
v 0.179780 0.872668 0.205055
v 0.179780 0.872668 0.205055
v 0.179780 0.872668 0.205055
v 0.181896 0.890625 0.186264
v 0.181896 0.890625 0.186264
v 0.181896 0.890625 0.186264
v 0.181896 0.890625 0.186264
v 0.181896 0.890625 0.186264
v 0.183867 0.897020 0.199325
v 0.183867 0.897020 0.199325
v 0.183867 0.897020 0.199325
v 0.183867 0.897020 0.199325
v 0.187956 0.903634 0.193276
v 0.187956 0.903634 0.193276
v 0.187956 0.903634 0.193276
v 0.199498 0.924332 0.174064
v 0.199498 0.924332 0.174064
v 0.199498 0.924332 0.174064
v 0.206318 0.939182 0.161561
v 0.206318 0.939182 0.161561
v 0.206318 0.939182 0.161561
v 0.176236 0.876064 0.213920
v 0.176236 0.876064 0.213920
v 0.176236 0.876064 0.213920
v 0.170556 0.878634 0.205345
v 0.170556 0.878634 0.205345
v 0.170556 0.878634 0.205345
v 0.170556 0.878634 0.205345
v 0.170556 0.878634 0.205345
v 0.182445 0.883326 0.218232
v 0.182445 0.883326 0.218232
v 0.228135 0.960347 0.151864
v 0.228135 0.960347 0.151864
v 0.228135 0.960347 0.151864
v 0.216148 0.967826 0.131366
v 0.216148 0.967826 0.131366
v 0.216148 0.967826 0.131366
v 0.216148 0.967826 0.131366
v 0.216148 0.967826 0.131366
v 0.216148 0.967826 0.131366
v 0.232358 0.963932 0.112211
v 0.232358 0.963932 0.112211
v 0.232358 0.963932 0.112211
v 0.232358 0.963932 0.112211
v 0.232358 0.963932 0.112211
v 0.232358 0.963932 0.112211
v 0.229674 1.079750 0.057446
v 0.229674 1.079750 0.057446
v 0.229674 1.079750 0.057446
v 0.229674 1.079750 0.057446
v 0.229674 1.079750 0.057446
v 0.229674 1.079750 0.057446
v 0.260922 1.086996 0.069110
v 0.260922 1.086996 0.069110
v 0.260922 1.086996 0.069110
v 0.226499 0.972961 0.147818
v 0.226499 0.972961 0.147818
v 0.226499 0.972961 0.147818
v 0.186218 1.084149 0.099493
v 0.186218 1.084149 0.099493
v 0.186218 1.084149 0.099493
v 0.186218 1.084149 0.099493
v 0.186218 1.084149 0.099493
v 0.196194 1.077219 0.071272
v 0.196194 1.077219 0.071272
v 0.196194 1.077219 0.071272
v 0.196194 1.077219 0.071272
v 0.196194 1.077219 0.071272
v 0.196194 1.077219 0.071272
v 0.177561 1.154442 0.048569
v 0.177561 1.154442 0.048569
v 0.177561 1.154442 0.048569
v 0.177561 1.154442 0.048569
v 0.177561 1.154442 0.048569
v 0.177561 1.154442 0.048569
v 0.214417 1.160631 0.030751
v 0.214417 1.160631 0.030751
v 0.214417 1.160631 0.030751
v 0.214417 1.160631 0.030751
v 0.214417 1.160631 0.030751
v 0.214417 1.160631 0.030751
v 0.250075 1.173122 0.040939
v 0.250075 1.173122 0.040939
v 0.238602 1.219683 0.032814
v 0.238602 1.219683 0.032814
v 0.238602 1.219683 0.032814
v 0.238602 1.219683 0.032814
v 0.212861 1.095374 0.130647
v 0.212861 1.095374 0.130647
v 0.212861 1.095374 0.130647
v 0.168465 1.158161 0.078635
v 0.168465 1.158161 0.078635
v 0.168465 1.158161 0.078635
v 0.168465 1.158161 0.078635
v 0.168465 1.158161 0.078635
v 0.168465 1.158161 0.078635
v 0.168465 1.158161 0.078635
v 0.177519 1.204928 0.034962
v 0.177519 1.204928 0.034962
v 0.177519 1.204928 0.034962
v 0.177519 1.204928 0.034962
v 0.177519 1.204928 0.034962
v 0.204960 1.211466 0.025325
v 0.204960 1.211466 0.025325
v 0.204960 1.211466 0.025325
v 0.204960 1.211466 0.025325
v 0.204960 1.211466 0.025325
v 0.204960 1.211466 0.025325
v 0.206224 1.236730 0.021395
v 0.206224 1.236730 0.021395
v 0.206224 1.236730 0.021395
v 0.206224 1.236730 0.021395
v 0.206224 1.236730 0.021395
v 0.206224 1.236730 0.021395
v 0.234644 1.248789 0.028299
v 0.234644 1.248789 0.028299
v 0.223110 1.276721 0.032533
v 0.223110 1.276721 0.032533
v 0.223110 1.276721 0.032533
v 0.223110 1.276721 0.032533
v 0.201745 1.173411 0.115889
v 0.201745 1.173411 0.115889
v 0.201745 1.173411 0.115889
v 0.168142 1.212242 0.073041
v 0.168142 1.212242 0.073041
v 0.168142 1.212242 0.073041
v 0.168142 1.212242 0.073041
v 0.168142 1.212242 0.073041
v 0.168142 1.212242 0.073041
v 0.173554 1.222816 0.035789
v 0.173554 1.222816 0.035789
v 0.173554 1.222816 0.035789
v 0.173554 1.222816 0.035789
v 0.173554 1.222816 0.035789
v 0.173554 1.222816 0.035789
v 0.173554 1.222816 0.035789
v 0.197780 1.267268 0.021553
v 0.197780 1.267268 0.021553
v 0.197780 1.267268 0.021553
v 0.197780 1.267268 0.021553
v 0.197780 1.267268 0.021553
v 0.197780 1.267268 0.021553
v 0.162292 1.362269 0.000855
v 0.162292 1.362269 0.000855
v 0.162292 1.362269 0.000855
v 0.162292 1.362269 0.000855
v 0.162292 1.362269 0.000855
v 0.200450 1.378238 0.018164
v 0.200450 1.378238 0.018164
v 0.200450 1.378238 0.018164
v 0.134928 1.457200 -0.004864
v 0.134928 1.457200 -0.004864
v 0.134928 1.457200 -0.004864
v 0.134928 1.457200 -0.004864
v 0.134928 1.457200 -0.004864
v 0.134928 1.457200 -0.004864
v 0.134928 1.457200 -0.004864
v 0.179411 1.445374 0.017064
v 0.179411 1.445374 0.017064
v 0.193766 1.220417 0.099858
v 0.193766 1.220417 0.099858
v 0.193766 1.220417 0.099858
v 0.160886 1.236422 0.071220
v 0.160886 1.236422 0.071220
v 0.160886 1.236422 0.071220
v 0.160886 1.236422 0.071220
v 0.160886 1.236422 0.071220
v 0.160886 1.236422 0.071220
v 0.166880 1.247159 0.030517
v 0.166880 1.247159 0.030517
v 0.166880 1.247159 0.030517
v 0.166880 1.247159 0.030517
v 0.166880 1.247159 0.030517
v 0.166880 1.247159 0.030517
v 0.127685 1.349300 0.022425
v 0.127685 1.349300 0.022425
v 0.127685 1.349300 0.022425
v 0.127685 1.349300 0.022425
v 0.127685 1.349300 0.022425
v 0.127685 1.349300 0.022425
v 0.100499 1.439236 0.022901
v 0.100499 1.439236 0.022901
v 0.100499 1.439236 0.022901
v 0.100499 1.439236 0.022901
v 0.100499 1.439236 0.022901
v 0.100499 1.439236 0.022901
v 0.100499 1.439236 0.022901
v 0.124272 1.499875 -0.017518
v 0.124272 1.499875 -0.017518
v 0.124272 1.499875 -0.017518
v 0.124272 1.499875 -0.017518
v 0.124272 1.499875 -0.017518
v 0.124272 1.499875 -0.017518
v 0.124272 1.499875 -0.017518
v 0.173538 1.483766 0.013605
v 0.173538 1.483766 0.013605
v 0.173538 1.483766 0.013605
v 0.187122 1.247289 0.096529
v 0.187122 1.247289 0.096529
v 0.187122 1.247289 0.096529
v 0.148533 1.255760 0.071683
v 0.148533 1.255760 0.071683
v 0.148533 1.255760 0.071683
v 0.148533 1.255760 0.071683
v 0.148533 1.255760 0.071683
v 0.111325 1.343174 0.073307
v 0.111325 1.343174 0.073307
v 0.111325 1.343174 0.073307
v 0.111325 1.343174 0.073307
v 0.111325 1.343174 0.073307
v 0.111325 1.343174 0.073307
v 0.111325 1.343174 0.073307
v 0.078440 1.443756 0.070114
v 0.078440 1.443756 0.070114
v 0.078440 1.443756 0.070114
v 0.078440 1.443756 0.070114
v 0.078440 1.443756 0.070114
v 0.078440 1.443756 0.070114
v 0.078440 1.443756 0.070114
v 0.091199 1.480968 0.023623
v 0.091199 1.480968 0.023623
v 0.091199 1.480968 0.023623
v 0.091199 1.480968 0.023623
v 0.091199 1.480968 0.023623
v 0.091199 1.480968 0.023623
v 0.103856 1.484470 0.002608
v 0.103856 1.484470 0.002608
v 0.103856 1.484470 0.002608
v 0.103856 1.484470 0.002608
v 0.103856 1.484470 0.002608
v 0.177098 1.268984 0.102307
v 0.177098 1.268984 0.102307
v 0.177098 1.268984 0.102307
v 0.140830 1.354741 0.103867
v 0.140830 1.354741 0.103867
v 0.140830 1.354741 0.103867
v 0.119042 1.434086 0.104526
v 0.119042 1.434086 0.104526
v 0.093728 1.461288 0.097974
v 0.093728 1.461288 0.097974
v 0.093728 1.461288 0.097974
v 0.065110 1.472640 0.068240
v 0.065110 1.472640 0.068240
v 0.065110 1.472640 0.068240
v 0.065110 1.472640 0.068240
v 0.065110 1.472640 0.068240
v 0.065110 1.472640 0.068240
v 0.065110 1.472640 0.068240
v 0.079343 1.482074 0.022251
v 0.079343 1.482074 0.022251
v 0.079343 1.482074 0.022251
v 0.099292 1.481243 -0.009188
v 0.099292 1.481243 -0.009188
v 0.099292 1.481243 -0.009188
v 0.106992 1.489312 -0.038604
v 0.106992 1.489312 -0.038604
v 0.106992 1.489312 -0.038604
v 0.075054 1.488894 0.098757
v 0.075054 1.488894 0.098757
v 0.073474 1.500757 0.101188
v 0.073474 1.500757 0.101188
v 0.081591 1.463473 0.077452
v 0.081591 1.463473 0.077452
v 0.108850 1.550434 -0.024618
v 0.108850 1.550434 -0.024618
v 0.156462 1.530813 0.002642
v 0.156462 1.530813 0.002642
vn -0.9618 0.2659 -0.0654
vn -0.9731 0.2273 -0.0379
vn -0.9881 0.1514 -0.0284
vn -0.9782 0.1968 -0.0663
vn -0.9623 0.1846 -0.1996
vn -0.9753 0.1611 -0.1514
vn -0.9425 0.1027 -0.3180
vn -0.9476 0.0402 -0.3170
vn -0.9838 0.1786 0.0144
vn -0.9545 0.2980 0.0089
vn -0.9424 0.3278 -0.0672
vn -0.9402 0.3366 -0.0527
vn -0.9194 0.3639 -0.1493
vn -0.9186 0.3733 -0.1294
vn -0.8455 0.4133 -0.3381
vn -0.8397 0.3946 -0.3731
vn -0.8853 0.1345 -0.4451
vn -0.9032 0.1083 -0.4153
vn -0.9338 0.3458 0.0920
vn -0.8885 0.4485 0.0970
vn -0.8482 0.5269 0.0544
vn -0.8462 0.5323 -0.0255
vn -0.7931 0.6071 -0.0483
vn -0.7714 0.6282 -0.1016
vn -0.7124 0.6898 -0.1290
vn -0.6691 0.7099 -0.2200
vn -0.6842 0.6743 -0.2778
vn -0.6880 0.6306 0.3590
vn -0.6389 0.6791 0.3614
vn -0.6502 0.6650 0.3675
vn -0.5810 0.7843 0.2175
vn -0.5764 0.7811 0.2401
vn -0.4792 0.8742 0.0781
vn -0.5570 0.8248 0.0976
vn -0.4515 0.8922 0.0106
vn -0.4490 0.8920 -0.0522
vn -0.3825 0.5321 0.7553
vn -0.4615 0.4555 0.7613
vn -0.2702 0.7973 0.5398
vn -0.3950 0.7033 0.5910
vn -0.2675 0.8802 0.3921
vn -0.2826 0.8980 0.3371
vn -0.2152 0.9547 0.2057
vn -0.2596 0.9385 0.2277
vn -0.2011 0.9748 0.0971
vn -0.2097 0.9745 0.0798
vn -0.1742 0.9847 -0.0084
vn -0.4065 0.9107 -0.0733
vn -0.2242 0.3708 0.9012
vn -0.2070 0.3819 0.9007
vn -0.0637 0.7230 0.6879
vn -0.0948 0.7089 0.6989
vn 0.0013 0.8846 0.4664
vn -0.0109 0.8920 0.4520
vn 0.0375 0.9567 0.2885
vn 0.0180 0.9546 0.2973
vn 0.0513 0.9858 0.1598
vn 0.0383 0.9885 0.1463
vn 0.0612 0.9969 0.0489
vn -0.1732 0.9848 -0.0089
vn 0.0881 0.3307 0.9396
vn 0.1333 0.6866 0.7147
vn 0.1535 0.6631 0.7326
vn 0.1888 0.8499 0.4919
vn 0.2061 0.8519 0.4815
vn 0.2274 0.9217 0.3143
vn 0.2420 0.9132 0.3278
vn 0.2585 0.9476 0.1880
vn 0.0995 0.3148 0.9439
vn 0.3795 0.3094 0.8719
vn 0.3835 0.6765 0.6287
vn 0.4496 0.5473 0.7059
vn 0.4484 0.7479 0.4894
vn 0.4824 0.7567 0.4412
vn 0.4755 0.8271 0.2996
vn 0.5041 0.7974 0.3316
vn 0.4980 0.8456 0.1921
vn 0.2747 0.9448 0.1784
vn 0.3358 0.4085 0.8488
vn 0.7166 0.4429 0.5388
vn 0.7236 0.4113 0.5543
vn 0.7420 0.5399 0.3975
vn 0.7309 0.5397 0.4179
vn 0.7179 0.6531 0.2409
vn 0.7656 0.5805 0.2775
vn 0.7167 0.6764 0.1695
vn 0.5101 0.8416 0.1777
vn 0.5046 0.8593 0.0839
vn 0.5039 0.8598 0.0831
vn 0.2821 0.9561 0.0790
vn 0.7467 0.3774 0.5478
vn 0.9330 0.1257 0.3373
vn 0.9342 0.1976 0.2968
vn 0.9550 0.1996 0.2195
vn 0.9394 0.2872 0.1873
vn 0.9410 0.3120 0.1313
vn 0.9166 0.3889 0.0925
vn 0.7307 0.6741 0.1083
vn 0.7044 0.7055 0.0778
vn 0.6954 0.7186 0.0027
vn 0.3814 0.9237 0.0367
vn 0.4894 0.8597 -0.1467
vn 0.9405 0.0008 0.3399
vn 0.9630 -0.0539 0.2642
vn 0.9806 -0.0274 0.1943
vn 0.9779 -0.0176 0.2081
vn 0.9938 0.0105 0.1109
vn 0.9913 0.0205 0.1303
vn 0.9934 0.0737 -0.0880
vn 0.9243 0.3772 -0.0591
vn 0.9082 0.4186 -0.0056
vn 0.6746 0.7374 0.0323
vn 0.9462 -0.1754 0.2717
vn 0.9512 -0.2031 0.2322
vn 0.9666 -0.1625 0.1982
vn 0.9825 -0.1746 0.0649
vn 0.9734 -0.1988 0.1136
vn 0.9665 -0.2500 -0.0584
vn 0.9582 -0.2355 -0.1622
vn 0.9590 -0.2062 -0.1943
vn 0.9906 0.0565 -0.1242
vn 0.9646 -0.1391 0.2242
vn 0.9780 -0.0889 0.1886
vn 0.9489 -0.3100 -0.0592
vn 0.9002 -0.2900 -0.3248
vn 0.8942 -0.4118 -0.1755
vn 0.8494 -0.3997 -0.3447
vn 0.8506 -0.4213 -0.3146
vn 0.9136 -0.1848 -0.3621
vn 0.9243 -0.2242 -0.3088
vn 0.9250 -0.0418 -0.3777
vn 0.9437 0.1093 -0.3122
vn 0.8856 -0.3451 -0.3108
vn 0.9162 -0.2918 -0.2745
vn 0.8007 -0.3323 -0.4984
vn 0.7343 -0.2945 -0.6115
vn 0.6897 -0.6534 -0.3121
vn 0.4825 -0.4688 -0.7399
vn 0.4803 -0.4757 -0.7370
vn 0.5974 -0.3730 -0.7099
vn 0.5788 -0.1855 -0.7941
vn 0.6406 -0.0645 -0.7651
vn 0.5694 -0.1113 -0.8145
vn 0.5862 0.0815 -0.8061
vn 0.8125 -0.2335 -0.5341
vn 0.2867 -0.1726 -0.9423
vn 0.2849 -0.1703 -0.9433
vn 0.2319 -0.5025 -0.8329
vn 0.1474 -0.5762 -0.8039
vn 0.1874 -0.4086 -0.8932
vn 0.1912 -0.4152 -0.8894
vn 0.2557 -0.1057 -0.9610
vn 0.2567 -0.1049 -0.9608
vn 0.2759 0.0254 -0.9609
vn -0.0748 -0.0865 -0.9934
vn -0.1620 -0.4120 -0.8967
vn -0.1201 -0.5095 -0.8521
vn -0.0777 -0.3499 -0.9335
vn -0.0862 -0.3554 -0.9307
vn -0.0190 -0.0550 -0.9983
vn -0.0196 -0.0539 -0.9984
vn 0.0089 0.0747 -0.9972
vn 0.0080 0.0740 -0.9972
vn 0.2765 0.0244 -0.9607
vn -0.0914 -0.0949 -0.9913
vn -0.6922 0.1093 -0.7134
vn -0.6176 0.0071 -0.7865
vn -0.7920 -0.3022 -0.5305
vn -0.4086 -0.2544 -0.8765
vn -0.4141 -0.2848 -0.8645
vn -0.4792 -0.1629 -0.8624
vn -0.3808 -0.0083 -0.9246
vn -0.4015 0.1279 -0.9069
vn -0.7282 0.0115 -0.6853
vn -0.8570 0.1026 -0.5051
vn -0.8381 0.0265 -0.5449
vn -0.8374 0.0299 -0.5457
vn -0.9050 -0.0664 -0.4203
vn -0.8180 -0.0798 -0.5696
vn -0.8311 -0.0939 -0.5481
vn -0.7936 0.1305 -0.5943
vn -0.8308 0.1000 -0.5475
vn -0.3411 0.0568 -0.9383
vn -0.2907 0.2435 -0.9253
vn -0.2707 0.2599 -0.9269
vn 0.0323 0.2184 -0.9753
vn 0.0367 0.2107 -0.9769
vn 0.2933 0.1633 -0.9420
vn -0.7496 0.2675 -0.6055
vn -0.7303 0.4185 -0.5399
vn -0.7065 0.4420 -0.5527
vn -0.1971 0.4414 -0.8754
vn -0.2047 0.4524 -0.8680
vn 0.0718 0.4168 -0.9062
vn 0.0707 0.4161 -0.9066
vn 0.3167 0.3707 -0.8731
vn 0.3158 0.3717 -0.8730
vn 0.2996 0.1691 -0.9390
vn 0.5744 0.1038 -0.8120
vn -0.5489 0.6994 -0.4578
vn -0.5039 0.7256 -0.4686
vn -0.1230 0.7323 -0.6698
vn -0.0914 0.6979 -0.7104
vn 0.1180 0.6622 -0.7399
vn 0.1292 0.6667 -0.7341
vn 0.3074 0.6338 -0.7098
vn 0.3174 0.6254 -0.7128
vn 0.5107 0.5867 -0.6285
vn 0.5585 0.3018 -0.7726
vn 0.5673 0.3099 -0.7630
vn -0.2829 0.9161 -0.2841
vn 0.0206 0.9168 -0.3989
vn 0.0080 0.9297 -0.3681
vn 0.1520 0.8655 -0.4774
vn 0.2903 0.8399 -0.4585
vn 0.4143 0.8547 -0.3129
vn 0.5408 0.6097 -0.5795
vn 0.8293 0.4794 -0.2873
vn 0.8578 0.4395 -0.2665
vn 0.9338 0.1390 -0.3297
vn -0.3567 0.9279 -0.1079
vn -0.3744 0.9162 -0.1428
vn -0.0286 0.9994 -0.0190
vn 0.0661 0.9709 -0.2300
vn 0.3407 0.9202 -0.1927
vn 0.4063 0.8455 -0.3464
vn 0.6495 0.7439 -0.1573
vn -0.1008 0.9687 -0.2269
vn 0.0853 0.9936 -0.0735
vn 0.2910 0.9557 -0.0455
vn 0.2819 0.9562 0.0788
vn 0.0615 0.9969 0.0488
vn -0.4749 -0.1870 -0.8599
vn -0.3565 0.2922 -0.8874
vn 0.4799 0.4475 -0.7546
vn 0.4070 0.9054 -0.1211
vn 0.6716 0.7409 -0.0101
vn 0.5064 0.3994 0.7642
vn 0.5890 -0.4115 -0.6955
vn 0.6614 0.0917 -0.7444
vn -0.1326 0.5615 -0.8168
vn -0.0494 0.9814 -0.1855
vn -0.4493 0.8815 -0.1455
vn -0.5287 0.5835 0.6164
vn 0.8634 0.4928 0.1079
vn -0.8634 -0.4928 -0.1079
vn -0.6359 0.7671 -0.0847
vn 0.6359 -0.7671 0.0847
vn 0.9542 -0.1546 0.2561
vn -0.9883 0.1514 -0.0182
vn -0.9095 -0.0046 -0.4157
vn -0.9018 0.0575 -0.4284
vn -0.9982 0.0575 0.0159
vn -0.9978 0.0639 0.0198
vn -0.9997 -0.0106 0.0223
vn -0.9907 0.1300 -0.0397
vn -0.9798 0.0707 0.1871
vn -0.9530 0.1279 0.2748
vn -0.1039 -0.9057 -0.4110
vn 0.1006 -0.9171 -0.3859
vn -0.8816 -0.0960 -0.4621
vn -0.9955 -0.0947 0.0016
vn -0.9993 -0.0184 0.0316
vn -0.9938 -0.0238 0.1084
vn -0.9949 -0.0363 0.0937
vn -0.9917 0.0473 0.1197
vn -0.9914 0.0489 0.1216
vn -0.9945 -0.0383 0.0977
vn -0.7701 -0.3193 -0.5522
vn -0.8151 -0.5274 -0.2397
vn -0.8241 -0.5196 -0.2255
vn -0.9879 -0.1549 0.0106
vn -0.9780 -0.1637 0.1291
vn -0.9728 -0.2304 0.0240
vn -0.9555 -0.2472 0.1612
vn -0.9555 -0.2486 0.1589
vn -0.9707 -0.0486 0.2352
vn -0.9722 0.0520 -0.2284
vn -0.9869 -0.0370 -0.1567
vn -0.9253 -0.1227 0.3588
vn -0.9715 -0.2187 0.0913
vn -0.8500 -0.4838 -0.2084
vn -0.6938 -0.3937 0.6031
vn -0.6134 -0.7491 -0.2500
vn -0.8337 -0.5392 -0.1193
vn -0.8490 -0.5214 -0.0855
vn -0.6955 0.0917 -0.7126
vn -0.7199 0.0989 -0.6870
vn -0.6925 0.1086 -0.7132
vn -0.0646 0.0360 -0.9973
vn -0.0320 0.0032 -0.9995
vn 0.1680 -0.0404 -0.9850
vn 0.3020 0.0414 -0.9524
vn 0.8146 -0.1756 -0.5528
vn 0.7361 -0.0691 -0.6733
vn 0.8111 -0.0776 -0.5798
vn 0.9539 -0.3002 0.0038
vn 0.9925 0.0245 -0.1200
vn 0.9335 -0.1969 0.2997
vn 0.8169 -0.1011 0.5678
vn 0.4567 -0.2763 0.8457
vn 0.3401 -0.3968 0.8526
vn 0.6934 -0.6161 -0.3737
vn 0.6073 -0.7784 -0.1588
vn 0.7189 -0.6929 -0.0556
vn 0.4987 -0.7158 0.4888
vn 0.4788 -0.8641 -0.1549
vn 0.3760 -0.9260 -0.0329
vn 0.1981 -0.9725 -0.1223
vn 0.3558 -0.4030 0.8432
vn -0.5280 -0.5582 0.6400
vn -0.3443 -0.4152 0.8421
vn 0.8682 -0.4267 -0.2531
vn 0.8632 -0.4677 0.1901
vn 0.8634 -0.4673 0.1901
vn 0.6531 -0.7538 -0.0728
vn 0.6415 -0.7667 -0.0243
vn 0.6763 -0.7328 0.0750
vn 0.6457 -0.7503 0.1420
vn 0.3328 -0.9375 -0.1015
vn 0.9241 -0.3127 -0.2196
vn 0.9082 -0.3461 0.2353
vn 0.8981 -0.3698 0.2378
vn 0.8751 -0.3732 0.3080
vn 0.8270 -0.5101 0.2365
vn 0.8291 -0.4756 0.2939
vn 0.9008 -0.3813 -0.2079
vn -0.6690 -0.2618 0.6956
vn -0.4651 -0.6281 0.6238
vn -0.5104 -0.6644 0.5459
vn -0.4180 -0.7293 0.5417
vn -0.4251 -0.7308 0.5340
vn -0.4157 -0.7365 0.5337
vn -0.3420 -0.8068 0.4818
vn -0.2219 -0.8510 0.4759
vn -0.0953 -0.8504 0.5175
vn -0.0125 -0.8042 0.5942
vn -0.0221 -0.8061 0.5914
vn 0.0206 -0.8277 0.5608
vn 0.0351 -0.7221 0.6909
vn 0.0410 -0.7287 0.6836
vn -0.4091 -0.9109 -0.0544
vn -0.4096 -0.9107 -0.0531
vn 0.4089 0.9110 0.0530
vn 0.4097 0.9106 0.0545
vn 0.0172 -0.9986 0.0503
vn 0.0571 -0.9983 0.0093
vn -0.0376 0.9993 -0.0067
vn -0.0323 0.9978 -0.0580
vn -0.3892 0.8902 -0.2369
vn -0.3435 0.8582 -0.3813
vn 0.2943 -0.8939 0.3382
vn 0.4616 -0.8443 0.2723
vn -0.3834 -0.9222 -0.0509
vn -0.3910 -0.9204 -0.0030
vn 0.3765 0.9264 0.0063
vn 0.4005 0.9148 0.0534
vn -0.0505 0.9987 -0.0085
vn -0.0504 0.9987 -0.0081
vn 0.0507 -0.9987 0.0080
vn 0.0502 -0.9987 0.0085
vn 0.6507 0.7334 -0.1969
vn 0.7640 0.6381 -0.0955
vn -0.7061 -0.7038 0.0782
vn -0.6935 -0.6838 0.2270
vn -0.0128 -0.7997 0.6002
vn -0.3585 -0.8809 -0.3091
vn -0.1613 -0.9727 -0.1672
vn -0.1487 -0.0711 0.9863
vn -0.1469 -0.0664 0.9869
vn 0.1848 0.9827 0.0101
vn 0.3082 0.9455 0.1053
vn -0.3308 -0.9162 -0.2263
vn -0.1928 -0.9680 -0.1606
vn -0.1583 -0.9744 -0.1595
vn -0.1266 -0.9802 -0.1520
vn -0.1452 -0.9761 -0.1616
vn -0.1414 -0.0673 0.9877
vn -0.1371 -0.0549 0.9890
vn 0.1591 0.9873 0.0006
vn 0.1797 0.9837 0.0121
vn 0.1800 0.9836 0.0122
vn 0.1767 0.9842 0.0122
vn 0.1017 -0.9647 -0.2431
vn -0.4435 -0.6738 0.5910
vn 0.0262 0.9983 0.0519
vn 0.0262 -0.9889 -0.1459
vn 0.9214 -0.1897 0.3390
vn 0.9215 -0.1895 0.3390
vn 0.4628 -0.2159 0.8598
vn 0.4686 -0.2086 0.8584
vn -0.1589 -0.1411 0.9771
vn -0.1555 -0.1381 0.9781
vn -0.7183 -0.0128 0.6956
vn -0.7173 -0.0114 0.6967
vn -0.9886 0.1286 0.0784
vn -0.9889 0.1271 0.0770
vn -0.9195 0.2062 -0.3347
vn -0.9199 0.2052 -0.3342
vn -0.4809 0.2134 -0.8504
vn -0.7021 -0.1537 -0.6952
vn 0.0769 -0.2866 -0.9550
vn 0.7606 -0.4233 -0.4922
vn 0.7281 -0.0057 -0.6855
vn -0.1552 -0.9777 -0.1412
vn -0.1685 -0.9738 -0.1526
vn -0.1654 -0.9738 -0.1561
vn -0.1493 -0.9771 -0.1519
vn -0.1389 -0.9819 -0.1290
vn -0.1406 -0.9817 -0.1282
vn 0.9877 -0.1364 -0.0770
vn 0.9876 -0.1369 -0.0768
vn -0.0000 -0.0000 1.0000
vn 0.9057 -0.2066 0.3702
vn 0.9068 -0.2040 0.3690
vn 0.4759 -0.2195 0.8517
vn 0.4718 -0.2251 0.8525
vn -0.1596 -0.1452 0.9765
vn -0.7264 -0.0034 0.6873
vn -0.7251 -0.0014 0.6887
vn -0.9842 0.1349 0.1151
vn -0.9844 0.1338 0.1140
vn 0.7771 -0.5218 0.3519
vn 0.6685 -0.7109 0.2184
vn 0.6321 -0.7177 0.2922
vn 0.7162 -0.6376 0.2837
vn 0.3401 -0.9402 -0.0166
vn 0.7757 -0.5094 0.3726
vn 0.7208 -0.5118 0.4675
vn 0.7622 -0.4733 0.4416
vn 0.5674 -0.4516 0.6886
vn 0.7499 -0.3429 0.5658
vn 0.6738 -0.5497 0.4938
vn 0.6818 -0.6448 0.3455
vn 0.2757 -0.9612 0.0093
vn 0.2804 -0.9595 0.0258
vn 0.8192 -0.3652 0.4421
vn 0.8256 -0.4091 0.3887
vn 0.7886 -0.4101 0.4582
vn 0.7377 -0.4683 0.4863
vn 0.5643 -0.4652 0.6820
vn 0.5225 -0.4151 0.7448
vn 0.4275 -0.3835 0.8187
vn 0.4690 -0.3792 0.7976
vn 0.4987 -0.2758 0.8217
vn 0.8752 -0.3621 0.3207
vn 0.8833 -0.3305 0.3326
vn 0.8814 -0.3076 0.3586
vn 0.8516 -0.2921 0.4352
vn 0.8536 -0.4638 0.2370
vn 0.7700 -0.4636 0.4384
vn 0.7609 -0.4042 0.5077
vn 0.3619 -0.2482 0.8986
vn 0.5775 -0.1482 0.8028
vn 0.4813 -0.1211 0.8682
vn 0.4801 -0.1215 0.8687
vn 0.9133 -0.3200 0.2518
vn 0.8836 -0.3971 0.2480
vn 0.8493 -0.4196 0.3204
vn 0.8490 -0.4748 0.2316
vn 0.8497 -0.4726 0.2337
vn 0.7533 -0.4333 0.4947
vn 0.7557 -0.4622 0.4641
vn 0.3463 -0.3237 0.8805
vn 0.3537 -0.3187 0.8794
vn 0.3672 -0.3206 0.8731
vn 0.4872 -0.2534 0.8357
vn 0.9391 -0.2765 0.2039
vn 0.9350 -0.2964 0.1950
vn 0.8779 -0.3616 0.3139
vn 0.9024 -0.2937 0.3153
vn 0.8061 -0.2703 0.5265
vn 0.7969 -0.2861 0.5321
vn 0.3529 -0.1835 0.9175
vn 0.3683 -0.1694 0.9142
vn 0.2323 -0.1435 0.9620
vn 0.3539 -0.0332 0.9347
vn 0.8399 -0.3255 0.4343
vn 0.8809 -0.2514 0.4011
vn 0.8820 -0.2341 0.4089
vn 0.9048 -0.3288 0.2708
vn 0.8791 -0.2782 0.3870
vn 0.9550 -0.2260 0.1920
vn 0.8212 -0.2655 0.5051
vn 0.7615 -0.3000 0.5746
vn 0.7944 -0.2464 0.5552
vn 0.8185 -0.2985 0.4908
vn 0.2413 0.2070 0.9481
vn 0.2942 -0.2946 0.9092
vn 0.1433 -0.3087 0.9403
vn 0.2003 -0.9214 0.3330
vn 0.0963 -0.9264 0.3640
vn -0.1522 -0.9013 -0.4056
vn 0.1891 -0.5718 -0.7983
vn 0.2187 -0.7095 -0.6699
vn 0.3435 -0.3023 -0.8892
vn 0.3419 -0.3022 -0.8898
vn 0.4440 0.2174 -0.8693
vn 0.5253 0.2151 -0.8233
vn 0.7707 -0.3057 0.5591
vn 0.8214 -0.2723 0.5012
vn -0.8701 0.4914 -0.0374
vn -0.0079 -0.8916 -0.4527
vn 0.2290 -0.2742 -0.9340
vn 0.2957 -0.2849 -0.9118
vn 0.3920 0.2198 -0.8933
vn 0.4884 0.2025 -0.8488
vn 0.4548 0.8859 -0.0916
vn -0.2976 0.8952 -0.3316
vn 0.5835 0.7920 -0.1796
vn 0.5315 0.8313 -0.1628
vn 0.8136 -0.4820 0.3251
vn 0.8227 -0.4741 0.3137
vn 0.8197 -0.4688 0.3292
vn 0.8805 -0.3829 0.2794
vn 0.1193 -0.9925 -0.0255
vn 0.5085 0.8588 0.0620
vn 0.6379 0.7651 0.0876
vn 0.4805 0.8678 0.1266
vn 0.0104 0.5221 0.8528
vn 0.1696 0.4440 0.8799
vn 0.7651 -0.3605 0.5336
vn 0.5767 -0.8162 -0.0359
vn 0.3592 -0.3129 0.8793
vn 0.4326 -0.3085 0.8472
vn 0.1438 -0.4611 0.8756
vn 0.3102 -0.0622 0.9487
vn 0.6606 -0.2141 0.7196
vn 0.5480 -0.4403 0.7112
vn 0.6066 -0.5545 0.5698
vn 0.2044 -0.9680 0.1458
vn 0.3467 -0.5977 0.7229
vn -0.2188 -0.7127 0.6665
vn -0.2082 -0.7014 0.6817
vn -0.1169 0.0797 0.9899
vn 0.2863 -0.0719 0.9554
vn 0.1639 -0.4024 0.9007
vn 0.1293 -0.4182 0.8991
vn -0.0339 -0.9830 0.1804
vn -0.1545 -0.9851 0.0758
vn -0.1462 -0.9892 -0.0052
vn 0.0214 -0.9956 -0.0907
vn 0.0251 -0.9979 -0.0594
vn -0.6907 -0.4272 0.5834
vn -0.5005 -0.3555 0.7894
vn -0.5453 0.0676 0.8355
vn -0.5244 0.0494 0.8500
vn -0.1155 0.0806 0.9900
vn -0.1739 -0.3135 0.9335
vn -0.4642 -0.3325 0.8210
vn -0.3101 -0.9389 0.1497
vn -0.7187 -0.1202 0.6849
vn -0.6685 -0.1417 0.7301
vn -0.7551 -0.1688 0.6335
vn -0.7563 -0.0931 0.6476
vn -0.8668 0.0094 0.4985
vn -0.8220 -0.2494 0.5120
vn -0.4940 -0.3070 0.8134
vn -0.7267 -0.1826 0.6622
vn -0.8066 -0.1862 0.5610
vn -0.8366 -0.2139 0.5044
vn -0.8364 -0.2370 0.4943
vn -0.9390 -0.0978 0.3298
vn -0.9050 -0.3272 0.2717
vn -0.8681 -0.3451 0.3568
vn -0.5064 -0.8611 0.0458
vn -0.7036 0.0868 0.7053
vn -0.7094 0.0921 0.6987
vn -0.7842 0.0946 0.6133
vn -0.6433 -0.0616 0.7631
vn -0.9548 -0.0968 0.2812
vn -0.9639 -0.1380 0.2279
vn -0.9656 -0.1097 0.2357
vn -0.9451 -0.1755 0.2756
vn -0.9393 -0.2223 0.2612
vn -0.5354 0.0862 0.8402
vn -0.5852 0.0038 0.8109
vn -0.4206 -0.1328 0.8975
vn -0.7508 -0.0275 0.6599
vn -0.6701 -0.1365 0.7296
vn -0.6524 -0.1405 0.7447
vn -0.6576 -0.1457 0.7391
vn -0.9626 -0.1530 0.2235
vn -0.9548 -0.1058 0.2778
vn -0.7330 0.2033 0.6492
vn -0.7421 0.1934 0.6417
vn -0.7415 0.2050 0.6388
vn -0.5084 -0.0149 0.8610
vn -0.5178 -0.0237 0.8552
vn -0.4208 -0.1330 0.8974
vn -0.5343 0.1137 0.8376
vn -0.5689 0.1425 0.8099
vn -0.5057 -0.0036 0.8627
vn -0.6124 0.0169 0.7904
vn -0.6298 0.0003 0.7768
vn -0.9557 0.0428 0.2913
vn -0.7535 0.2039 0.6250
vn -0.6216 0.2707 0.7350
vn -0.6466 0.1647 0.7448
vn -0.7569 0.1859 0.6265
vn -0.7389 0.1524 0.6564
vn -0.6366 0.3554 0.6844
vn -0.1107 -0.0872 0.9900
vn -0.1395 -0.0900 0.9861
vn -0.1746 -0.3156 0.9327
vn -0.8249 -0.0679 0.5612
vn -0.7208 -0.6885 0.0799
vn -0.7485 -0.6557 0.0994
vn -0.9762 0.2085 0.0598
vn -0.9562 0.2795 0.0867
vn -0.7622 0.6456 0.0483
vn -0.1492 -0.0819 0.9854
vn -0.1605 -0.0765 0.9841
vn 0.4961 0.1418 0.8566
vn 0.4554 0.0899 0.8858
vn 0.4417 -0.0079 0.8971
vn 0.5832 -0.3223 0.7456
vn -0.1858 -0.3225 0.9281
vn -0.2039 -0.9589 0.1972
vn 0.5937 -0.0385 0.8038
vn 0.5915 -0.0391 0.8054
vn 0.6008 -0.0149 0.7992
vn 0.6094 -0.0348 0.7921
vn 0.5119 -0.0987 0.8533
vn 0.2255 -0.1675 0.9597
vn 0.0887 -0.2331 0.9684
vn 0.2892 -0.0498 0.9560
vn 0.2888 -0.0456 0.9563
vn 0.5780 -0.0131 0.8159
vn 0.2798 -0.0562 0.9584
vn 0.3053 -0.1604 0.9386
vn 0.2148 -0.1493 0.9652
vn 0.0868 -0.2294 0.9695
vn 0.3964 -0.8888 0.2300
vn 0.4209 -0.8716 0.2514
vn 0.4332 -0.8377 0.3327
vn -0.2228 -0.8321 0.5079
vn -0.2266 -0.8295 0.5106
vn -0.7677 -0.6159 0.1769
vn -0.8434 0.3837 0.3761
vn 0.9340 -0.1627 0.3180
vn 0.9352 -0.0804 0.3450
vn 0.7991 0.0693 0.5972
vn 0.8290 -0.0614 0.5559
vn -0.1086 0.1002 0.9890
vn -0.1042 0.0925 0.9902
vn -0.9115 0.2603 0.3183
vn -0.5163 0.8321 0.2026
vn 0.9013 0.3344 0.2755
vn 0.7060 0.6026 0.3720
vn 0.9234 -0.0776 0.3758
vn -0.0424 0.3794 0.9243
vn -0.0429 0.3802 0.9239
vn -0.9476 0.2944 0.1241
vn -0.9342 0.3376 0.1158
vn -0.9602 0.1549 0.2325
vn -0.5301 0.4011 0.7470
vn -0.5320 0.1186 0.8384
vn 0.9319 -0.0123 0.3626
vn -0.0116 0.5082 0.8612
vn -0.0115 0.5080 0.8613
vn -0.0096 0.5156 0.8567
vn -0.0094 0.5154 0.8569
vn -0.8815 0.4057 0.2417
vn 0.8510 -0.2048 0.4836
vn 0.8700 0.0815 0.4862
vn 0.8707 0.0863 0.4842
vn 0.8805 0.0164 0.4738
vn -0.0238 0.4571 0.8891
vn -0.0234 0.4567 0.8893
vn -0.9220 0.3220 0.2150
vn -0.8787 0.4136 0.2385
vn 0.4126 0.2186 0.8843
vn 0.2479 0.1897 0.9500
vn 0.1117 0.0704 0.9912
vn 0.1473 0.2608 0.9541
vn 0.2781 0.1464 0.9493
vn 0.5266 0.3715 0.7647
vn 0.3627 -0.6221 0.6938
vn 0.4801 -0.7068 0.5195
vn 0.5564 -0.6739 0.4860
vn 0.0503 0.0900 0.9947
vn -0.1030 0.1084 0.9887
vn 0.3611 0.0285 0.9321
vn 0.3532 0.0222 0.9353
vn 0.3605 0.1010 0.9273
vn 0.0790 0.1746 0.9815
vn 0.1704 0.4932 0.8531
vn 0.1767 0.4799 0.8593
vn -0.3310 0.1337 0.9341
vn -0.1302 -0.2023 0.9706
vn -0.0791 -0.1702 0.9822
vn 0.8138 -0.0669 0.5773
vn 0.7607 -0.1687 0.6268
vn 0.7624 -0.0472 0.6454
vn 0.3215 0.0337 0.9463
vn 0.3186 0.0130 0.9478
vn 0.3610 -0.5272 0.7692
vn -0.0479 0.1529 0.9871
vn -0.0172 0.1835 0.9829
vn 0.8965 -0.1530 0.4159
vn 0.8433 -0.3404 0.4159
vn 0.8501 -0.2681 0.4533
vn 0.6542 -0.2557 0.7118
vn 0.7517 -0.0912 0.6532
vn 0.9566 -0.1460 0.2520
vn 0.8968 -0.4121 0.1613
vn 0.9251 -0.0552 0.3757
vn 0.8030 -0.5102 0.3082
vn 0.7952 -0.4784 0.3725
vn 0.5601 -0.6578 0.5036
vn 0.6571 -0.4602 0.5970
vn 0.3642 -0.4081 0.8371
vn 0.3939 -0.3604 0.8456
vn -0.0961 -0.0977 0.9906
vn 0.9532 -0.1316 0.2722
vn 0.9596 -0.1872 0.2101
vn 0.8987 -0.1921 0.3942
vn 0.9039 -0.1787 0.3887
vn 0.7423 -0.1618 0.6503
vn 0.2368 -0.7956 0.5577
vn 0.3600 -0.4504 0.8170
vn 0.0666 -0.5643 0.8229
vn -0.0315 -0.5402 0.8410
vn 0.9566 -0.0979 0.2745
vn 0.9112 -0.1178 0.3947
vn 0.8519 -0.0030 0.5236
vn 0.8136 -0.0439 0.5798
vn 0.7228 -0.2947 0.6251
vn 0.3397 -0.2861 0.8960
vn 0.0143 -0.9510 0.3087
vn -0.0393 -0.7376 0.6741
vn -0.0780 -0.7842 0.6156
vn -0.1965 -0.7712 0.6055
vn -0.1795 -0.7015 0.6897
vn 0.9398 -0.1864 0.2863
vn 0.8302 -0.1127 0.5459
vn 0.8132 -0.0068 0.5820
vn 0.4040 0.0726 0.9119
vn 0.3996 0.0366 0.9160
vn 0.4131 0.0524 0.9092
vn 0.3436 -0.3343 0.8776
vn 0.0136 -0.3646 0.9310
vn -0.0470 -0.4600 0.8867
vn -0.0008 -0.9745 0.2244
vn -0.0903 -0.9571 0.2752
vn 0.8075 -0.0501 0.5877
vn 0.7510 0.0465 0.6587
vn 0.3838 0.1162 0.9161
vn 0.3836 0.1137 0.9165
vn 0.0561 0.1376 0.9889
vn 0.0473 0.0733 0.9962
vn 0.0597 0.0610 0.9964
vn 0.3378 0.1715 0.9255
vn 0.0991 0.1870 0.9773
vn 0.0284 0.1394 0.9898
vn 0.0335 0.1685 0.9851
vn -0.0995 0.1474 0.9841
vn -0.1180 0.0527 0.9916
vn -0.1239 0.0585 0.9906
vn -0.0945 0.0493 0.9943
vn -0.1838 -0.2705 0.9450
vn -0.0143 -0.4640 0.8857
vn -0.2284 0.1857 0.9557
vn -0.2202 0.2194 0.9504
vn -0.2558 0.1968 0.9465
vn -0.2728 0.1321 0.9529
vn -0.1459 0.0549 0.9878
vn -0.1615 -0.2696 0.9493
vn -0.1782 -0.2674 0.9470
vn -0.1728 -0.2731 0.9463
vn -0.1079 0.1158 0.9874
vn -0.2679 0.1579 0.9504
vn -0.8671 -0.4106 0.2821
vn -0.2747 0.2580 0.9263
vn -0.4825 0.3224 0.8144
vn -0.5416 0.2853 0.7908
vn -0.5402 0.2897 0.7901
vn -0.5744 0.2557 0.7776
vn -0.5839 0.2208 0.7812
vn -0.5898 0.2440 0.7698
vn -0.2858 0.1262 0.9499
vn -0.8311 0.3321 0.4461
vn -0.8937 0.2622 0.3640
vn -0.8806 0.3099 0.3585
vn -0.9273 0.2079 0.3112
vn -0.9001 0.3273 0.2876
vn -0.8944 0.2757 0.3522
vn -0.9139 0.0137 0.4057
vn -0.6415 -0.0997 0.7607
vn -0.6547 -0.1365 0.7435
vn -0.3767 -0.2869 0.8808
vn -0.3442 -0.4025 0.8482
vn -0.3737 -0.3950 0.8392
vn -0.9858 0.1651 0.0318
vn -0.9663 0.2568 0.0199
vn -0.9636 0.2305 0.1357
vn -0.9752 0.1751 0.1351
vn -0.8902 0.1461 0.4315
vn -0.6064 -0.6707 0.4271
vn -0.3835 -0.6996 0.6029
vn -0.4045 -0.8885 0.2166
vn -0.3294 -0.9191 0.2163
vn -0.3939 -0.9073 0.1470
vn -0.8348 -0.4499 0.3173
vn -0.9833 0.1771 -0.0428
vn -0.9783 0.1619 0.1291
vn -0.9772 -0.1706 0.1262
vn -0.8476 -0.4254 0.3170
vn -0.6776 -0.2788 0.6805
vn -0.4736 -0.4601 0.7510
vn -0.3768 -0.4716 0.7973
vn -0.3614 -0.7375 0.5705
vn -0.2522 -0.7655 0.5919
vn -0.9745 0.2239 0.0142
vn -0.9781 -0.1958 0.0707
vn -0.9478 0.2911 0.1299
vn -0.9746 0.0743 0.2114
vn -0.8654 0.0309 0.5001
vn -0.9003 -0.0997 0.4237
vn -0.6798 -0.1685 0.7138
vn -0.6843 -0.1428 0.7151
vn -0.2306 -0.0834 0.9695
vn -0.9943 -0.0623 -0.0863
vn -0.9790 0.2036 -0.0034
vn -0.9854 -0.0042 0.1700
vn -0.9669 0.1948 0.1649
vn -0.9061 0.1446 0.3976
vn -0.8782 0.2351 0.4166
vn -0.8797 0.2263 0.4182
vn -0.5165 0.1863 0.8358
vn -0.6934 -0.2294 0.6831
vn -0.1586 0.1690 0.9728
vn -0.2172 -0.1730 0.9607
vn -0.9903 0.1209 -0.0685
vn -0.9954 0.0698 -0.0651
vn -0.9979 -0.0069 0.0638
vn -0.9962 0.0612 0.0620
vn -0.9568 0.0602 0.2843
vn -0.9047 0.2554 0.3410
vn -0.5491 0.1920 0.8134
vn -0.5274 0.2638 0.8076
vn -0.5189 0.1766 0.8364
vn -0.9909 0.0608 0.1200
vn -0.9997 0.0217 0.0118
vn -0.9819 0.1087 0.1554
vn -0.9793 0.1217 0.1616
vn -0.7953 -0.5620 -0.2274
vn -0.4434 -0.8902 -0.1045
vn -0.5006 -0.8182 0.2826
vn -0.5825 -0.7803 0.2274
vn -0.4673 -0.1778 0.8660
vn -0.6133 -0.1562 0.7742
vn -0.3911 0.3269 0.8603
vn -0.9627 0.0604 0.2637
vn -0.9321 0.1094 0.3452
vn -0.9300 0.0788 0.3589
vn -0.9575 -0.0493 0.2841
vn -0.9988 -0.0428 0.0224
vn -0.9862 -0.1432 0.0827
vn -0.9867 -0.1470 0.0694
vn -0.9841 -0.1571 0.0824
vn -0.9356 0.0213 0.3523
vn -0.9666 0.0358 0.2537
vn -0.1862 0.3537 -0.9166
vn -0.0984 0.3247 -0.9407
vn -0.1872 -0.1947 -0.9628
vn -0.1910 -0.1934 -0.9623
vn -0.2739 -0.4884 -0.8285
vn -0.1709 -0.6126 -0.7717
vn -0.2369 0.5165 0.8229
vn -0.3464 0.9364 0.0559
vn -0.1758 0.9839 -0.0319
vn -0.2019 0.9467 -0.2511
vn -0.1516 0.9450 -0.2900
vn 0.9709 -0.2203 0.0944
vn -0.2156 0.9644 -0.1532
vn -0.0948 0.9813 -0.1677
vn -0.1702 0.3282 -0.9292
vn -0.0534 0.3071 -0.9502
vn -0.1432 -0.1969 -0.9699
vn -0.0653 -0.2154 -0.9743
vn -0.1616 -0.6141 -0.7725
vn -0.0629 0.5330 0.8438
vn -0.0010 -0.5784 0.8157
vn -0.5535 0.2012 0.8082
vn -0.3304 0.1533 0.9313
vn -0.2831 0.3534 0.8916
vn -0.2593 0.2485 0.9333
vn -0.1984 0.5535 0.8089
vn -0.1731 0.2056 0.9632
vn -0.2107 -0.1818 0.9605
vn 0.0880 0.0457 0.9951
vn -0.4002 0.3118 0.8617
vn -0.2150 0.5400 0.8137
vn -0.5428 0.5642 0.6221
vn -0.7316 -0.4023 0.5504
vn -0.4087 -0.4912 0.7692
vn -0.2650 -0.6824 0.6813
vn -0.4474 0.2891 0.8463
vn -0.9928 -0.1198 -0.0079
vn -0.9958 -0.0897 0.0158
vn -0.9926 -0.1214 0.0044
vn -0.9743 0.0584 0.2177
vn -0.9812 -0.1027 0.1636
vn -0.9456 -0.2534 0.2039
vn -0.8557 -0.5082 0.0975
vn -0.9095 -0.4109 0.0624
vn -0.8992 -0.4212 0.1182
vn -0.5286 -0.8437 -0.0934
vn -0.5323 -0.8421 -0.0866
vn -0.2531 -0.9607 -0.1142
vn -0.2496 -0.9605 -0.1234
vn -0.8646 -0.5008 0.0408
vn -0.8429 -0.5379 -0.0139
vn -0.5429 -0.8228 -0.1681
vn -0.5563 -0.8214 -0.1257
vn -0.5854 -0.8016 -0.1213
vn -0.2865 -0.9445 -0.1607
vn 0.3364 0.5018 0.7969
vn 0.3460 0.5034 0.7918
vn 0.3779 -0.1489 0.9138
vn 0.4278 -0.2397 0.8715
vn 0.3502 -0.2547 0.9014
vn 0.3734 0.4634 0.8036
vn 0.2398 0.4540 0.8581
vn 0.2272 0.0105 0.9738
vn 0.3417 -0.1570 0.9266
vn 0.2483 0.4425 0.8617
vn -0.0437 0.4279 0.9027
vn -0.0456 0.4263 0.9034
vn -0.1354 -0.0080 0.9908
vn -0.1354 -0.0077 0.9908
vn -0.2965 0.5362 0.7903
vn -0.2624 0.5568 0.7881
vn -0.4455 0.1160 0.8877
vn -0.5914 -0.0042 0.8064
vn -0.6600 0.0409 0.7502
vn -0.6500 -0.0777 0.7559
vn -0.6430 -0.0819 0.7614
vn -0.3343 0.6246 0.7058
vn -0.3647 0.6431 0.6734
vn -0.3670 0.6089 0.7033
vn 0.3527 -0.0760 0.9326
vn -0.1027 -0.3368 0.9359
vn -0.0364 -0.5042 0.8628
vn -0.4263 -0.2011 0.8819
vn -0.4377 -0.1439 0.8875
vn -0.2977 -0.0375 0.9539
vn 0.1924 -0.4909 0.8497
vn 0.1337 -0.2200 0.9663
vn 0.0085 -0.2701 0.9628
vn -0.2662 -0.3086 0.9132
vn -0.3614 -0.4384 0.8229
vn -0.3452 -0.2063 0.9156
vn -0.4456 -0.1105 0.8884
vn -0.5679 -0.3509 0.7445
vn -0.5921 0.0877 0.8011
vn 0.0690 -0.3164 0.9461
vn 0.1199 -0.2305 0.9657
vn 0.0158 -0.0942 0.9954
vn -0.9327 0.1920 -0.3052
vn -0.9349 0.1856 -0.3024
vn 0.1465 0.9768 0.1561
vn 0.1574 0.9738 0.1643
vn 0.1714 0.9740 0.1481
vn -0.4612 0.2131 -0.8614
vn -0.5920 0.5553 -0.5841
vn 0.2050 0.5245 -0.8263
vn 0.2087 0.5202 -0.8282
vn 0.8754 0.3071 -0.3733
vn 0.1413 0.9792 0.1459
vn 0.1419 0.9789 0.1473
vn 0.1460 0.9785 0.1457
vn 0.9903 -0.1331 -0.0388
vn 0.9908 -0.1292 -0.0407
vn 0.7122 0.0111 -0.7019
vn -0.4792 -0.6383 0.6024
vn -0.8361 0.0154 0.5483
vn -0.8171 0.0125 0.5763
vn -0.8175 0.0149 0.5757
vn -0.9998 -0.0085 -0.0206
vn -0.9127 -0.3783 -0.1543
vn -0.9766 -0.0620 -0.2059
vn -0.9052 -0.1800 -0.3850
vn -0.9229 -0.0291 -0.3839
vn -0.5706 0.0808 -0.8172
vn -0.7575 0.0697 0.6491
vn -0.5612 -0.1140 0.8198
vn -0.6432 0.1792 0.7444
vn -0.9620 -0.2710 -0.0325
vn -0.9455 0.0259 0.3245
vn -0.9367 0.1951 0.2908
vn -0.9689 0.1077 0.2227
vn -0.9629 -0.0195 0.2693
vn -0.9236 -0.1260 0.3620
vn -0.6062 -0.3940 -0.6908
vn -0.5095 -0.2065 -0.8353
vn -0.4907 -0.4046 -0.7717
vn -0.9200 -0.3920 -0.0015
vn -0.4084 -0.0458 0.9116
vn -0.4548 0.1703 0.8742
vn -0.8299 -0.0840 0.5516
vn -0.8634 0.1412 0.4844
vn -0.6183 0.3746 0.6909
vn -0.4418 0.5572 0.7031
vn -0.4437 0.3054 0.8425
vn -0.4200 0.2616 0.8690
vn -0.9888 -0.1256 0.0801
vn -0.7958 -0.1045 0.5965
vn -0.5463 0.1199 0.8290
vn -0.8221 0.0167 0.5691
vn -0.8079 0.0160 0.5892
vn -0.5784 -0.5497 0.6027
vn -0.4054 0.1500 0.9017
vn -0.2942 0.1420 0.9451
vn -0.9256 -0.0637 0.3731
vn -0.9341 -0.0788 0.3481
vn -0.8652 -0.2588 -0.4295
vn -0.8685 -0.2261 -0.4412
vn -0.2969 0.1701 0.9396
vn -0.9467 -0.0397 0.3197
vn -0.9336 -0.0066 0.3582
vn -0.8835 -0.2077 -0.4199
vn -0.8902 -0.0246 -0.4549
vn -0.9165 -0.0573 -0.3958
vn -0.9112 -0.1542 -0.3819
vn -0.9079 -0.1422 -0.3943
vn -0.9014 0.1746 -0.3961
vn -0.1928 0.2339 0.9530
vn -0.1942 0.3589 0.9129
vn -0.3139 0.4315 0.8457
vn -0.9365 0.2206 0.2725
vn -0.9352 0.2183 0.2788
vn -0.9422 0.1485 0.3004
vn -0.9303 0.0743 0.3593
vn -0.9338 -0.0700 0.3508
vn -0.9640 0.2071 0.1667
vn -0.8983 0.1619 -0.4084
vn -0.9083 -0.0536 -0.4149
vn -0.3268 0.2095 0.9216
vn -0.3580 0.1413 0.9229
vn -0.3380 0.0839 0.9374
vn -0.4096 -0.1780 0.8947
vn -0.4739 0.0499 0.8792
vn -0.8911 0.0766 0.4473
vn -0.9923 -0.0354 0.1191
vn -0.9153 -0.0470 -0.4001
vn -0.9136 0.0198 -0.4061
vn -0.8857 0.0554 -0.4609
vn -0.8665 -0.1132 -0.4862
vn -0.8621 -0.1010 -0.4965
vn -0.8696 0.0628 -0.4897
vn -0.4857 0.0452 0.8729
vn -0.4889 0.0255 0.8720
vn -0.4982 0.0331 0.8664
vn -0.8925 0.0625 0.4467
vn -0.9018 0.0807 0.4246
vn -0.9046 -0.1626 0.3941
vn -0.9454 -0.0726 0.3176
vn -0.9375 0.1347 0.3209
vn -0.9555 0.2029 0.2140
vn -0.8886 0.1149 -0.4441
vn -0.7210 0.5151 -0.4635
vn -0.6811 0.5318 -0.5032
vn -0.5384 0.6883 -0.4862
vn -0.3806 -0.2835 0.8802
vn -0.5391 -0.1441 0.8298
vn -0.5443 -0.0393 0.8380
vn -0.7223 0.1508 0.6750
vn -0.6679 0.3042 0.6792
vn -0.6910 0.5119 0.5104
vn -0.8273 0.5412 0.1506
vn -0.7998 0.5980 0.0518
vn -0.5825 0.8128 0.0036
vn -0.5874 0.8093 0.0084
vn 0.2986 -0.0944 0.9497
vn 0.2955 -0.1971 0.9348
vn 0.1563 -0.0069 0.9877
vn -0.2456 -0.6531 0.7163
vn -0.2384 0.1727 0.9557
vn -0.0750 0.2793 0.9573
vn -0.4695 0.7270 0.5010
vn -0.4586 0.7403 0.4916
vn -0.1271 -0.5400 0.8320
vn -0.8462 -0.2474 0.4719
vn -0.7749 -0.4566 0.4370
vn -0.9339 -0.3052 0.1862
vn -0.9223 -0.2893 0.2564
vn -0.7476 -0.4472 0.4910
vn -0.7355 -0.5663 0.3720
vn 0.7873 0.1368 0.6013
vn -0.1393 0.8475 0.5121
vn -0.1403 0.8498 0.5081
vn -0.1957 0.7507 0.6310
vn -0.1552 0.6147 0.7733
vn -0.7458 0.2382 0.6221
vn -0.6785 0.1808 0.7120
vn -0.4165 0.2270 0.8803
vn -0.4401 0.1843 0.8788
vn -0.0539 0.3925 0.9181
vn 0.0383 0.0484 0.9981
vn -0.2087 0.3402 0.9169
vn 0.2113 0.8481 0.4859
vn 0.2527 0.8119 0.5264
vn 0.3309 0.7889 0.5178
vn 0.2169 0.8610 0.4599
vn -0.5691 0.5216 0.6357
vn -0.6187 0.2726 0.7368
vn -0.9282 -0.2742 0.2517
vn -0.8864 -0.3808 0.2632
vn -0.9277 -0.0652 0.3677
vn -0.7954 -0.0615 0.6030
vn -0.8146 0.0234 0.5796
vn -0.8156 0.0220 0.5782
vn -0.4950 -0.6111 0.6177
vn -0.3417 0.2250 0.9125
vn -0.2637 -0.0260 0.9643
vn -0.4221 0.1520 0.8937
vn -0.7872 -0.1334 0.6020
vn -0.8247 0.0239 0.5650
vn -0.8109 0.0232 0.5848
vn -0.6358 -0.4540 0.6242
vn -0.9949 -0.0488 -0.0884
vn -0.9139 -0.4060 -0.0019
vn -0.9888 -0.1360 0.0617
vn -0.5777 0.8162 0.0072
vn -0.6938 0.6958 0.1860
vn -0.6706 0.6028 -0.4323
vn -0.5307 0.6330 -0.5636
vn -0.3179 0.3013 -0.8989
vn -0.4709 -0.0664 -0.8797
vn -0.4210 -0.1493 -0.8947
vn -0.9251 -0.2614 0.2754
vn -0.4583 0.8732 0.1656
vn -0.5942 0.6642 0.4536
vn -0.5633 0.8004 -0.2052
vn -0.5707 0.5885 -0.5727
vn -0.1679 0.5683 -0.8055
vn -0.2005 0.5897 -0.7823
vn -0.0857 0.3443 -0.9350
vn -0.2089 0.3948 -0.8947
vn -0.1328 -0.0476 -0.9900
vn -0.4601 -0.1291 -0.8784
vn -0.9942 0.0458 0.0977
vn -0.9317 0.3584 0.0584
vn -0.7384 0.4793 -0.4744
vn -0.7768 0.6107 -0.1536
vn -0.7490 0.6524 -0.1153
vn -0.1781 0.6160 -0.7674
vn -0.2672 0.5026 -0.8222
vn 0.0388 0.5430 -0.8389
vn 0.0339 0.5836 -0.8113
vn 0.0682 0.6077 -0.7912
vn 0.1240 0.4101 -0.9036
vn 0.1904 0.4347 -0.8802
vn -0.2548 0.4446 -0.8587
vn -0.0170 0.4994 -0.8662
vn -0.0150 0.4724 -0.8813
vn 0.0053 0.4742 -0.8804
vn -0.1513 0.6054 -0.7814
vn -0.1450 0.5607 -0.8152
vn -0.2437 0.5952 -0.7657
vn -0.2410 0.3560 -0.9029
vn -0.3113 0.3603 -0.8793
vn -0.2472 -0.1075 -0.9630
vn 0.2642 -0.0283 -0.9641
vn -0.0574 0.4419 -0.8952
vn 0.1657 0.4375 -0.8838
vn -0.0188 0.6483 -0.7611
vn 0.1425 0.6239 -0.7684
vn 0.1417 0.6307 -0.7629
vn -0.0623 0.7655 -0.6405
vn -0.0380 0.5345 -0.8443
vn 0.0494 0.6561 -0.7530
vn 0.0252 0.3902 -0.9204
vn 0.0837 0.4382 -0.8950
vn 0.1399 -0.0078 -0.9901
vn 0.2030 0.0535 -0.9777
vn -0.4707 -0.0460 -0.8811
vn 0.5878 0.8004 -0.1176
vn 0.4751 0.8798 -0.0167
vn 0.2469 0.9648 -0.0912
vn 0.4067 0.7483 -0.5241
vn 0.3583 0.7769 -0.5177
vn 0.3834 0.3947 -0.8350
vn 0.5470 0.1709 -0.8195
vn 0.5464 0.0812 -0.8336
vn 0.4884 0.0044 -0.8726
vn 0.5049 -0.1102 -0.8561
vn 0.2333 -0.1411 -0.9621
vn 0.5965 0.7749 -0.2093
vn 0.7669 0.6160 0.1800
vn 0.8336 0.5190 0.1891
vn 0.2449 0.8630 0.4420
vn 0.1400 0.9637 0.2272
vn 0.3082 0.9129 0.2676
vn 0.5007 0.8126 -0.2985
vn 0.2408 0.9646 0.1080
vn 0.9630 -0.1765 0.2037
vn 0.8600 0.3346 -0.3853
vn 0.9160 -0.0732 -0.3945
vn 0.5342 -0.1333 -0.8348
vn 0.5310 -0.0319 -0.8468
vn 0.2916 -0.0573 -0.9548
vn 0.2961 -0.0816 -0.9517
vn 0.8300 0.1982 0.5214
vn 0.8307 0.2004 0.5194
vn 0.8261 0.2154 0.5207
vn 0.9731 -0.1400 -0.1828
vn 0.9836 0.0806 -0.1613
vn 0.4723 0.0284 -0.8810
vn 0.4646 0.1111 -0.8785
vn 0.2232 0.0681 -0.9724
vn 0.2501 -0.1053 -0.9625
vn -0.3796 -0.1982 -0.9037
vn -0.4762 -0.1605 -0.8646
vn -0.4689 -0.1791 -0.8649
vn -0.4305 -0.1912 -0.8821
vn 0.9570 0.1736 -0.2323
vn 0.9657 0.0853 -0.2453
vn 0.4701 0.1069 -0.8761
vn 0.4715 0.0866 -0.8776
vn 0.1007 0.0753 -0.9921
vn 0.1167 -0.0324 -0.9926
vn -0.1406 -0.0867 -0.9863
vn -0.4260 -0.0332 -0.9041
vn 0.4158 0.1476 -0.8974
vn 0.4367 -0.0201 -0.8994
vn 0.5034 0.0452 -0.8629
vn 0.9537 0.1198 -0.2758
vn 0.9581 0.0571 -0.2806
vn 0.4589 0.0956 -0.8833
vn 0.4328 0.3522 -0.8298
vn 0.4852 0.4385 -0.7565
vn 0.1050 0.4626 -0.8804
vn 0.1228 0.0895 -0.9884
vn -0.1769 0.0912 -0.9800
vn -0.1670 0.0880 -0.9820
vn 0.1530 0.0979 -0.9834
vn 0.1711 -0.0218 -0.9850
vn 0.9714 0.0159 -0.2367
vn 0.9503 0.2181 -0.2224
vn 0.9461 0.2701 -0.1786
vn 0.9695 0.1465 -0.1965
vn 0.9695 0.1431 -0.1992
vn 0.5112 0.2731 -0.8149
vn 0.5455 0.3293 -0.7707
vn 0.0962 0.3465 -0.9331
vn 0.0919 0.4487 -0.8889
vn -0.3762 0.4101 -0.8308
vn -0.1701 0.3103 -0.9353
vn 0.1641 0.3078 -0.9372
vn 0.1723 0.1060 -0.9793
vn 0.9686 0.1503 -0.1979
vn 0.9670 0.0843 -0.2404
vn 0.5644 0.1346 -0.8145
vn 0.6792 0.2734 -0.6811
vn 0.0473 0.3277 -0.9436
vn 0.1266 0.2601 -0.9572
vn 0.1277 0.3801 -0.9161
vn -0.4368 0.3094 -0.8447
vn -0.3943 0.2875 -0.8728
vn 0.3943 0.2875 -0.8728
vn 0.3763 0.4093 -0.8312
vn 0.9734 -0.0076 -0.2290
vn 0.6970 -0.0441 -0.7157
vn 0.6680 0.0298 -0.7436
vn -0.1371 0.0137 -0.9905
vn 0.0280 -0.1323 -0.9908
vn -0.5364 -0.0918 -0.8389
vn -0.4431 -0.1511 -0.8837
vn -0.4386 0.2201 -0.8713
vn -0.4477 0.2244 -0.8656
vn 0.4477 0.2244 -0.8656
vn 0.4368 0.3094 -0.8447
vn 0.9763 -0.0294 -0.2145
vn 0.2319 -0.2451 -0.9414
vn 0.6196 -0.5970 -0.5096
vn 0.5850 -0.4216 -0.6928
vn -0.1998 -0.4385 -0.8762
vn 0.0162 -0.6196 -0.7848
vn -0.4641 -0.4995 -0.7315
vn 0.9450 0.0637 -0.3209
vn 0.9604 -0.0206 -0.2779
vn 0.2186 -0.1429 -0.9653
vn 0.1570 -0.0876 -0.9837
vn -0.7047 -0.0313 -0.7088
vn -0.6846 -0.1000 -0.7220
vn 0.9558 -0.0103 -0.2937
vn 0.9556 -0.0471 -0.2908
vn 0.1699 -0.1112 -0.9792
vn 0.2185 -0.1455 -0.9649
vn -0.7085 -0.0834 -0.7007
vn -0.8009 -0.1789 -0.5715
vn -0.8060 -0.1082 -0.5819
vn -0.7865 -0.0943 -0.6104
vn -0.7752 -0.1741 -0.6072
vn -0.7050 -0.1065 -0.7012
vn 0.9494 -0.0315 -0.3125
vn 0.9455 -0.1189 -0.3032
vn 0.1428 -0.1885 -0.9716
vn 0.1698 -0.2033 -0.9643
vn 0.9216 -0.0779 -0.3802
vn 0.9065 -0.1890 -0.3776
vn 0.0754 -0.1627 -0.9838
vn 0.1442 -0.2029 -0.9685
vn 0.8766 -0.1439 -0.4593
vn 0.8594 -0.0328 -0.5103
vn 0.9234 0.1488 -0.3539
vn 0.0759 0.2101 -0.9747
vn 0.0748 0.2107 -0.9747
vn -0.8436 0.0720 -0.5321
vn -0.6964 -0.1739 -0.6963
vn 0.8751 0.2503 -0.4143
vn 0.8829 0.1934 -0.4279
vn 0.1021 0.2605 -0.9601
vn 0.0719 0.2765 -0.9583
vn -0.9161 0.0944 -0.3898
vn -0.8871 -0.1368 -0.4409
vn 0.8304 0.2537 -0.4961
vn 0.8444 0.0789 -0.5299
vn 0.0879 0.1025 -0.9908
vn 0.1248 0.0821 -0.9888
vn -0.8786 0.0184 -0.4773
vn -0.8832 0.1524 -0.4436
vn 0.8616 0.0583 -0.5042
vn 0.8498 -0.1331 -0.5100
vn 0.1461 -0.0978 -0.9844
vn 0.1063 -0.0837 -0.9908
vn -0.8294 -0.1315 -0.5430
vn -0.8578 0.0506 -0.5115
vn 0.7952 -0.0829 -0.6006
vn 0.7959 -0.1265 -0.5921
vn 0.1187 -0.0883 -0.9890
vn 0.1458 -0.0962 -0.9846
vn -0.8538 -0.1124 -0.5083
vn -0.8531 -0.1129 -0.5094
vn -0.8485 -0.1518 -0.5069
vn 0.7941 -0.1250 -0.5948
vn -0.1562 -0.6036 -0.7818
vn -0.4028 -0.8750 -0.2686
vn -0.3930 -0.8796 -0.2680
vn -0.5308 -0.7948 -0.2943
vn -0.5728 -0.5125 -0.6397
vn 0.5728 -0.5125 -0.6397
vn 0.4641 -0.4995 -0.7315
vn 0.5364 -0.0918 -0.8389
vn 0.4431 -0.1511 -0.8837
vn 0.4386 0.2201 -0.8713
vn 0.5308 -0.7948 -0.2943
vn 0.3930 -0.8796 -0.2680
vn 0.4028 -0.8750 -0.2686
vn 0.1562 -0.6036 -0.7818
vn 0.1998 -0.4385 -0.8762
vn -0.0162 -0.6196 -0.7848
vn 0.1371 0.0136 -0.9905
vn -0.0280 -0.1323 -0.9908
vn -0.0473 0.3277 -0.9436
vn -0.1266 0.2601 -0.9572
vn -0.1277 0.3801 -0.9161
vn -0.0962 0.3465 -0.9331
vn -0.0918 0.4518 -0.8874
vn -0.6196 -0.5970 -0.5096
vn -0.5850 -0.4216 -0.6928
vn -0.6970 -0.0441 -0.7157
vn -0.6680 0.0298 -0.7436
vn -0.6792 0.2735 -0.6811
vn -0.5644 0.1346 -0.8145
vn -0.5455 0.3293 -0.7707
vn -0.5112 0.2731 -0.8149
vn -0.4834 0.4471 -0.7527
vn -0.1089 0.4702 -0.8758
vn -0.1251 0.0871 -0.9883
vn -0.2319 -0.2451 -0.9414
vn -0.9763 -0.0294 -0.2145
vn -0.9734 -0.0076 -0.2290
vn -0.9670 0.0843 -0.2404
vn -0.9686 0.1503 -0.1979
vn -0.9695 0.1431 -0.1992
vn -0.9695 0.1465 -0.1965
vn -0.9461 0.2703 -0.1786
vn -0.4264 0.3519 -0.8333
vn -0.1570 -0.0876 -0.9837
vn -0.2186 -0.1429 -0.9653
vn -0.9604 -0.0206 -0.2779
vn -0.9450 0.0637 -0.3209
vn 0.7047 -0.0313 -0.7088
vn 0.7085 -0.0834 -0.7007
vn -0.2185 -0.1455 -0.9649
vn -0.1699 -0.1112 -0.9792
vn -0.9556 -0.0470 -0.2908
vn -0.9558 -0.0103 -0.2937
vn 0.6846 -0.1000 -0.7220
vn -0.9494 -0.0315 -0.3125
vn -0.9455 -0.1189 -0.3032
vn -0.9216 -0.0779 -0.3802
vn -0.9065 -0.1890 -0.3776
vn -0.8766 -0.1439 -0.4593
vn -0.8594 -0.0328 -0.5103
vn -0.9234 0.1488 -0.3539
vn -0.8751 0.2503 -0.4143
vn -0.1428 -0.1885 -0.9716
vn -0.1442 -0.2029 -0.9685
vn -0.0754 -0.1627 -0.9838
vn -0.0748 0.2107 -0.9747
vn -0.0759 0.2101 -0.9747
vn -0.0719 0.2765 -0.9583
vn -0.1021 0.2605 -0.9601
vn -0.8829 0.1934 -0.4279
vn -0.8304 0.2537 -0.4961
vn -0.1698 -0.2033 -0.9643
vn 0.8060 -0.1082 -0.5819
vn 0.7865 -0.0943 -0.6104
vn 0.7752 -0.1741 -0.6072
vn 0.7050 -0.1065 -0.7012
vn 0.6964 -0.1739 -0.6963
vn 0.8436 0.0720 -0.5321
vn 0.8871 -0.1368 -0.4409
vn 0.9161 0.0943 -0.3898
vn 0.8009 -0.1789 -0.5715
vn 0.8832 0.1524 -0.4436
vn 0.8786 0.0184 -0.4773
vn -0.1248 0.0821 -0.9888
vn -0.0879 0.1025 -0.9908
vn -0.8444 0.0789 -0.5299
vn -0.8616 0.0583 -0.5042
vn -0.8498 -0.1331 -0.5100
vn -0.7952 -0.0829 -0.6006
vn 0.8578 0.0506 -0.5115
vn 0.8294 -0.1315 -0.5430
vn -0.1063 -0.0837 -0.9908
vn -0.1461 -0.0978 -0.9844
vn -0.1458 -0.0962 -0.9846
vn -0.1187 -0.0883 -0.9890
vn -0.7959 -0.1265 -0.5921
vn -0.7941 -0.1250 -0.5948
vn 0.8485 -0.1518 -0.5069
vn 0.8531 -0.1129 -0.5094
vn 0.8538 -0.1124 -0.5083
vn -0.9502 0.2181 -0.2224
vn -0.9714 0.0141 -0.2369
vn -0.9667 0.0409 -0.2526
vn -0.4538 0.1113 -0.8841
vn -0.4874 0.0728 -0.8701
vn -0.1113 0.0780 -0.9907
vn -0.0883 -0.0788 -0.9930
vn -0.2173 -0.0269 -0.9757
vn -0.1779 -0.1895 -0.9656
vn -0.9016 -0.3234 -0.2874
vn -0.8964 -0.3539 -0.2669
vn -0.4615 -0.1018 -0.8813
vn -0.4552 -0.0888 -0.8860
vn -0.4374 -0.1455 -0.8874
vn -0.4751 -0.2291 -0.8496
vn -0.2465 -0.1570 -0.9564
vn -0.2433 -0.1758 -0.9539
vn 0.5030 0.0027 -0.8643
vn 0.4665 -0.0258 -0.8842
vn 0.4603 0.0983 -0.8823
vn -0.9440 -0.2186 -0.2471
vn -0.9363 -0.3005 -0.1816
vn -0.9100 -0.3687 -0.1897
vn -0.8544 -0.3116 -0.4158
vn -0.4538 -0.2924 -0.8418
vn -0.4329 -0.2657 -0.8614
vn -0.1804 -0.2020 -0.9626
vn -0.2103 -0.0089 -0.9776
vn -0.9148 0.0157 0.4035
vn -0.9139 0.0415 0.4038
vn -0.9623 0.1888 0.1957
vn -0.9365 0.0954 -0.3374
vn -0.9933 -0.0645 -0.0960
vn -0.9611 -0.2718 0.0495
vn -0.9604 -0.2699 -0.0696
vn -0.9696 0.1158 0.2157
vn -0.9031 -0.3405 0.2615
vn -0.9963 -0.0434 0.0741
vn -0.9640 -0.1236 0.2354
vn -0.9728 -0.1369 0.1866
vn -0.8541 -0.5180 -0.0475
vn -0.5654 -0.6711 0.4795
vn -0.5204 -0.5094 0.6854
vn -0.3891 0.1307 0.9119
vn -0.2872 -0.0514 0.9565
vn -0.2071 0.2891 0.9346
vn -0.5680 0.3456 0.7470
vn -0.9404 -0.2601 0.2191
vn -0.9234 -0.2925 0.2486
vn -0.6297 -0.3029 0.7153
vn -0.6447 -0.2297 0.7291
vn -0.6127 -0.2715 0.7423
vn -0.8863 -0.4011 0.2313
vn -0.8599 -0.4392 0.2601
vn -0.5168 -0.4050 0.7542
vn -0.5198 -0.3975 0.7562
vn -0.0676 -0.3391 0.9383
vn -0.1138 -0.0905 0.9894
vn -0.0607 -0.1423 0.9880
vn -0.0198 -0.4627 0.8863
vn -0.0414 -0.4247 0.9044
vn -0.9534 0.0368 0.2996
vn -0.9488 0.0167 0.3153
vn -0.5618 -0.0206 0.8270
vn -0.4623 -0.4453 0.7668
vn -0.1794 -0.4215 0.8889
vn -0.3086 -0.1862 0.9328
vn -0.1198 -0.1771 0.9769
vn -0.1345 -0.0849 0.9873
vn -0.1115 -0.0903 0.9897
vn -0.1199 -0.0764 0.9898
vn 0.4251 -0.3531 0.8334
vn -0.9272 0.1835 0.3265
vn -0.2536 0.1406 0.9570
vn -0.5063 -0.0337 0.8617
vn -0.5112 -0.0786 0.8559
vn -0.3697 -0.0851 0.9253
vn -0.3231 -0.3524 0.8783
vn 0.0331 -0.3107 0.9499
vn -0.0053 -0.2193 0.9756
vn -0.9440 0.1521 0.2929
vn -0.9588 0.0649 0.2765
vn -0.1344 0.0509 0.9896
vn -0.3306 -0.0701 0.9412
vn -0.3445 -0.0696 0.9362
vn -0.2159 -0.0082 0.9764
vn -0.2492 -0.1314 0.9595
vn -0.3797 -0.0370 0.9244
vn -0.3813 -0.0762 0.9213
vn 0.0943 -0.0953 0.9910
vn 0.1459 -0.3249 0.9344
vn -0.9367 0.1179 0.3296
vn -0.9454 0.0679 0.3189
vn -0.1134 0.0831 0.9901
vn -0.1161 -0.0133 0.9932
vn -0.2161 -0.0127 0.9763
vn -0.3620 -0.1052 0.9262
vn -0.1151 -0.0815 0.9900
vn -0.1382 -0.0925 0.9861
vn -0.1183 -0.0099 0.9929
vn -0.1611 -0.0241 0.9866
vn -0.1778 -0.1319 0.9752
vn 0.0721 -0.0407 0.9966
vn -0.9254 0.1249 0.3578
vn -0.9275 0.1122 0.3567
vn -0.9244 0.0858 0.3717
vn 0.0718 0.1643 0.9838
vn 0.0475 0.1500 0.9875
vn 0.5979 0.1028 0.7950
vn -0.6929 -0.7189 0.0558
vn -0.4483 -0.5243 0.7240
vn -0.1632 -0.5605 0.8119
vn -0.1896 -0.5754 0.7956
vn -0.9269 0.0606 0.3704
vn -0.0460 0.1258 0.9910
vn 0.1226 0.2269 0.9662
vn 0.6703 0.1598 0.7247
vn 0.5764 0.0043 0.8172
vn 0.9840 -0.0620 0.1670
vn 0.9919 0.0108 0.1269
vn -0.9398 0.0317 0.3403
vn -0.9380 -0.0033 0.3467
vn -0.1502 0.0283 0.9882
vn -0.0440 0.0840 0.9955
vn 0.6667 0.0575 0.7431
vn 0.7467 -0.0318 0.6644
vn 0.9819 -0.0884 0.1675
vn 0.9824 -0.0922 0.1624
vn 0.9882 0.0207 0.1517
vn 0.9977 -0.0221 0.0636
vn -0.9240 0.0309 0.3813
vn -0.9174 -0.0866 0.3884
vn -0.9666 -0.0070 0.2561
vn -0.2169 -0.0579 0.9745
vn -0.1512 -0.0280 0.9881
vn 0.7482 0.0275 0.6629
vn 0.7242 0.0433 0.6882
vn 0.7209 -0.0381 0.6920
vn 0.9901 -0.1281 0.0577
vn 0.9881 -0.0803 0.1311
vn 0.9758 -0.1752 0.1310
vn 0.9591 -0.2243 0.1725
vn 0.9295 -0.3327 0.1593
vn -0.9602 -0.1180 0.2532
vn -0.5292 -0.2539 0.8096
vn -0.2200 -0.0894 0.9714
vn 0.3616 -0.2381 0.9014
vn 0.4061 -0.0775 0.9105
vn 0.4638 -0.1603 0.8713
vn 0.4438 -0.3181 0.8377
vn 0.4712 -0.3414 0.8133
vn 0.9510 -0.2826 0.1253
vn 0.9780 0.0286 0.2065
vn -0.9725 -0.1919 0.1320
vn -0.9878 -0.0823 0.1320
vn -0.5579 -0.1101 0.8226
vn -0.5136 -0.0739 0.8549
vn -0.9864 -0.0697 0.1489
vn -0.9880 0.0071 0.1545
vn -0.5607 -0.1834 0.8074
vn -0.5036 -0.2513 0.8266
vn -0.4559 -0.0345 0.8894
vn -0.4723 -0.0216 0.8812
vn 0.4585 -0.0408 0.8877
vn 0.5226 -0.0681 0.8499
vn 0.9851 0.0733 0.1558
vn 0.9905 -0.0036 0.1372
vn 0.9805 -0.0453 0.1910
vn 0.9702 -0.1763 0.1660
vn -0.9704 0.0589 0.2341
vn -0.9681 0.0779 0.2382
vn -0.9280 0.1237 0.3514
vn -0.9493 -0.0261 0.3132
vn -0.4864 -0.0655 0.8713
vn -0.4880 -0.0642 0.8705
vn 0.5256 -0.0951 0.8454
vn 0.5365 -0.1022 0.8377
vn 0.5351 -0.1324 0.8344
vn 0.5717 -0.1528 0.8061
vn 0.9800 -0.1553 0.1242
vn 0.9831 -0.1330 0.1254
vn 0.9931 -0.0032 -0.1175
vn 0.8114 -0.1097 0.5741
vn -0.9212 0.0135 0.3889
vn -0.9268 -0.1018 0.3615
vn -0.5003 -0.1310 0.8559
vn -0.5120 -0.1243 0.8500
vn -0.5116 -0.1211 0.8507
vn -0.7284 0.0147 0.6850
vn 0.2609 -0.0995 0.9602
vn 0.5842 -0.0323 0.8110
vn -0.9384 -0.1179 0.3248
vn -0.9403 -0.0736 0.3324
vn -0.9789 -0.1408 0.1478
vn -0.2210 -0.9581 0.1824
vn -0.3233 -0.9165 0.2355
vn 0.3233 -0.9165 0.2355
vn 0.2210 -0.9581 0.1824
vn 0.1632 -0.5605 0.8119
vn 0.1896 -0.5754 0.7956
vn 0.1151 -0.0815 0.9900
vn 0.1382 -0.0925 0.9861
vn -0.3331 -0.9249 -0.1833
vn 0.3331 -0.9249 -0.1833
vn -0.4165 -0.9092 0.0022
vn 0.4165 -0.9092 0.0022
vn -0.0721 -0.0407 0.9966
vn 0.1778 -0.1319 0.9752
vn 0.2492 -0.1314 0.9595
vn 0.3797 -0.0370 0.9244
vn 0.3813 -0.0764 0.9213
vn -0.0782 -0.0887 0.9930
vn -0.0696 -0.0853 0.9939
vn 0.0696 -0.0855 0.9939
vn 0.1611 -0.0241 0.9866
vn 0.1183 -0.0099 0.9929
vn 0.2159 -0.0082 0.9764
vn 0.3445 -0.0696 0.9362
vn 0.3306 -0.0701 0.9412
vn 0.2536 0.1406 0.9570
vn 0.5063 -0.0337 0.8617
vn 0.5107 -0.0739 0.8566
vn 0.3788 -0.0781 0.9222
vn 0.3858 -0.1866 0.9035
vn 0.0745 -0.2892 0.9544
vn -0.0593 -0.3702 0.9270
vn 0.3620 -0.1052 0.9262
vn 0.2161 -0.0127 0.9763
vn 0.1161 -0.0133 0.9932
vn 0.1134 0.0831 0.9901
vn 0.1344 0.0509 0.9896
vn 0.9588 0.0649 0.2765
vn 0.9440 0.1520 0.2929
vn 0.9272 0.1835 0.3265
vn 0.9497 -0.0063 0.3131
vn 0.5580 -0.0335 0.8292
vn 0.4483 -0.5243 0.7240
vn 0.6929 -0.7189 0.0558
vn -0.5979 0.1028 0.7950
vn -0.0475 0.1500 0.9875
vn -0.0718 0.1643 0.9838
vn 0.9244 0.0858 0.3717
vn 0.9275 0.1122 0.3567
vn 0.9254 0.1249 0.3579
vn 0.9454 0.0679 0.3189
vn 0.9367 0.1179 0.3296
vn -0.5764 0.0043 0.8172
vn -0.6703 0.1598 0.7247
vn -0.1226 0.2269 0.9662
vn 0.0460 0.1258 0.9910
vn 0.9269 0.0606 0.3704
vn 0.9398 0.0317 0.3403
vn 0.9380 -0.0033 0.3467
vn 0.9240 0.0309 0.3813
vn 0.9174 -0.0866 0.3884
vn -0.9840 -0.0620 0.1670
vn -0.9819 -0.0884 0.1675
vn -0.7467 -0.0318 0.6644
vn -0.6667 0.0575 0.7431
vn 0.0440 0.0840 0.9955
vn 0.1502 0.0283 0.9882
vn 0.1512 -0.0280 0.9881
vn 0.2169 -0.0579 0.9745
vn 0.9666 -0.0070 0.2561
vn 0.9602 -0.1180 0.2532
vn 0.9725 -0.1919 0.1320
vn -0.9919 0.0108 0.1269
vn -0.7482 0.0275 0.6629
vn -0.7242 0.0433 0.6882
vn -0.7209 -0.0381 0.6920
vn -0.3616 -0.2381 0.9014
vn 0.2200 -0.0894 0.9714
vn 0.5292 -0.2539 0.8096
vn 0.5136 -0.0739 0.8549
vn 0.5579 -0.1101 0.8226
vn 0.9878 -0.0823 0.1320
vn 0.9864 -0.0697 0.1489
vn -0.9882 0.0207 0.1517
vn -0.9977 -0.0221 0.0636
vn -0.9901 -0.1281 0.0577
vn -0.9881 -0.0803 0.1311
vn -0.9758 -0.1752 0.1310
vn -0.9591 -0.2243 0.1725
vn -0.4638 -0.1603 0.8713
vn -0.4061 -0.0775 0.9105
vn -0.9824 -0.0922 0.1624
vn -0.9295 -0.3327 0.1593
vn -0.9510 -0.2826 0.1253
vn -0.4712 -0.3414 0.8133
vn -0.4438 -0.3181 0.8377
vn 0.5036 -0.2513 0.8266
vn 0.5607 -0.1834 0.8074
vn 0.9880 0.0071 0.1545
vn 0.9704 0.0589 0.2341
vn -0.9780 0.0286 0.2065
vn -0.9851 0.0733 0.1558
vn -0.5226 -0.0681 0.8499
vn -0.4586 -0.0408 0.8877
vn 0.4723 -0.0216 0.8812
vn 0.4559 -0.0345 0.8894
vn 0.9681 0.0779 0.2382
vn 0.9280 0.1237 0.3514
vn 0.9493 -0.0261 0.3132
vn 0.9212 0.0135 0.3889
vn -0.9905 -0.0036 0.1372
vn -0.9805 -0.0453 0.1910
vn -0.5365 -0.1022 0.8377
vn -0.5256 -0.0951 0.8454
vn 0.4880 -0.0642 0.8705
vn 0.4864 -0.0655 0.8713
vn -0.9702 -0.1763 0.1660
vn -0.9800 -0.1553 0.1242
vn -0.5717 -0.1528 0.8061
vn -0.5351 -0.1324 0.8344
vn 0.5120 -0.1243 0.8500
vn 0.5003 -0.1310 0.8559
vn 0.9268 -0.1018 0.3615
vn 0.9384 -0.1179 0.3248
vn 0.9403 -0.0736 0.3324
vn 0.9789 -0.1408 0.1478
vn -0.9831 -0.1330 0.1254
vn -0.9931 -0.0032 -0.1175
vn -0.8114 -0.1097 0.5741
vn -0.5842 -0.0323 0.8110
vn -0.2609 -0.0995 0.9602
vn 0.7284 0.0147 0.6850
vn 0.5116 -0.1211 0.8507
vn 0.9593 0.0183 0.2817
vn 0.9588 0.0272 0.2829
vn 0.6177 -0.0851 0.7818
vn 0.5593 -0.1693 0.8115
vn 0.3239 -0.2533 0.9116
vn 0.3417 -0.0507 0.9384
vn 0.1652 -0.1175 0.9792
vn 0.0748 -0.2028 0.9764
vn 0.9645 0.0556 0.2583
vn 0.9582 0.1066 0.2654
vn 0.6903 -0.0226 0.7232
vn 0.6216 -0.1682 0.7650
vn 0.1749 -0.2959 0.9391
vn 0.1302 -0.0442 0.9905
vn 0.1328 -0.0434 0.9902
vn 0.1481 -0.0331 0.9884
vn 0.9600 0.1300 0.2479
vn 0.9433 0.2096 0.2573
vn 0.9359 0.2132 0.2805
vn 0.6727 -0.0203 0.7396
vn 0.6832 0.0176 0.7300
vn 0.0998 -0.1101 0.9889
vn 0.1662 -0.4325 0.8862
vn -0.2906 -0.4760 0.8300
vn 0.1350 -0.0330 0.9903
vn 0.9451 0.2191 0.2425
vn 0.9791 -0.0105 0.2031
vn 0.9990 0.0321 -0.0322
vn 0.9702 -0.2409 -0.0249
vn 0.7647 -0.4683 0.4426
vn 0.6641 -0.3145 0.6783
vn 0.1731 -0.3955 0.9020
vn 0.0502 0.1900 0.9805
vn -0.6421 -0.0579 0.7645
vn -0.3964 0.1186 0.9104
vn 0.3373 0.2369 0.9111
vn 0.9713 0.2346 0.0395
vn 0.5037 -0.5574 0.6599
vn 0.6835 0.1655 0.7109
vn 0.6609 0.1554 0.7342
vn 0.6608 0.1579 0.7337
vn 0.5758 0.1891 0.7954
vn 0.4047 -0.0524 0.9129
vn 0.4212 0.2577 0.8696
vn 0.9873 -0.0242 0.1570
vn 0.9728 -0.1542 0.1730
vn 0.9538 0.1117 0.2791
vn 0.9531 0.2371 0.1882
vn 0.9915 -0.1281 0.0229
vn 0.9803 0.1977 -0.0001
vn 0.9772 0.0837 -0.1953
vn 0.9549 0.2335 -0.1837
vn 0.7815 0.3883 0.4884
vn 0.8271 0.2238 0.5156
vn 0.2203 0.1908 0.9566
vn 0.2250 -0.0327 0.9738
vn 0.3285 0.1688 0.9293
vn 0.6670 0.0354 0.7442
vn 0.6660 0.1613 0.7283
vn 0.6488 0.1553 0.7449
vn 0.5748 -0.4478 0.6849
vn 0.6754 0.2956 -0.6756
vn 0.8075 -0.1662 -0.5660
vn 0.8384 0.0683 0.5408
vn 0.8657 0.1895 0.4633
vn 0.8475 0.3183 0.4247
vn 0.6891 0.2997 0.6598
vn 0.7026 0.0678 0.7084
vn 0.9718 0.2036 0.1191
vn 0.9707 -0.1692 0.1707
vn 0.9599 0.1035 0.2606
vn 0.6951 0.0052 -0.7189
vn 0.7161 -0.1953 -0.6701
vn 0.9686 0.0045 -0.2485
vn 0.8388 0.1182 0.5315
vn 0.8220 0.1283 0.5549
vn 0.0606 0.1161 0.9914
vn 0.1736 0.1557 0.9724
vn 0.1648 0.2711 0.9483
vn 0.9655 0.0374 -0.2576
vn 0.9713 0.0586 -0.2305
vn 0.8177 0.1868 0.5445
vn 0.8451 0.1627 0.5092
vn 0.0572 0.1432 0.9880
vn -0.0593 0.1773 0.9824
vn -0.0830 0.3090 0.9474
vn 0.0267 0.4150 0.9094
vn 0.0769 0.2063 0.9755
vn 0.1204 0.1514 0.9811
vn 0.9388 0.2326 -0.2541
vn 0.7782 0.4100 0.4757
vn 0.7797 0.4124 0.4711
vn 0.9598 0.2026 -0.1943
vn 0.9787 0.0904 -0.1841
vn 0.7939 0.2588 0.5502
vn 0.7990 0.3377 0.4976
vn 0.9752 0.1022 -0.1963
vn 0.8966 0.3993 -0.1917
vn 0.8992 0.3866 -0.2050
vn 0.8346 0.4064 0.3718
vn 0.8341 0.1176 0.5389
vn 0.1125 0.0946 0.9891
vn 0.2501 -0.1396 0.9581
vn 0.2610 0.0993 0.9602
vn 0.2731 0.0981 0.9570
vn 0.2845 0.0702 0.9561
vn 0.9595 0.1840 -0.2134
vn 0.9625 0.1949 -0.1885
vn 0.9258 0.1875 0.3281
vn 0.7314 0.2515 0.6338
vn 0.7384 0.2323 0.6331
vn 0.2962 0.0839 0.9514
vn 0.2446 -0.2465 0.9378
vn -0.4659 -0.2276 0.8551
vn -0.4388 -0.3206 0.8395
vn -0.3487 -0.0888 0.9330
vn -0.2114 -0.2232 0.9516
vn 0.9468 0.2579 -0.1924
vn 0.7457 0.2497 0.6177
vn 0.8113 0.0142 0.5844
vn 0.3705 -0.0841 0.9250
vn 0.3453 0.0677 0.9361
vn 0.5073 0.2965 0.8092
vn 0.2298 0.6369 0.7359
vn -0.4516 0.1776 0.8744
vn -0.4668 0.1793 0.8660
vn -0.0798 0.8639 0.4972
vn -0.0643 0.8539 0.5165
vn 0.9267 0.2864 -0.2434
vn 0.9531 0.1144 -0.2802
vn 0.8423 0.1054 0.5287
vn 0.7723 0.3461 0.5326
vn 0.7937 0.4026 0.4561
vn 0.4766 0.8379 0.2662
vn 0.2301 0.7610 0.6065
vn 0.9510 0.1198 -0.2850
vn 0.9233 0.2719 -0.2711
vn 0.9170 0.3450 -0.2003
vn 0.5859 0.7635 -0.2715
vn 0.4686 0.8575 0.2125
vn 0.1918 0.9782 0.0795
vn 0.2002 0.9753 0.0930
vn 0.3661 0.8516 -0.3752
vn 0.5262 0.7672 -0.3668
vn 0.1809 0.3216 0.9294
vn 0.1408 0.5776 0.8041
vn 0.3574 0.4454 0.8209
vn 0.3753 0.3427 0.8612
vn 0.9019 -0.0629 0.4274
vn 0.0917 0.2124 0.9729
vn 0.0727 -0.0539 0.9959
vn 0.2834 0.5806 0.7633
vn 0.1682 0.2356 0.9572
vn 0.2019 0.2003 0.9587
vn -0.2251 0.3035 0.9259
vn -0.2390 -0.0588 0.9692
vn 0.8876 -0.1772 0.4251
vn 0.8254 0.1275 0.5499
vn -0.5152 0.7339 0.4427
vn -0.6156 0.6309 0.4722
vn 0.4604 0.2710 0.8453
vn 0.5265 0.3515 0.7741
vn 0.7299 -0.2970 0.6157
vn 0.7718 -0.4033 0.4915
vn -0.8955 -0.1176 0.4292
vn -0.5490 0.6713 0.4979
vn -0.5114 0.7203 0.4687
vn -0.1589 0.5566 0.8155
vn -0.1285 0.7114 0.6910
vn -0.1831 0.8054 0.5638
vn 0.9278 -0.0852 0.3632
vn 0.8993 -0.0794 0.4301
vn -0.1842 0.8025 0.5674
vn 0.7685 -0.2942 0.5682
vn 0.7754 -0.0782 0.6266
vn 0.1011 -0.5704 0.8151
vn -0.0647 0.2908 0.9546
vn 0.6544 0.0762 0.7523
vn 0.6551 0.1650 0.7373
vn 0.6567 0.1640 0.7361
vn 0.5087 -0.5288 0.6794
vn 0.1903 0.1633 0.9680
vn 0.6654 0.0049 0.7465
vn 0.6674 0.1694 0.7252
vn 0.6506 0.1634 0.7416
vn 0.6003 -0.3435 0.7222
vn -0.9205 -0.0672 0.3850
vn -0.9004 -0.1724 0.3995
vn -0.3452 -0.3978 0.8500
vn -0.4471 -0.2637 0.8547
vn -0.3379 -0.3010 0.8918
vn 0.3528 -0.1167 0.9284
vn 0.4608 0.0055 0.8875
vn 0.3401 -0.3976 0.8522
vn -0.3086 0.5793 0.7545
vn -0.2648 0.7407 0.6175
vn -0.3544 0.8368 0.4174
vn -0.1625 0.8202 0.5485
vn -0.0991 0.8509 0.5159
vn 0.1477 0.7654 0.6264
vn 0.3276 0.8273 0.4564
vn -0.5569 0.6938 0.4566
vn -0.3597 0.6872 0.6312
vn -0.1478 0.8431 0.5171
vn -0.4543 0.6649 0.5929
vn -0.3239 0.8183 0.4748
vn -0.0286 0.2890 0.9569
vn -0.2862 0.3180 0.9039
vn -0.5740 0.4785 0.6646
vn -0.1446 0.4491 0.8817
vn -0.2108 0.4206 0.8824
vn 0.0555 0.3988 0.9154
vn 0.0434 0.4053 0.9131
vn -0.1561 0.3757 0.9135
vn -0.1657 0.3660 0.9157
vn 0.0862 0.4653 0.8809
vn -0.0789 0.8321 0.5490
vn -0.1413 0.3295 0.9335
vn -0.0716 0.3185 0.9452
vn 0.0451 0.3956 0.9173
vn 0.5698 0.3289 0.7531
vn -0.6407 0.1491 0.7532
vn -0.1550 0.3666 0.9174
vn -0.0207 0.3266 0.9449
vn 0.0365 0.3543 0.9344
vn 0.0028 0.4739 0.8806
vn -0.0756 0.1272 0.9890
vn -0.1082 0.1631 0.9807
vn 0.6289 0.1456 0.7637
vn 0.0352 0.1558 0.9872
vn 0.3347 0.2576 0.9064
vn 0.2887 0.0347 0.9568
vn 0.1041 0.3389 0.9350
vn 0.2333 0.4060 0.8836
vn 0.2042 0.5608 0.8024
vn 0.0839 0.4445 0.8918
vn 0.0459 0.8852 0.4629
vn 0.8588 0.3729 0.3514
vn 0.9401 -0.0122 0.3406
vn -0.3729 0.2043 0.9051
vn -0.1472 0.8614 0.4860
vn -0.0040 0.7642 0.6450
vn -0.0275 0.7642 0.6444
vn 0.0279 0.6653 0.7461
vn 0.8326 0.2260 0.5057
vn 0.8298 0.2380 0.5048
vn -0.3024 -0.0479 0.9520
vn -0.2772 -0.0268 0.9604
vn -0.1031 0.9283 0.3573
vn 0.0422 0.9489 0.3127
vn 0.0693 0.9876 0.1410
vn 0.0793 0.9881 0.1318
vn 0.0484 0.8489 0.5263
vn 0.4911 -0.0440 0.8700
vn 0.1436 0.9563 0.2546
vn 0.3257 0.8880 0.3247
vn 0.3387 0.9371 0.0844
vn 0.4260 0.8949 0.1332
vn 0.4606 0.8193 0.3414
vn 0.3606 0.8648 0.3495
vn 0.3690 0.7661 0.5263
vn 0.3084 0.8056 0.5059
vn 0.5057 -0.0615 0.8605
vn 0.9750 -0.0683 0.2115
vn 0.9766 -0.0600 0.2066
vn 0.8529 0.4898 0.1805
vn 0.8694 0.4931 0.0320
vn 0.8160 0.5780 -0.0032
vn 0.7922 0.6019 -0.1007
vn 0.9996 -0.0164 -0.0227
vn 0.8074 0.5819 0.0972
vn 0.8643 0.3818 0.3275
vn 0.9974 -0.0619 0.0365
vn 0.9974 -0.0623 0.0367
vn 0.9796 -0.0600 -0.1920
vn 0.9412 -0.3160 -0.1196
vn 0.9291 -0.3122 0.1983
vn 0.9745 0.0846 0.2080
vn 0.9962 -0.0872 0.0075
vn 0.9721 0.2167 0.0896
vn 0.8811 -0.4305 0.1958
vn 0.8749 0.3831 0.2963
vn 0.3295 0.6770 0.6581
vn 0.2104 0.7724 0.5992
vn 0.9499 -0.0385 0.3100
vn 0.9888 -0.0554 -0.1385
vn 0.9900 -0.0802 -0.1158
vn 0.9797 0.1642 -0.1146
vn 0.9733 0.2137 -0.0839
vn 0.8781 0.4261 -0.2178
vn 0.8822 -0.4175 -0.2176
vn 0.9428 -0.3188 -0.0973
vn 0.9792 0.1761 -0.1011
vn 0.9807 0.1158 -0.1575
vn 0.9156 0.0795 0.3942
vn 0.8254 -0.1117 -0.5534
vn 0.8305 0.0110 -0.5568
vn 0.8598 0.1155 -0.4974
vn 0.8205 0.3190 -0.4743
vn 0.0522 0.3869 -0.9206
vn 0.0539 0.2962 -0.9536
vn 0.0753 0.3111 -0.9474
vn 0.8440 0.2166 -0.4907
vn 0.8544 0.1531 -0.4966
vn 0.7739 -0.1972 -0.6018
vn 0.0388 -0.2381 -0.9705
vn 0.0399 0.0711 -0.9967
vn 0.0397 0.0709 -0.9967
vn 0.0368 0.3794 -0.9245
vn 0.0432 -0.2343 -0.9712
vn 0.0741 0.3552 -0.9318
vn -0.0666 0.2749 -0.9592
vn 0.8197 0.2210 -0.5285
vn 0.8405 0.0057 -0.5418
vn 0.9931 -0.0000 -0.1175
vn 0.9870 0.0272 -0.1585
vn 0.8709 -0.0206 0.4911
vn 0.8139 0.3561 0.4590
vn -0.0692 0.0221 -0.9974
vn -0.1192 0.0043 -0.9929
vn 0.8591 -0.0193 -0.5115
vn 0.2651 0.6047 0.7511
vn 0.2139 0.6505 0.7288
vn 0.2819 0.0166 0.9593
vn 0.2621 0.0253 0.9647
vn 0.8155 0.0366 0.5776
vn -0.7998 -0.0367 -0.5992
vn -0.7915 -0.0243 -0.6107
vn -0.9963 -0.0586 0.0625
vn -0.9887 -0.0085 0.1497
vn -0.7278 -0.0448 0.6843
vn -0.7788 0.0099 0.6272
vn -0.7686 0.1620 0.6188
vn -0.7993 0.4010 0.4476
vn -0.7827 0.1510 -0.6038
vn -0.7826 0.1513 -0.6039
vn -0.9936 0.0940 0.0623
vn -0.9623 0.2623 -0.0724
vn -0.9947 -0.0711 -0.0748
vn -0.9862 -0.1601 0.0419
vn -0.7584 0.5217 0.3907
vn -0.7598 0.5386 0.3642
vn -0.6318 0.7546 0.1776
vn -0.5346 0.7475 0.3942
vn -0.7852 0.1274 -0.6059
vn -0.8321 -0.3541 -0.4269
vn -0.7557 0.5285 -0.3868
vn -0.9446 0.2533 -0.2087
vn -0.9045 0.4263 -0.0129
vn -0.9048 0.4242 -0.0362
vn -0.8253 0.5442 -0.1507
vn -0.5012 0.8343 0.2299
vn -0.4552 0.8575 0.2398
vn -0.3025 0.8310 0.4669
vn -0.1896 0.9722 0.1377
vn -0.1928 0.9724 0.1310
vn -0.6893 0.3634 -0.6267
vn -0.7246 0.2014 -0.6591
vn -0.9384 0.2804 -0.2020
vn -0.9754 -0.0671 -0.2099
vn -0.9825 -0.0676 -0.1734
vn -0.9811 -0.0784 -0.1768
vn -0.8322 0.5338 -0.1499
vn -0.8731 0.4717 0.1233
vn -0.6441 0.7275 0.2362
vn -0.4550 0.8808 0.1313
vn -0.7056 0.1057 -0.7007
vn -0.7064 -0.0934 -0.7016
vn -0.9745 -0.0746 -0.2117
vn -0.0000 -1.0000 -0.0000
vn -0.9888 -0.0701 0.1314
vn -0.9870 -0.0804 0.1395
vn -0.6614 -0.1773 -0.7288
vn -0.9027 -0.0651 0.4253
vn -0.9034 -0.0709 0.4229
vn -0.6571 0.6881 0.3077
vn -0.2435 0.9076 0.3421
vn -0.2342 0.9072 0.3494
vn -0.5689 -0.0414 0.8214
vn -0.5557 -0.0602 0.8292
vn 0.3024 -0.0479 0.9520
vn 0.2772 -0.0268 0.9604
vn -0.4911 -0.0440 0.8700
vn -0.5057 -0.0615 0.8605
vn -0.9750 -0.0682 0.2114
vn -0.9766 -0.0600 0.2066
vn -0.9974 -0.0619 0.0365
vn 0.1031 0.9283 0.3573
vn -0.0422 0.9489 0.3127
vn -0.3257 0.8880 0.3247
vn -0.1436 0.9563 0.2546
vn -0.8529 0.4898 0.1805
vn -0.8694 0.4931 0.0320
vn -0.9974 -0.0622 0.0367
vn -0.9796 -0.0600 -0.1920
vn -0.9412 -0.3160 -0.1196
vn -0.9291 -0.3122 0.1983
vn -0.9499 -0.0385 0.3100
vn -0.0693 0.9876 0.1410
vn -0.0793 0.9881 0.1318
vn -0.4260 0.8949 0.1332
vn -0.3387 0.9371 0.0844
vn -0.8160 0.5780 -0.0032
vn -0.7922 0.6019 -0.1007
vn -0.9996 -0.0164 -0.0227
vn -0.9962 -0.0872 0.0075
vn -0.9745 0.0846 0.2080
vn -0.0484 0.8489 0.5263
vn -0.3606 0.8648 0.3495
vn -0.4606 0.8193 0.3414
vn -0.8074 0.5819 0.0972
vn -0.8643 0.3818 0.3275
vn -0.9721 0.2167 0.0896
vn -0.8811 -0.4305 0.1958
vn -0.9428 -0.3188 -0.0973
vn -0.8822 -0.4175 -0.2176
vn -0.8781 0.4261 -0.2178
vn -0.9733 0.2137 -0.0839
vn -0.3690 0.7661 0.5263
vn -0.3084 0.8056 0.5059
vn -0.3295 0.6770 0.6581
vn -0.8749 0.3831 0.2963
vn -0.9156 0.0795 0.3942
vn -0.9807 0.1158 -0.1575
vn -0.9792 0.1761 -0.1011
vn -0.8544 0.1531 -0.4966
vn -0.8440 0.2166 -0.4907
vn -0.2104 0.7724 0.5992
vn -0.2651 0.6047 0.7511
vn -0.8139 0.3561 0.4590
vn -0.8709 -0.0206 0.4911
vn -0.9870 0.0272 -0.1585
vn -0.9931 -0.0000 -0.1175
vn -0.8405 0.0057 -0.5418
vn -0.8197 0.2210 -0.5285
vn 0.0666 0.2749 -0.9592
vn -0.0741 0.3552 -0.9318
vn -0.0753 0.3111 -0.9474
vn -0.2139 0.6505 0.7288
vn -0.2819 0.0166 0.9593
vn -0.8155 0.0366 0.5776
vn -0.2621 0.0253 0.9647
vn -0.0539 0.2962 -0.9536
vn -0.0522 0.3869 -0.9206
vn -0.8205 0.3190 -0.4743
vn -0.8598 0.1155 -0.4974
vn -0.9797 0.1642 -0.1146
vn -0.9900 -0.0802 -0.1158
vn -0.9888 -0.0554 -0.1385
vn -0.0368 0.3794 -0.9245
vn -0.0397 0.0709 -0.9967
vn -0.8305 0.0110 -0.5568
vn -0.8254 -0.1117 -0.5534
vn -0.7739 -0.1972 -0.6019
vn -0.0388 -0.2382 -0.9705
vn -0.0433 -0.2343 -0.9712
vn -0.0399 0.0711 -0.9967
vn 0.0692 0.0221 -0.9974
vn 0.1192 0.0043 -0.9929
vn -0.8591 -0.0193 -0.5115
vn 0.7998 -0.0367 -0.5992
vn 0.7915 -0.0243 -0.6107
vn 0.7827 0.1510 -0.6038
vn 0.7826 0.1513 -0.6039
vn 0.7852 0.1274 -0.6059
vn 0.8321 -0.3541 -0.4269
vn 0.7557 0.5285 -0.3868
vn 0.6893 0.3634 -0.6267
vn 0.9963 -0.0586 0.0625
vn 0.9936 0.0940 0.0623
vn 0.9623 0.2623 -0.0724
vn 0.9947 -0.0711 -0.0748
vn 0.9862 -0.1601 0.0419
vn 0.9045 0.4263 -0.0129
vn 0.9446 0.2533 -0.2087
vn 0.9384 0.2804 -0.2020
vn 0.7246 0.2014 -0.6591
vn 0.7056 0.1057 -0.7007
vn 0.9887 -0.0085 0.1497
vn 0.7278 -0.0448 0.6843
vn 0.7788 0.0099 0.6272
vn 0.7686 0.1620 0.6188
vn 0.7993 0.4010 0.4476
vn 0.7584 0.5217 0.3907
vn 0.7598 0.5386 0.3642
vn 0.6318 0.7546 0.1776
vn 0.9048 0.4242 -0.0362
vn 0.8253 0.5442 -0.1507
vn 0.8322 0.5338 -0.1499
vn 0.9811 -0.0784 -0.1768
vn 0.9825 -0.0676 -0.1734
vn 0.9754 -0.0671 -0.2099
vn 0.5346 0.7475 0.3942
vn 0.4552 0.8575 0.2398
vn 0.5012 0.8343 0.2299
vn 0.4550 0.8808 0.1313
vn 0.6441 0.7275 0.2362
vn 0.8731 0.4717 0.1233
vn 0.9870 -0.0804 0.1395
vn 0.9888 -0.0701 0.1314
vn 0.3025 0.8310 0.4669
vn 0.1896 0.9722 0.1377
vn 0.1928 0.9724 0.1310
vn 0.2435 0.9076 0.3421
vn 0.6571 0.6881 0.3077
vn 0.9034 -0.0709 0.4229
vn 0.9027 -0.0651 0.4253
vn 0.2342 0.9072 0.3494
vn 0.5557 -0.0602 0.8292
vn 0.5689 -0.0414 0.8214
vn 0.9745 -0.0746 -0.2117
vn 0.7064 -0.0934 -0.7016
vn 0.6614 -0.1773 -0.7288
vn -0.3499 -0.3513 -0.8684
vn -0.3728 -0.3016 -0.8775
vn -0.3750 -0.3164 -0.8714
vn -0.4100 -0.3325 -0.8493
vn -0.0759 -0.9007 -0.4278
vn 0.6453 -0.7453 -0.1677
vn 0.6581 -0.4442 0.6079
vn -0.2973 -0.3347 -0.8942
vn 0.8329 -0.1122 -0.5419
vn 0.8329 -0.1119 -0.5420
vn 0.8329 -0.1115 -0.5421
vn 0.8323 -0.1122 -0.5429
vn -0.3855 -0.5867 -0.7122
vn 0.8353 -0.3109 -0.4534
vn 0.8280 -0.2866 -0.4820
vn 0.5724 -0.1459 0.8069
vn 0.6780 0.1856 0.7112
vn 0.7223 0.2096 0.6591
vn 0.7134 0.2388 0.6588
vn 0.7142 0.2459 0.6553
vn 0.7148 0.2455 0.6549
vn -0.5144 -0.2715 -0.8134
vn -0.1564 -0.2170 -0.9636
vn 0.8338 -0.3256 -0.4458
vn 0.8425 -0.3185 -0.4345
vn 0.8297 -0.3186 -0.4585
vn 0.8337 -0.2772 -0.4776
vn -0.3736 -0.5577 -0.7412
vn -0.3392 -0.3407 -0.8769
vn -0.3483 -0.3453 -0.8715
vn -0.1670 -0.1726 -0.9707
vn 0.5531 0.1665 -0.8163
vn 0.8539 -0.1154 -0.5074
vn 0.5564 -0.1917 -0.8085
vn 0.3283 -0.6742 -0.6615
vn 0.8273 -0.3199 -0.4618
vn 0.8325 -0.2698 -0.4838
vn -0.4257 -0.6909 -0.5843
vn 0.6854 0.0209 0.7279
vn 0.8349 -0.2797 -0.4740
vn 0.6374 -0.1646 -0.7527
vn 0.6117 -0.2543 -0.7491
vn 0.9148 -0.0718 -0.3976
vn 0.8474 0.2298 -0.4786
vn 0.7691 0.2207 -0.5999
vn 0.9253 -0.1883 -0.3292
vn 0.6805 -0.5807 -0.4469
vn 0.6139 -0.3371 -0.7138
vn 0.5828 -0.3520 -0.7324
vn 0.9077 -0.2463 -0.3397
vn 0.9106 -0.1013 -0.4006
vn 0.6338 0.3859 0.6704
vn 0.4002 0.8920 0.2102
vn 0.7312 0.6816 0.0279
vn -0.1193 -0.3762 -0.9188
vn -0.1207 -0.3549 -0.9271
vn 0.6061 -0.2869 -0.7419
vn 0.5856 -0.2802 -0.7607
vn 0.9980 -0.0555 -0.0299
vn 0.9975 -0.0547 -0.0440
vn 0.9969 -0.0681 -0.0391
vn 0.6931 0.1773 0.6987
vn 0.6859 0.2972 0.6643
vn -0.0737 -0.3737 -0.9246
vn -0.0607 -0.2045 -0.9770
vn -0.0008 -0.1620 -0.9868
vn 0.6134 -0.1013 -0.7832
vn 0.5080 -0.2156 -0.8339
vn 0.9834 0.1627 -0.0800
vn 0.9764 0.2130 -0.0362
vn 0.5607 0.2842 0.7777
vn 0.5619 0.2462 0.7897
vn 0.5815 0.2293 0.7806
vn 0.5813 0.2330 0.7796
vn -0.0005 -0.2475 -0.9689
vn 0.5601 -0.0664 -0.8258
vn 0.5138 0.0194 -0.8577
vn 0.9992 0.0373 0.0134
vn 0.9976 -0.0692 -0.0076
vn 0.5421 0.0341 0.8396
vn 0.5297 0.3151 0.7875
vn -0.0403 -0.2023 -0.9785
vn 0.0183 0.1470 -0.9890
vn -0.1728 -0.0007 -0.9850
vn 0.5656 -0.0269 -0.8243
vn 0.3720 -0.2277 -0.8999
vn 0.9969 -0.0785 -0.0032
vn 0.9469 -0.3177 -0.0496
vn 0.4609 -0.2235 0.8588
vn 0.5067 0.1042 0.8558
vn -0.1892 -0.1560 -0.9695
vn 0.6404 -0.2452 -0.7279
vn 0.4154 -0.1163 -0.9022
vn 0.9824 -0.1504 -0.1108
vn 0.9826 -0.1521 -0.1069
vn 0.5203 -0.1128 0.8465
vn 0.4768 -0.2915 0.8293
vn -0.2020 -0.1497 -0.9679
vn -0.1888 -0.0554 -0.9805
vn 0.6687 -0.0981 -0.7370
vn 0.7364 -0.0598 -0.6739
vn 0.9911 -0.0745 -0.1102
vn 0.9760 -0.1166 -0.1838
vn 0.5204 -0.0232 0.8536
vn 0.5094 -0.1045 0.8542
vn -0.2781 -0.0025 -0.9605
vn -0.2184 -0.1364 -0.9663
vn -0.2506 -0.2339 -0.9394
vn 0.6800 -0.2760 -0.6793
vn 0.7480 -0.2021 -0.6322
vn 0.9423 -0.0047 -0.3348
vn 0.9784 -0.0041 -0.2068
vn 0.9163 -0.2183 -0.3358
vn 0.6285 -0.1148 0.7693
vn 0.5550 -0.2807 0.7831
vn 0.4979 -0.0083 0.8672
vn -0.3112 -0.1208 -0.9426
vn -0.2465 0.0193 -0.9690
vn -0.2693 0.0167 -0.9629
vn 0.0051 -0.9106 -0.4132
vn -0.4297 -0.8354 -0.3429
vn -0.1047 -0.9940 0.0325
vn 0.5581 -0.8295 0.0209
vn 0.6826 -0.6818 -0.2630
vn -0.1443 0.9696 0.1975
vn -0.8384 0.1607 -0.5208
vn 0.4857 -0.5766 0.6570
vn 0.6696 -0.3106 0.6747
vn 0.7738 0.6230 0.1143
vn 0.8512 0.5126 0.1128
vn 0.8992 -0.1843 -0.3967
vn 0.8868 -0.1096 -0.4489
vn 0.7012 -0.6244 -0.3442
vn 0.2895 -0.9200 -0.2642
vn 0.8393 -0.4915 -0.2324
vn 0.7657 -0.5689 -0.3000
vn 0.8058 0.5921 -0.0036
vn 0.8106 0.5856 -0.0055
vn 0.7882 0.6146 -0.0298
vn 0.6745 0.7372 -0.0390
vn 0.5064 -0.4521 -0.7343
vn 0.5489 -0.4457 -0.7071
vn -0.4900 -0.7758 -0.3976
vn -0.4138 -0.8275 -0.3794
vn -0.2305 -0.9716 -0.0530
vn -0.2526 -0.9676 -0.0044
vn 0.6417 0.1498 0.7522
vn 0.6765 0.7355 -0.0371
vn 0.6934 -0.5261 -0.4923
vn 0.6400 -0.5675 -0.5180
vn -0.2725 -0.9496 -0.1547
vn -0.3678 -0.9192 -0.1406
vn 0.4065 0.7905 0.4581
vn 0.5191 0.5057 0.6891
vn 0.6909 -0.6639 0.2861
vn 0.1318 -0.8873 0.4420
vn 0.7201 0.1852 0.6687
vn 0.7172 0.1977 0.6682
vn 0.8365 -0.2703 -0.4767
vn 0.8310 -0.2854 -0.4776
vn -0.3331 -0.7486 -0.5732
vn 0.5959 -0.2068 0.7760
vn 0.8342 -0.2750 -0.4780
vn 0.7272 0.2218 0.6496
vn 0.7323 0.2171 0.6454
vn 0.8324 -0.1125 -0.5426
vn -0.2744 -0.3421 -0.8987
vn -0.3362 -0.3796 -0.8619
vn -0.3450 -0.3588 -0.8673
vn -0.3417 -0.3247 -0.8819
vn -0.3365 -0.3265 -0.8833
vn -0.0292 -0.9014 -0.4319
vn 0.7158 0.2789 0.6401
vn 0.8323 -0.1122 -0.5428
vn 0.8324 -0.1122 -0.5427
vn 0.7123 0.2462 0.6573
vn 0.7189 0.2419 0.6517
vn 0.8323 -0.1119 -0.5429
vn 0.6487 -0.4746 0.5949
vn 0.6308 -0.7579 -0.1663
vn 0.7494 0.1753 0.6384
vn 0.6874 0.2306 0.6887
vn -0.3971 -0.3536 -0.8469
vn -0.4011 -0.3557 -0.8441
vn 0.6725 0.2828 0.6839
vn 0.8324 -0.1111 -0.5430
vn -0.4048 -0.3466 -0.8462
vn -0.4024 -0.3160 -0.8592
vn -0.3764 -0.3072 -0.8741
vn -0.1441 -0.8499 -0.5068
vn 0.6588 -0.7308 -0.1785
vn 0.6506 -0.5031 0.5689
vn 0.6716 0.2703 0.6899
vn 0.7237 0.2398 0.6471
vn 0.8324 -0.1121 -0.5427
vn 0.8329 -0.1117 -0.5421
vn 0.7315 0.2556 0.6321
vn 0.7055 0.2412 0.6664
vn 0.6816 0.3110 0.6624
vn -0.3403 -0.3630 -0.8674
vn -0.3395 -0.3519 -0.8723
vn -0.3553 -0.3575 -0.8637
vn -0.1781 -0.8523 -0.4919
vn 0.6792 0.2558 0.6879
vn 0.7132 0.2365 0.6598
vn 0.6483 -0.7351 -0.1985
vn 0.6177 -0.4805 0.6226
vn 0.5874 -0.1702 -0.7912
vn 0.5384 -0.1646 -0.8265
vn 0.6522 -0.4038 -0.6416
vn 0.7123 -0.0585 -0.6994
vn 0.3877 -0.0785 -0.9184
vn 0.3876 -0.0324 -0.9212
vn 0.5981 -0.1158 -0.7930
vn -0.6568 -0.2585 -0.7084
vn -0.6567 -0.2588 -0.7083
vn -0.6185 -0.4317 -0.6566
vn -0.6246 -0.4597 -0.6313
vn -0.6209 -0.4742 -0.6242
vn -0.6330 -0.4706 -0.6147
vn -0.6824 -0.2704 -0.6792
vn -0.4112 0.1047 -0.9055
vn -0.4178 -0.2415 -0.8758
vn 0.6028 -0.1301 -0.7872
vn -0.6559 -0.2586 -0.7092
vn -0.6568 -0.2581 -0.7085
vn -0.8629 -0.0066 0.5054
vn -0.8638 -0.0370 0.5025
vn -0.8256 -0.0544 0.5616
vn -0.6583 -0.3579 0.6623
vn 0.6359 -0.1392 -0.7591
vn 0.3857 -0.8095 -0.4426
vn -0.3871 -0.8602 -0.3320
vn -0.6246 -0.6475 0.4365
vn -0.8652 -0.0001 0.5015
vn -0.8648 0.0004 0.5020
vn 0.6390 -0.3759 -0.6712
vn 0.5762 -0.1618 -0.8011
vn -0.6284 -0.4275 -0.6499
vn -0.6272 -0.4244 -0.6531
vn -0.6163 -0.4652 -0.6354
vn -0.6131 -0.4656 -0.6382
vn -0.0110 -0.6669 -0.7451
vn -0.3235 -0.2425 -0.9146
vn 0.5851 -0.1645 -0.7941
vn 0.5813 -0.1839 -0.7926
vn -0.8793 0.0077 0.4763
vn -0.7933 -0.2168 0.5689
vn 0.6928 -0.5069 -0.5130
vn -0.6268 -0.4164 -0.6586
vn 0.5786 -0.1729 -0.7971
vn -0.8520 0.0704 0.5187
vn -0.8574 -0.0031 0.5146
vn 0.5934 -0.1752 -0.7856
vn 0.4822 -0.7318 -0.4816
vn -0.3866 -0.8481 -0.3623
vn -0.5798 -0.6741 0.4577
vn -0.8623 -0.0089 0.5063
vn -0.8404 0.0153 0.5417
vn -0.6282 -0.4224 -0.6535
vn -0.8418 -0.0112 0.5397
vn -0.8767 -0.0747 0.4751
vn -0.6590 -0.4194 0.6244
vn 0.6287 -0.1630 -0.7603
vn 0.6326 -0.1643 -0.7569
vn 0.6341 -0.1545 -0.7577
vn -0.6563 -0.2574 -0.7092
vn -0.8402 0.0434 0.5405
vn -0.8373 0.0309 0.5459
vn -0.8707 -0.0071 0.4918
vn -0.5949 -0.6987 0.3974
vn -0.4015 -0.8485 -0.3448
vn 0.4523 -0.7364 -0.5032
vn 0.6264 -0.1242 -0.7695
vn -0.6568 -0.2583 -0.7085
vn -0.6561 -0.2585 -0.7090
vn 0.6023 -0.1207 -0.7891
vn 0.6178 -0.5862 -0.5241
vn 0.5194 -0.1768 -0.8360
vn -0.6560 -0.2589 -0.7090
vn -0.6225 -0.4316 -0.6529
vn -0.6318 -0.4186 -0.6524
vn -0.5214 -0.7065 -0.4785
vn -0.4096 -0.6830 -0.6048
vn 0.5806 -0.2014 -0.7889
vn 0.5846 -0.1787 -0.7914
vn -0.6560 -0.2586 -0.7090
vn -0.6560 -0.2586 -0.7091
vn -0.8720 0.0333 0.4884
vn -0.8727 -0.0309 0.4873
vn -0.8698 -0.0255 0.4927
vn -0.8577 -0.0481 0.5119
vn -0.8572 -0.0609 0.5113
vn -0.7898 -0.0841 0.6076
vn -0.6239 -0.6562 -0.4243
vn 0.5755 -0.1452 -0.8048
vn 0.5713 -0.1481 -0.8073
vn -0.6561 -0.2583 -0.7091
vn -0.8675 -0.0043 0.4975
vn -0.8635 0.0009 0.5044
vn 0.3424 -0.8213 -0.4563
vn -0.3704 -0.8690 -0.3282
vn -0.6054 -0.6733 0.4244
vn 0.0134 -0.9329 -0.3599
vn 0.4897 -0.8719 0.0050
vn 0.4790 -0.8765 -0.0472
vn 0.6776 -0.6614 -0.3215
vn 0.7400 -0.5911 -0.3210
vn -0.2703 -0.4956 -0.8254
vn -0.4375 -0.7401 -0.5107
vn -0.7262 -0.2784 -0.6286
vn -0.7286 -0.3585 -0.5836
vn -0.7651 -0.3753 -0.5233
vn -0.6711 0.0836 -0.7367
vn -0.7707 0.0616 -0.6342
vn 0.6123 -0.7841 -0.1018
vn 0.5325 -0.8353 -0.1368
vn -0.3611 -0.6535 -0.6652
vn -0.2231 -0.4888 -0.8434
vn -0.8216 0.5511 -0.1459
vn -0.8995 0.4042 -0.1660
vn -0.9178 0.3684 -0.1483
vn -0.9153 0.3757 -0.1452
vn -0.9599 0.2767 -0.0445
vn -0.9154 0.4019 -0.0219
vn -0.8737 0.4771 -0.0948
vn 0.0197 -0.9310 0.3644
vn -0.5377 -0.8365 0.1054
vn -0.4273 -0.6291 -0.6493
vn -0.8234 0.5488 -0.1445
vn -0.6762 0.6199 0.3981
vn -0.7534 0.2953 0.5875
vn -0.6491 0.7433 0.1618
vn -0.8276 0.1535 0.5399
vn -0.7600 -0.2808 -0.5861
vn -0.7722 -0.2536 -0.5826
vn -0.3710 -0.3222 -0.8710
vn -0.3585 -0.4058 -0.8407
vn 0.3883 -0.2440 -0.8886
vn -0.8529 0.0559 0.5191
vn -0.8353 -0.0653 0.5459
vn -0.9190 -0.3050 -0.2500
vn -0.7315 -0.4259 -0.5324
vn -0.3213 -0.4109 -0.8532
vn -0.3370 -0.3395 -0.8782
vn -0.3586 -0.3529 -0.8642
vn 0.3858 -0.2227 -0.8953
vn 0.3464 -0.2519 -0.9036
vn 0.3029 -0.0909 -0.9487
vn -0.7611 0.0062 0.6486
vn -0.7601 0.0008 0.6498
vn -0.9218 -0.2927 -0.2540
vn -0.9242 -0.2945 -0.2432
vn -0.9569 -0.0763 -0.2801
vn -0.2669 -0.2510 -0.9305
vn -0.4054 -0.1713 -0.8980
vn 0.2310 -0.0607 -0.9711
vn 0.2517 -0.1610 -0.9543
vn 0.2785 -0.1101 -0.9541
vn 0.1470 0.2073 -0.9672
vn -0.7494 0.0184 0.6619
vn -0.7569 0.0628 0.6505
vn -0.9719 -0.0300 -0.2336
vn -0.9590 -0.2035 -0.1971
vn -0.3252 -0.0284 -0.9452
vn -0.3544 -0.1264 -0.9265
vn -0.3665 -0.0966 -0.9254
vn 0.3623 0.1050 -0.9261
vn 0.4113 -0.0447 -0.9104
vn 0.4244 -0.0333 -0.9049
vn 0.3923 0.0578 -0.9180
vn 0.4662 0.1318 -0.8748
vn -0.7347 0.1039 0.6704
vn -0.6905 -0.1540 0.7067
vn -0.9299 -0.2955 -0.2190
vn -0.9286 -0.3014 -0.2163
vn -0.1219 -0.2419 -0.9626
vn -0.1854 -0.1481 -0.9714
vn -0.4042 -0.3363 -0.8506
vn -0.4682 -0.1870 -0.8636
vn -0.5649 -0.1665 -0.8082
vn -0.4667 -0.3565 -0.8094
vn 0.4990 -0.1295 -0.8569
vn 0.4392 -0.0138 -0.8983
vn -0.6757 -0.0762 0.7332
vn -0.5587 -0.3746 0.7400
vn -0.8173 -0.5159 -0.2565
vn -0.8758 -0.3669 -0.3136
vn -0.8742 -0.3612 -0.3246
vn -0.9060 -0.2722 -0.3241
vn -0.8754 -0.2983 -0.3804
vn -0.8960 -0.1927 -0.4002
vn -0.8301 -0.1758 -0.5292
vn -0.5373 -0.3117 -0.7837
vn -0.5520 -0.4432 0.7063
vn -0.6368 -0.2843 0.7167
vn -0.6349 -0.2816 0.7195
vn -0.6675 -0.1954 0.7185
vn -0.6607 -0.1875 0.7269
vn -0.6387 -0.4429 0.6292
vn -0.7418 -0.3035 0.5980
vn -0.7632 -0.3859 -0.5183
vn -0.0653 -0.9733 -0.2199
vn -0.0893 -0.9955 -0.0304
vn 0.4048 -0.9097 0.0922
vn 0.6447 -0.7633 -0.0406
vn 0.5674 -0.8217 -0.0534
vn -0.7125 -0.4960 0.4964
vn -0.8949 -0.2009 0.3986
vn 0.6182 0.5135 -0.5951
vn 0.3374 0.8962 0.2882
vn 0.7339 0.1302 -0.6667
vn 0.5070 0.0337 -0.8613
vn 0.5332 -0.0036 -0.8460
vt 0.936902 0.386016
vt 0.997702 0.438253
vt 0.997869 0.632267
vt 0.882523 0.428521
vt 0.930556 0.734286
vt 0.848332 0.615838
vt 0.829955 0.328609
vt 0.772228 0.504330
vt 0.796212 0.309025
vt 0.827672 0.182065
vt 0.964504 0.879341
vt 0.830543 0.857212
vt 0.786021 0.747834
vt 0.737980 0.672517
vt 0.690001 0.606228
vt 0.709534 0.481876
vt 0.726845 0.313093
vt 0.818063 0.953035
vt 0.775322 0.919368
vt 0.754159 0.865453
vt 0.727359 0.797711
vt 0.690354 0.731888
vt 0.655592 0.672231
vt 0.739190 0.992600
vt 0.696463 0.963493
vt 0.690283 0.934179
vt 0.677517 0.890603
vt 0.663905 0.845919
vt 0.647353 0.802489
vt 0.604625 0.992603
vt 0.580658 0.968083
vt 0.582709 0.940138
vt 0.578916 0.899790
vt 0.573607 0.855717
vt 0.565695 0.808810
vt 0.625655 0.758479
vt 0.500713 0.992604
vt 0.500713 0.968361
vt 0.500713 0.940132
vt 0.500714 0.900835
vt 0.500714 0.857552
vt 0.500714 0.809844
vt 0.552566 0.760746
vt 0.420768 0.968082
vt 0.418717 0.940136
vt 0.422512 0.899789
vt 0.427821 0.855716
vt 0.396801 0.992602
vt 0.304963 0.963490
vt 0.311144 0.934176
vt 0.323911 0.890600
vt 0.337523 0.845916
vt 0.435734 0.808809
vt 0.262236 0.992597
vt 0.226105 0.919364
vt 0.247269 0.865449
vt 0.274070 0.797707
vt 0.354076 0.802487
vt 0.375775 0.758476
vt 0.448864 0.760745
vt 0.183363 0.953029
vt 0.170885 0.857207
vt 0.215408 0.747829
vt 0.263451 0.672514
vt 0.311076 0.731885
vt 0.401384 0.697864
vt 0.500715 0.722818
vt 0.036923 0.879334
vt 0.070874 0.734279
vt 0.153100 0.615832
vt 0.229205 0.504325
vt 0.311431 0.606225
vt 0.345839 0.672229
vt 0.003562 0.632259
vt 0.118911 0.428515
vt 0.171481 0.328604
vt 0.205225 0.309020
vt 0.274592 0.313089
vt 0.291900 0.481873
vt 0.064533 0.386009
vt 0.003731 0.438245
vt 0.173767 0.182060
vt 0.262674 0.173246
vt 0.349494 0.176230
vt 0.353057 0.263958
vt 0.359015 0.392073
vt 0.363827 0.475321
vt 0.112463 0.077502
vt 0.192284 0.041954
vt 0.268199 0.027421
vt 0.385704 0.116703
vt 0.424969 0.165609
vt 0.427406 0.222037
vt 0.427944 0.286776
vt 0.431989 0.390262
vt 0.344115 0.012887
vt 0.500721 0.014039
vt 0.500720 0.114053
vt 0.500719 0.165425
vt 0.500719 0.218826
vt 0.500718 0.284063
vt 0.615736 0.116705
vt 0.576470 0.165611
vt 0.574032 0.222039
vt 0.573493 0.286778
vt 0.569447 0.390263
vt 0.500718 0.388451
vt 0.657327 0.012889
vt 0.733242 0.027424
vt 0.738765 0.173249
vt 0.651945 0.176233
vt 0.648381 0.263961
vt 0.809157 0.041959
vt 0.888977 0.077509
vt 0.642420 0.392075
vt 0.637607 0.475323
vt 0.566636 0.472095
vt 0.500717 0.471824
vt 0.625769 0.550440
vt 0.562319 0.548791
vt 0.500716 0.548276
vt 0.439113 0.548790
vt 0.434798 0.472094
vt 0.607963 0.625846
vt 0.552132 0.625484
vt 0.500716 0.625390
vt 0.449300 0.625483
vt 0.375664 0.550438
vt 0.600046 0.697865
vt 0.500715 0.680002
vt 0.393468 0.625845
vt 0.500715 0.762136
vt 0.865179 0.188534
vt 0.853473 0.300479
vt 0.881139 0.398186
vt 0.136259 0.188528
vt 0.147964 0.300473
vt 0.120296 0.398180
vt 0.000000 0.000000
s 0
f 2/1/1 4/2/1 6/3/1
f 3/1/2 8/3/2 10/4/2
f 7/3/3 17/5/3 9/4/3
f 11/4/4 18/5/4 22/6/4
f 27/7/5 12/4/5 23/6/5
f 28/7/6 24/6/6 35/8/6
f 26/7/7 33/8/7 40/9/7
f 43/10/8 25/7/8 39/9/8
f 5/3/9 46/11/9 16/5/9
f 45/11/10 51/12/10 13/5/10
f 15/5/11 52/12/11 58/13/11
f 14/5/12 57/13/12 21/6/12
f 20/6/13 56/13/13 65/14/13
f 19/6/14 64/14/14 34/8/14
f 71/15/15 30/8/15 63/14/15
f 70/15/16 76/16/16 29/8/16
f 82/17/17 31/8/17 77/16/17
f 83/17/18 38/9/18 32/8/18
f 44/11/19 86/18/19 50/12/19
f 85/18/20 93/19/20 49/12/20
f 92/19/21 97/20/21 47/12/21
f 55/13/22 48/12/22 98/20/22
f 54/13/23 96/20/23 105/21/23
f 62/14/24 53/13/24 104/21/24
f 61/14/25 103/21/25 111/22/25
f 116/23/26 59/14/26 110/22/26
f 117/23/27 67/15/27 60/14/27
f 91/19/28 84/18/28 120/24/28
f 89/19/29 119/24/29 124/25/29
f 90/19/30 125/25/30 131/26/30
f 137/27/31 88/19/31 130/26/31
f 135/27/32 95/20/32 87/19/32
f 101/21/33 94/20/33 134/27/33
f 102/21/34 136/27/34 143/28/34
f 147/29/35 99/21/35 142/28/35
f 109/22/36 100/21/36 148/29/36
f 122/25/37 118/24/37 150/30/37
f 123/25/38 151/30/38 156/31/38
f 126/26/39 121/25/39 155/31/39
f 129/26/40 157/31/40 163/32/40
f 167/33/41 127/26/41 162/32/41
f 169/33/42 133/27/42 128/26/42
f 138/28/43 132/27/43 166/33/43
f 141/28/44 168/33/44 175/34/44
f 180/35/45 139/28/45 174/34/45
f 181/35/46 145/29/46 140/28/46
f 185/36/47 144/29/47 179/35/47
f 108/22/48 146/29/48 187/36/48
f 154/31/49 149/30/49 191/37/49
f 153/31/50 190/37/50 197/38/50
f 159/32/51 152/31/51 195/38/51
f 161/32/52 196/38/52 201/39/52
f 206/40/53 158/32/53 200/39/53
f 208/40/54 165/33/54 160/32/54
s 1
f 170/34/55 164/33/55 207/40/55
s 0
f 172/34/56 209/40/56 213/41/56
f 218/42/57 171/34/57 212/41/57
f 221/42/58 177/35/58 173/34/58
f 224/43/59 176/35/59 220/42/59
f 184/36/60 178/35/60 226/43/60
f 228/44/61 194/38/61 188/37/61
f 234/45/62 192/38/62 227/44/62
f 236/45/63 199/39/63 193/38/63
f 202/40/64 198/39/64 233/45/64
f 204/40/65 235/45/65 240/46/65
f 245/47/66 203/40/66 239/46/66
f 247/47/67 211/41/67 205/40/67
s 1
f 214/42/68 210/41/68 246/47/68
s 0
f 229/44/69 189/37/69 251/48/69
f 256/49/70 231/44/70 253/48/70
f 259/50/71 230/44/71 254/49/71
f 262/50/72 238/45/72 232/44/72
f 242/46/73 237/45/73 260/50/73
f 244/46/74 261/50/74 266/51/74
f 271/52/75 241/46/75 265/51/75
f 274/52/76 250/47/76 243/46/76
f 281/53/77 249/47/77 272/52/77
f 217/42/78 248/47/78 278/53/78
f 255/49/79 252/48/79 283/54/79
f 288/55/80 257/49/80 284/54/80
f 289/55/81 264/50/81 258/49/81
f 270/51/82 263/50/82 287/55/82
f 268/51/83 286/55/83 294/56/83
f 300/57/84 267/51/84 293/56/84
f 301/57/85 276/52/85 269/51/85
f 308/58/86 275/52/86 298/57/86
f 282/53/87 273/52/87 306/58/87
f 313/59/88 280/53/88 305/58/88
f 312/59/89 320/60/89 279/53/89
f 318/60/90 216/42/90 277/53/90
f 290/55/91 285/54/91 321/61/91
f 322/61/92 326/62/92 292/55/92
f 291/55/93 324/62/93 296/56/93
f 332/63/94 297/56/94 325/62/94
f 331/63/95 304/57/95 295/56/95
f 339/64/96 303/57/96 330/63/96
f 338/64/97 348/65/97 302/57/97
f 346/65/98 309/58/98 299/57/98
f 345/65/99 315/59/99 307/58/99
f 354/66/100 314/59/100 344/65/100
f 357/67/101 310/59/101 351/66/101
s 1
f 358/67/102 319/60/102 311/59/102
s 0
f 363/68/103 327/62/103 323/61/103
f 364/68/104 366/69/104 328/62/104
f 368/69/105 335/63/105 329/62/105
f 367/69/106 374/70/106 334/63/106
f 373/70/107 342/64/107 333/63/107
f 372/70/108 383/71/108 341/64/108
f 390/72/109 340/64/109 379/71/109
f 396/73/110 337/64/110 386/72/110
f 395/73/111 347/65/111 336/64/111
f 353/66/112 343/65/112 392/73/112
f 397/74/113 369/69/113 365/68/113
f 399/74/114 401/75/114 370/69/114
f 371/69/115 403/75/115 375/70/115
f 407/76/116 376/70/116 404/75/116
f 408/76/117 384/71/117 377/70/117
f 406/76/118 413/77/118 382/71/118
f 419/78/119 381/71/119 411/77/119
f 418/78/120 425/79/120 380/71/120
f 389/72/121 378/71/121 424/79/121
f 427/80/122 402/75/122 400/74/122
f 426/80/123 398/74/123 429/81/123
f 432/82/124 412/77/124 405/76/124
f 438/83/125 409/77/125 431/82/125
f 440/83/126 417/78/126 410/77/126
f 445/84/127 414/78/127 436/83/127
f 446/84/128 451/85/128 415/78/128
f 452/85/129 422/79/129 416/78/129
f 453/85/130 457/86/130 423/79/130
f 421/79/131 456/86/131 464/87/131
f 463/87/132 388/72/132 420/79/132
f 437/83/133 430/82/133 466/88/133
f 439/83/134 467/88/134 469/89/134
f 472/90/135 435/83/135 468/89/135
f 470/90/136 478/91/136 433/83/136
f 434/83/137 480/91/137 444/84/137
f 442/84/138 477/91/138 484/92/138
f 489/93/139 441/84/139 483/92/139
f 491/93/140 450/85/140 443/84/140
f 448/85/141 490/93/141 494/94/141
f 503/95/142 449/85/142 495/94/142
f 502/95/143 455/86/143 447/85/143
f 461/87/144 454/86/144 501/95/144
f 471/90/145 505/96/145 479/91/145
f 507/97/146 475/91/146 504/96/146
f 506/97/147 510/98/147 474/91/147
f 476/91/148 511/98/148 517/99/148
f 473/91/149 515/99/149 482/92/149
f 514/99/150 485/93/150 481/92/150
f 516/99/151 523/100/151 488/93/151
f 486/93/152 522/100/152 528/101/152
f 487/93/153 529/101/153 493/94/153
f 526/101/154 497/95/154 492/94/154
f 508/97/155 535/102/155 512/98/155
f 537/102/156 521/99/156 513/98/156
s 1
f 534/102/157 543/103/157 519/99/157
s 0
f 518/99/158 542/103/158 546/104/158
f 520/99/159 549/104/159 525/100/159
f 547/104/160 532/101/160 524/100/160
f 548/104/161 554/105/161 533/101/161
f 530/101/162 553/105/162 558/106/162
f 531/101/163 560/106/163 568/107/163
f 527/101/164 566/107/164 499/95/164
f 509/97/165 569/108/165 536/102/165
f 572/109/166 541/102/166 570/108/166
f 571/109/167 574/110/167 539/102/167
f 575/110/168 585/111/168 540/102/168
f 583/111/169 545/103/169 538/102/169
f 550/104/170 544/103/170 582/111/170
f 552/104/171 584/111/171 591/112/171
f 589/112/172 555/105/172 551/104/172
f 564/106/173 556/105/173 590/112/173
f 573/109/174 595/113/174 576/110/174
f 580/110/175 596/113/175 599/114/175
f 578/110/176 598/114/176 41/10/176
f 579/110/177 42/10/177 36/9/177
f 581/110/178 37/9/178 81/17/178
f 586/111/179 577/110/179 78/17/179
f 587/111/180 79/17/180 592/112/180
f 593/112/181 80/17/181 74/16/181
f 594/112/182 75/16/182 603/115/182
f 563/106/183 588/112/183 601/115/183
f 607/116/184 562/106/184 600/115/184
f 606/116/185 614/117/185 561/106/185
f 559/106/186 612/117/186 622/118/186
f 557/106/187 621/118/187 567/107/187
f 496/95/188 565/107/188 617/118/188
s 1
f 73/16/189 610/116/189 602/115/189
s 0
f 609/116/190 72/16/190 69/15/190
f 608/116/191 68/15/191 628/119/191
f 633/120/192 604/116/192 625/119/192
f 634/120/193 613/117/193 605/116/193
f 619/118/194 611/117/194 630/120/194
f 620/118/195 631/120/195 640/121/195
f 616/118/196 637/121/196 643/122/196
f 615/118/197 642/122/197 647/123/197
f 498/95/198 618/118/198 648/123/198
f 460/87/199 500/95/199 650/123/199
f 627/119/200 66/15/200 115/23/200
f 626/119/201 114/23/201 655/124/201
f 661/125/202 624/119/202 653/124/202
f 660/125/203 632/120/203 623/119/203
f 639/121/204 629/120/204 658/125/204
s 1
f 638/121/205 657/125/205 665/126/205
f 635/121/206 663/126/206 667/127/206
s 0
f 636/121/207 668/127/207 641/122/207
f 670/127/208 672/128/208 644/122/208
f 645/122/209 674/128/209 458/87/209
f 646/122/210 459/87/210 649/123/210
f 654/124/211 112/23/211 681/129/211
f 690/130/212 651/124/212 679/129/212
f 691/130/213 659/125/213 652/124/213
f 664/126/214 656/125/214 688/130/214
f 662/126/215 684/130/215 666/127/215
f 687/130/216 693/131/216 669/127/216
f 671/127/217 694/131/217 673/128/217
f 675/128/218 696/131/218 393/73/218
f 676/128/219 394/73/219 385/72/219
f 462/87/220 677/128/220 387/72/220
f 682/129/221 113/23/221 106/22/221
f 683/129/222 107/22/222 186/36/222
f 361/67/223 680/129/223 182/36/223
f 689/130/224 678/129/224 360/67/224
f 685/130/225 356/67/225 349/66/225
f 686/130/226 350/66/226 692/131/226
f 695/131/227 352/66/227 391/73/227
f 362/67/228 183/36/228 225/43/228
f 359/67/229 222/43/229 699/132/229
f 355/67/230 697/132/230 316/60/230
f 317/60/231 698/132/231 215/42/231
f 223/43/232 219/42/232 700/132/232
f 597/114/233 702/133/233 705/10/233
f 704/10/234 701/133/234 708/134/234
f 703/10/235 707/134/235 710/7/235
f 709/7/236 706/134/236 712/135/236
f 711/7/237 713/135/237 715/4/237
f 714/135/238 1/1/238 716/4/238
f 465/88/239 718/82/239 721/136/239
f 717/82/240 722/137/240 720/136/240
f 719/82/241 726/76/241 724/137/241
f 725/76/242 728/138/242 723/137/242
f 727/76/243 732/75/243 730/138/243
f 731/75/244 428/80/244 729/138/244
f 733/139/245 734/139/245 735/139/245
f 736/139/246 737/139/246 738/139/246
f 739/139/247 740/139/247 741/139/247
f 742/139/248 743/139/248 744/139/248
s 1
f 745/139/249 746/139/249 747/139/249
s 0
f 748/139/250 749/139/250 750/139/250
f 754/139/251 761/139/251 765/139/251
f 766/139/252 769/139/252 756/139/252
f 777/139/253 758/139/253 772/139/253
f 778/139/254 783/139/254 759/139/254
f 757/139/255 782/139/255 788/139/255
f 760/139/256 791/139/256 798/139/256
s 1
f 805/139/257 755/139/257 792/139/257
s 0
f 803/139/258 811/139/258 753/139/258
f 812/139/259 751/139/259 807/139/259
f 816/139/260 752/139/260 813/139/260
f 764/139/261 822/139/261 768/139/261
f 770/139/262 824/139/262 829/139/262
f 771/139/263 830/139/263 776/139/263
f 835/139/264 773/139/264 828/139/264
f 836/139/265 840/139/265 774/139/265
f 781/139/266 775/139/266 842/139/266
f 780/139/267 841/139/267 847/139/267
s 1
f 785/139/268 779/139/268 845/139/268
s 0
f 762/139/269 849/139/269 821/139/269
f 819/139/270 848/139/270 857/139/270
f 859/139/271 862/139/271 820/139/271
s 1
f 865/139/272 827/139/272 823/139/272
s 0
f 871/139/273 826/139/273 864/139/273
f 870/139/274 834/139/274 825/139/274
f 876/139/275 832/139/275 869/139/275
f 875/139/276 880/139/276 831/139/276
f 882/139/277 837/139/277 833/139/277
f 887/139/278 854/139/278 767/139/278
f 886/139/279 889/139/279 853/139/279
f 852/139/280 888/139/280 893/139/280
f 851/139/281 892/139/281 897/139/281
f 896/139/282 860/139/282 850/139/282
f 904/139/283 856/139/283 895/139/283
f 855/139/284 902/139/284 907/139/284
f 861/139/285 858/139/285 908/139/285
f 863/139/286 910/139/286 867/139/286
f 885/139/287 763/139/287 912/139/287
f 916/139/288 884/139/288 911/139/288
f 917/139/289 913/139/289 919/139/289
f 923/139/290 915/139/290 918/139/290
f 922/139/291 925/139/291 914/139/291
f 926/139/292 924/139/292 920/139/292
f 927/139/293 921/139/293 930/139/293
f 934/139/294 929/139/294 931/139/294
f 932/139/295 935/139/295 928/139/295
f 940/139/296 936/139/296 933/139/296
f 951/139/297 938/139/297 944/139/297
f 950/139/298 953/139/298 937/139/298
f 957/139/299 952/139/299 949/139/299
f 956/139/300 948/139/300 961/139/300
f 967/139/301 955/139/301 958/139/301
f 969/139/302 954/139/302 963/139/302
f 975/139/303 946/139/303 939/139/303
f 981/139/304 945/139/304 973/139/304
f 960/139/305 947/139/305 984/139/305
f 968/139/306 959/139/306 980/139/306
f 979/139/307 987/139/307 966/139/307
f 997/139/308 965/139/308 986/139/308
f 993/139/309 999/139/309 962/139/309
s 1
f 970/139/310 964/139/310 1000/139/310
s 0
f 900/139/311 972/139/311 1003/139/311
f 899/139/312 890/139/312 971/139/312
f 976/139/313 941/139/313 1004/139/313
f 1006/139/314 1012/139/314 978/139/314
f 1011/139/315 1019/139/315 977/139/315
f 1016/139/316 983/139/316 974/139/316
f 1015/139/317 988/139/317 982/139/317
f 1017/139/318 1021/139/318 990/139/318
f 1028/139/319 989/139/319 1020/139/319
f 1026/139/320 995/139/320 985/139/320
f 1005/139/321 943/139/321 1035/139/321
f 1038/139/322 1047/139/322 1008/139/322
f 1046/139/323 1014/139/323 1007/139/323
f 1053/139/324 1013/139/324 1043/139/324
f 1024/139/325 1009/139/325 1052/139/325
f 1025/139/326 1018/139/326 1010/139/326
f 1055/139/327 1034/139/327 942/139/327
f 891/139/328 903/139/328 894/139/328
f 1056/139/329 1058/139/329 1060/139/329
f 1059/139/330 1064/139/330 1061/139/330
f 1057/139/331 1067/139/331 1062/139/331
f 1063/139/332 1068/139/332 1070/139/332
f 1073/139/333 1069/139/333 1066/139/333
f 1065/139/334 1075/139/334 1072/139/334
f 1076/139/335 1071/139/335 1074/139/335
f 1076/139/335 1078/139/335 1071/139/335
f 1077/139/336 1081/139/336 1079/139/336
f 1083/139/337 1087/139/337 1080/139/337
f 1082/139/338 1088/139/338 1086/139/338
f 1084/139/339 1090/139/339 1089/139/339
f 1085/139/340 1093/139/340 1091/139/340
f 1094/139/341 1095/139/341 1092/139/341
f 1096/139/342 1098/139/342 1100/139/342
f 1097/139/343 1101/139/343 1099/139/343
s 1
f 1102/139/344 1104/139/344 1106/139/344
s 0
f 1103/139/345 1107/139/345 1105/139/345
f 1108/139/346 1110/139/346 1112/139/346
f 1109/139/347 1113/139/347 1111/139/347
f 1114/139/348 1116/139/348 1118/139/348
f 1115/139/349 1119/139/349 1117/139/349
f 1121/139/350 1123/139/350 1124/139/350
f 1120/139/351 1125/139/351 1122/139/351
s 1
f 1126/139/352 1128/139/352 1130/139/352
s 0
f 1127/139/353 1131/139/353 1129/139/353
f 1132/139/354 1134/139/354 1136/139/354
f 1133/139/355 1137/139/355 1135/139/355
f 1138/139/356 1140/139/356 1142/139/356
f 1139/139/357 1143/139/357 1141/139/357
f 1145/139/358 1147/139/358 1148/139/358
f 1144/139/359 1149/139/359 1146/139/359
f 1151/139/360 1153/139/360 1154/139/360
f 1150/139/361 1155/139/361 1152/139/361
f 1156/139/362 1158/139/362 1160/139/362
f 1157/139/363 1161/139/363 1159/139/363
f 1163/139/364 1165/139/364 1166/139/364
f 1162/139/365 1167/139/365 1164/139/365
s 1
f 1169/139/366 1172/139/366 1174/139/366
s 0
f 1171/139/367 1176/139/367 1179/139/367
f 1173/139/368 1180/139/368 1177/139/368
f 1184/139/369 1190/139/369 1178/139/369
f 1183/139/370 1195/139/370 1189/139/370
f 1192/139/371 1200/139/371 1188/139/371
f 1201/139/372 1168/139/372 1191/139/372
f 1203/139/373 1204/139/373 1170/139/373
f 1175/139/374 1206/139/374 1187/139/374
f 1207/139/375 1182/139/375 1205/139/375
f 1186/139/376 1208/139/376 1210/139/376
f 1181/139/377 1209/139/377 1213/139/377
f 1215/139/378 1197/139/378 1185/139/378
f 1214/139/379 1218/139/379 1196/139/379
f 1194/139/380 1217/139/380 1220/139/380
f 1198/139/381 1222/139/381 1225/139/381
f 1226/139/382 1193/139/382 1224/139/382
f 1199/139/383 1227/139/383 1202/139/383
f 1211/139/384 1229/139/384 1216/139/384
f 1212/139/385 1232/139/385 1231/139/385
f 1230/139/386 1223/139/386 1219/139/386
s 1
f 1228/139/387 1233/139/387 1221/139/387
s 0
f 1234/139/388 1235/139/388 1237/139/388
f 1239/139/389 1234/139/389 1237/139/389
f 1238/139/390 1236/139/390 1241/139/390
f 1243/139/391 1238/139/391 1241/139/391
f 1242/139/392 1240/139/392 1244/139/392
f 1246/139/393 1242/139/393 1244/139/393
f 1247/139/394 1245/139/394 1248/139/394
f 1250/139/395 1247/139/395 1248/139/395
f 1251/139/396 1249/139/396 1252/139/396
f 1253/139/397 1251/139/397 1252/139/397
f 1254/139/398 1257/139/398 1260/139/398
f 1256/139/399 1266/139/399 1259/139/399
f 1264/139/400 1268/139/400 1258/139/400
s 1
f 1272/139/401 1269/139/401 1265/139/401
s 0
f 1270/139/402 1273/139/402 1267/139/402
f 1273/139/402 1276/139/402 1267/139/402
f 1275/139/403 1283/139/403 1278/139/403
f 1282/139/404 1285/139/404 1277/139/404
f 1288/139/405 1262/139/405 1255/139/405
f 1291/139/406 1263/139/406 1289/139/406
f 1290/139/407 1271/139/407 1261/139/407
f 1274/139/408 1292/139/408 1279/139/408
f 1293/139/409 1295/139/409 1281/139/409
f 1294/139/410 1296/139/410 1280/139/410
f 1284/139/411 1297/139/411 1286/139/411
f 1299/139/412 1287/139/412 1298/139/412
f 1300/139/413 1303/139/413 1304/139/413
f 1302/139/414 1305/139/414 1308/139/414
f 1311/139/415 1301/139/415 1307/139/415
f 1309/139/416 1306/139/416 1313/139/416
f 1316/139/417 1310/139/417 1314/139/417
f 1315/139/418 1312/139/418 1317/139/418
f 1319/139/418 1315/139/418 1317/139/418
f 1320/139/419 1318/139/419 1321/139/419
f 1323/139/420 1320/139/420 1321/139/420
f 1325/139/421 1322/139/421 1327/139/421
f 1328/139/422 1324/139/422 1326/139/422
f 1334/139/423 1023/139/423 1050/139/423
f 1030/139/424 1022/139/424 1330/139/424
f 1029/139/425 1329/139/425 1336/139/425
f 1031/139/426 1339/139/426 1346/139/426
f 996/139/427 1027/139/427 1344/139/427
f 1333/139/428 1049/139/428 1349/139/428
f 1331/139/429 1347/139/429 1355/139/429
f 1332/139/430 1357/139/430 1341/139/430
f 1335/139/431 1354/139/431 1363/139/431
f 1340/139/432 1364/139/432 1370/139/432
f 1337/139/433 1369/139/433 1374/139/433
f 1338/139/434 1375/139/434 1345/139/434
f 1372/139/435 1380/139/435 1342/139/435
f 994/139/436 1343/139/436 1381/139/436
f 1351/139/437 1051/139/437 1383/139/437
f 1352/139/438 1384/139/438 1391/139/438
f 1401/139/439 1350/139/439 1390/139/439
s 1
f 1398/139/440 1356/139/440 1348/139/440
s 0
f 1397/139/441 1362/139/441 1353/139/441
f 1395/139/442 1405/139/442 1361/139/442
f 1358/139/443 1402/139/443 1409/139/443
f 1411/139/444 1417/139/444 1359/139/444
f 1360/139/445 1418/139/445 1365/139/445
f 1054/139/446 1044/139/446 1386/139/446
f 1388/139/447 1045/139/447 1422/139/447
f 1387/139/448 1421/139/448 1429/139/448
f 1392/139/449 1385/139/449 1425/139/449
f 1393/139/450 1426/139/450 1433/139/450
f 1400/139/451 1389/139/451 1432/139/451
f 1399/139/452 1431/139/452 1440/139/452
f 1437/139/453 1442/139/453 1394/139/453
f 1406/139/454 1396/139/454 1447/139/454
f 1404/139/455 1445/139/455 1452/139/455
f 1451/139/456 1410/139/456 1403/139/456
f 1039/139/457 1424/139/457 1048/139/457
f 1037/139/458 1458/139/458 1423/139/458
f 1427/139/459 1420/139/459 1455/139/459
f 1435/139/460 1428/139/460 1456/139/460
f 1434/139/461 1454/139/461 1466/139/461
f 1439/139/462 1430/139/462 1462/139/462
f 1441/139/463 1463/139/463 1471/139/463
f 1476/139/464 1436/139/464 1470/139/464
f 1477/139/465 1443/139/465 1438/139/465
f 1483/139/466 1444/139/466 1478/139/466
f 1453/139/467 1446/139/467 1484/139/467
f 1040/139/468 1491/139/468 1461/139/468
f 1490/139/469 1496/139/469 1460/139/469
f 1457/139/470 1495/139/470 1503/139/470
f 1459/139/471 1504/139/471 1467/139/471
f 1465/139/472 1501/139/472 1510/139/472
f 1464/139/473 1509/139/473 1472/139/473
f 1468/139/474 1507/139/474 1515/139/474
f 1469/139/475 1516/139/475 1475/139/475
f 1473/139/476 1513/139/476 1518/139/476
f 1474/139/477 1521/139/477 1482/139/477
f 1036/139/478 1528/139/478 1485/139/478
f 1486/139/479 1529/139/479 1532/139/479
f 1533/139/480 1538/139/480 1487/139/480
f 1489/139/481 1539/139/481 1544/139/481
f 1488/139/482 1543/139/482 1549/139/482
f 1492/139/483 1552/139/483 1498/139/483
f 1555/139/484 1527/139/484 1033/139/484
f 1561/139/485 1524/139/485 1554/139/485
f 1525/139/486 1562/139/486 1567/139/486
f 1526/139/487 1569/139/487 1574/139/487
f 1530/139/488 1523/139/488 1571/139/488
f 1572/139/489 1537/139/489 1531/139/489
f 1570/139/490 1575/139/490 1535/139/490
f 1536/139/491 1576/139/491 1583/139/491
f 1534/139/492 1582/139/492 1541/139/492
f 1041/139/493 1589/139/493 1556/139/493
f 1587/139/494 1557/139/494 1553/139/494
f 1588/139/495 1594/139/495 1559/139/495
f 1560/139/496 1595/139/496 1601/139/496
f 1558/139/497 1599/139/497 1563/139/497
f 1564/139/498 1600/139/498 1604/139/498
f 1565/139/499 1607/139/499 1611/139/499
f 1566/139/500 1612/139/500 1577/139/500
f 1568/139/501 1578/139/501 1573/139/501
f 1042/139/502 1596/139/502 1590/139/502
s 1
f 1032/139/503 1614/139/503 1591/139/503
s 0
f 1592/139/504 1615/139/504 1616/139/504
f 1593/139/505 1617/139/505 1597/139/505
f 1598/139/506 1618/139/506 1619/139/506
f 1602/139/507 1621/139/507 1605/139/507
f 1623/139/508 1603/139/508 1620/139/508
f 1625/139/509 1630/139/509 1609/139/509
f 1608/139/510 1628/139/510 1633/139/510
f 1606/139/511 1632/139/511 1610/139/511
f 1579/139/512 1613/139/512 1634/139/512
f 1580/139/513 1636/139/513 1585/139/513
f 1641/139/514 1584/139/514 1635/139/514
f 1642/139/515 1646/139/515 1586/139/515
f 1581/139/516 1643/139/516 1540/139/516
f 1624/139/517 1649/139/517 1627/139/517
f 1629/139/518 1650/139/518 1639/139/518
f 1626/139/519 1638/139/519 1631/139/519
f 1545/139/520 1647/139/520 1622/139/520
f 1546/139/521 1637/139/521 1648/139/521
f 1640/139/522 1548/139/522 1645/139/522
f 1542/139/523 1644/139/523 1547/139/523
f 1408/139/524 1651/139/524 1415/139/524
f 1655/139/525 1416/139/525 1652/139/525
f 1413/139/526 1653/139/526 1658/139/526
f 1660/139/527 1665/139/527 1414/139/527
f 1667/139/528 1368/139/528 1419/139/528
f 1672/139/529 1366/139/529 1666/139/529
f 1673/139/530 1373/139/530 1367/139/530
f 1379/139/531 1371/139/531 1671/139/531
f 1654/139/532 1674/139/532 1661/139/532
f 1677/139/533 1662/139/533 1675/139/533
f 1676/139/534 1681/139/534 1657/139/534
f 1680/139/535 1688/139/535 1656/139/535
f 1659/139/536 1691/139/536 1664/139/536
f 1670/139/537 1663/139/537 1690/139/537
f 1669/139/538 1689/139/538 1695/139/538
f 1668/139/539 1694/139/539 1378/139/539
f 1693/139/540 1698/139/540 1376/139/540
s 1
f 1699/139/541 1707/139/541 1382/139/541
s 0
f 1705/139/542 991/139/542 1377/139/542
f 998/139/543 992/139/543 1706/139/543
f 1685/139/544 1678/139/544 1711/139/544
f 1713/139/545 1682/139/545 1710/139/545
f 1722/139/546 1684/139/546 1714/139/546
f 1721/139/547 1729/139/547 1683/139/547
f 1679/139/548 1725/139/548 1686/139/548
f 1692/139/549 1687/139/549 1726/139/549
s 1
f 1727/139/550 1731/139/550 1697/139/550
s 0
f 1701/139/551 1696/139/551 1730/139/551
f 1716/139/552 1712/139/552 1737/139/552
f 1739/139/553 1715/139/553 1736/139/553
f 1742/139/554 1745/139/554 1717/139/554
f 1718/139/555 1746/139/555 1751/139/555
f 1754/139/556 1724/139/556 1719/139/556
f 1734/139/557 1723/139/557 1752/139/557
f 1728/139/558 1720/139/558 1732/139/558
f 1744/139/559 1740/139/559 1757/139/559
f 1747/139/560 1760/139/560 1763/139/560
f 1771/139/561 1749/139/561 1765/139/561
f 1748/139/562 1770/139/562 1774/139/562
f 1750/139/563 1780/139/563 1756/139/563
f 1785/139/564 1755/139/564 1776/139/564
f 1735/139/565 1753/139/565 1784/139/565
f 1782/139/566 1702/139/566 1733/139/566
f 1741/139/567 1790/139/567 1758/139/567
f 1759/139/568 1791/139/568 1797/139/568
f 1761/139/569 1799/139/569 1764/139/569
f 1794/139/570 1800/139/570 1762/139/570
f 1767/139/571 1803/139/571 1806/139/571
f 1768/139/572 1807/139/572 1811/139/572
f 1769/139/573 1812/139/573 881/139/573
f 1766/139/574 878/139/574 1773/139/574
f 1779/139/575 1772/139/575 877/139/575
f 1738/139/576 1817/139/576 1788/139/576
f 1818/139/577 1826/139/577 1789/139/577
f 1787/139/578 1822/139/578 1827/139/578
f 1792/139/579 1832/139/579 1798/139/579
f 1831/139/580 1838/139/580 1796/139/580
s 1
f 1793/139/581 1837/139/581 1840/139/581
f 1795/139/582 1841/139/582 1801/139/582
s 0
f 1804/139/583 1842/139/583 1845/139/583
f 1802/139/584 1844/139/584 1805/139/584
f 1850/139/585 1819/139/585 1743/139/585
f 1851/139/586 1855/139/586 1820/139/586
f 1856/139/587 1862/139/587 1821/139/587
f 1816/139/588 1859/139/588 1824/139/588
f 1865/139/589 1825/139/589 1860/139/589
f 1828/139/590 1823/139/590 1864/139/590
f 1872/139/591 1829/139/591 1867/139/591
f 1873/139/592 1834/139/592 1830/139/592
f 1870/139/593 1877/139/593 1833/139/593
f 1835/139/594 1879/139/594 1882/139/594
f 1836/139/595 1883/139/595 1839/139/595
f 1846/139/596 1843/139/596 1885/139/596
f 1889/139/597 1857/139/597 1852/139/597
f 1893/139/598 1853/139/598 1887/139/598
f 1854/139/599 1894/139/599 1897/139/599
f 1858/139/600 1901/139/600 1863/139/600
f 1868/139/601 1861/139/601 1900/139/601
f 1895/139/602 1888/139/602 1905/139/602
f 1904/139/603 1908/139/603 1892/139/603
f 1912/139/604 1891/139/604 1907/139/604
f 1921/139/605 1890/139/605 1911/139/605
f 1896/139/606 1923/139/606 1902/139/606
f 1927/139/607 1898/139/607 1922/139/607
f 1899/139/608 1928/139/608 1930/139/608
f 1937/139/609 1903/139/609 1934/139/609
f 1936/139/610 1933/139/610 1942/139/610
f 1940/139/611 1946/139/611 1935/139/611
f 1909/139/612 1906/139/612 1950/139/612
f 1917/139/613 1951/139/613 1953/139/613
f 1915/139/614 1952/139/614 1955/139/614
f 1913/139/615 1954/139/615 1957/139/615
f 1914/139/616 1958/139/616 1963/139/616
s 1
f 1968/139/617 1973/139/617 1916/139/617
s 0
f 1918/139/618 1910/139/618 1970/139/618
f 1971/139/619 1975/139/619 1919/139/619
f 1925/139/619 1920/139/619 1976/139/619
f 1956/139/620 1982/139/620 1960/139/620
f 1987/139/621 1959/139/621 1981/139/621
f 1988/139/622 1992/139/622 1961/139/622
f 1967/139/623 1962/139/623 1993/139/623
f 1998/139/624 1966/139/624 1991/139/624
f 1995/139/625 1990/139/625 2002/139/625
f 2000/139/626 1480/139/626 1994/139/626
f 1520/139/627 1997/139/627 1481/139/627
f 1519/139/628 2004/139/628 1996/139/628
f 1412/139/629 1986/139/629 1980/139/629
f 1449/139/630 1984/139/630 1407/139/630
f 2003/139/631 1985/139/631 1450/139/631
f 2001/139/632 1989/139/632 1983/139/632
f 1448/139/633 1479/139/633 1999/139/633
f 1964/139/634 1977/139/634 1972/139/634
f 1978/139/635 1965/139/635 2011/139/635
f 1979/139/636 2012/139/636 2018/139/636
f 2016/139/637 1924/139/637 1974/139/637
f 2024/139/638 1926/139/638 2021/139/638
f 1931/139/639 1929/139/639 2025/139/639
f 1939/139/640 1932/139/640 2026/139/640
f 2015/139/641 1969/139/641 2030/139/641
f 2014/139/642 2029/139/642 2035/139/642
f 2032/139/643 2019/139/643 2013/139/643
f 2034/139/644 2040/139/644 2020/139/644
f 2017/139/645 2036/139/645 2022/139/645
f 2038/139/646 2044/139/646 2023/139/646
f 1941/139/647 2027/139/647 2046/139/647
f 2045/139/648 1945/139/648 1938/139/648
f 2007/139/649 2033/139/649 2028/139/649
f 2006/139/650 2039/139/650 2031/139/650
f 2041/139/651 2010/139/651 2052/139/651
f 2050/139/652 2043/139/652 2037/139/652
f 2055/139/653 2042/139/653 2049/139/653
f 2047/139/654 2057/139/654 1949/139/654
f 2056/139/655 2063/139/655 1948/139/655
f 1947/139/656 2062/139/656 2071/139/656
f 1944/139/657 2068/139/657 1874/139/657
f 1943/139/658 1871/139/658 1866/139/658
f 2077/139/659 2051/139/659 2009/139/659
f 2072/139/660 2053/139/660 2048/139/660
f 2059/139/661 2054/139/661 2074/139/661
f 2073/139/662 2078/139/662 2058/139/662
f 2079/139/663 2084/139/663 2060/139/663
f 2088/139/664 2070/139/664 2061/139/664
f 2008/139/665 2097/139/665 2076/139/665
f 2082/139/666 2075/139/666 2096/139/666
f 2095/139/667 2103/139/667 2081/139/667
f 2110/139/668 2083/139/668 2104/139/668
f 2085/139/669 2080/139/669 2106/139/669
f 2113/139/670 2086/139/670 2107/139/670
f 2089/139/671 2116/139/671 2123/139/671
f 2069/139/672 2087/139/672 2122/139/672
f 2094/139/673 2005/139/673 1522/139/673
f 1517/139/674 1512/139/674 2092/139/674
f 2126/139/675 2091/139/675 1511/139/675
f 2090/139/676 2125/139/676 2133/139/676
f 2093/139/677 2134/139/677 2098/139/677
f 2099/139/678 2135/139/678 2138/139/678
f 2139/139/679 2146/139/679 2100/139/679
f 2147/139/680 2152/139/680 2101/139/680
f 2102/139/681 2153/139/681 2109/139/681
f 2108/139/682 2149/139/682 2157/139/682
f 2112/139/683 2105/139/683 2156/139/683
f 1506/139/684 2129/139/684 1514/139/684
f 1505/139/685 2162/139/685 2128/139/685
f 2172/139/686 2127/139/686 2161/139/686
f 2168/139/687 2130/139/687 2124/139/687
f 2176/139/688 2131/139/688 2169/139/688
f 2132/139/689 2177/139/689 2136/139/689
f 2181/139/690 2140/139/690 2178/139/690
f 2179/139/691 2174/139/691 2182/139/691
f 2188/139/692 2180/139/692 2186/139/692
s 1
f 1500/139/693 2165/139/693 1508/139/693
s 0
f 1499/139/694 2194/139/694 2164/139/694
f 2193/139/695 2201/139/695 2163/139/695
f 2170/139/696 2160/139/696 2198/139/696
f 2171/139/697 2199/139/697 2202/139/697
f 2173/139/698 2204/139/698 2211/139/698
f 2184/139/699 2166/139/699 2210/139/699
f 2175/139/700 2167/139/700 2185/139/700
f 1494/139/701 2197/139/701 1502/139/701
f 1493/139/702 2214/139/702 2196/139/702
f 2223/139/703 2195/139/703 2213/139/703
f 2206/139/704 2191/139/704 2219/139/704
f 2208/139/705 2200/139/705 2192/139/705
f 1551/139/706 2217/139/706 1497/139/706
f 1550/139/707 2227/139/707 2216/139/707
f 2226/139/708 2224/139/708 2215/139/708
f 2230/139/709 2222/139/709 2225/139/709
f 2239/139/710 2221/139/710 2229/139/710
f 2244/139/711 2218/139/711 2237/139/711
f 2245/139/712 2207/139/712 2220/139/712
f 2203/139/713 2242/139/713 2189/139/713
f 2212/139/714 2205/139/714 2190/139/714
f 2187/139/715 2183/139/715 2209/139/715
f 2248/139/716 2233/139/716 2228/139/716
f 2249/139/717 2253/139/717 2234/139/717
f 2231/139/718 2251/139/718 2259/139/718
f 2232/139/719 2260/139/719 2240/139/719
f 2265/139/720 2238/139/720 2254/139/720
f 2263/139/721 2271/139/721 2235/139/721
f 2243/139/722 2236/139/722 2272/139/722
f 2270/139/723 2274/139/723 2241/139/723
f 2268/139/724 2278/139/724 2273/139/724
f 2252/139/725 2246/139/725 2282/139/725
f 2258/139/726 2250/139/726 2281/139/726
f 2257/139/727 2279/139/727 2288/139/727
f 2256/139/728 2287/139/728 2295/139/728
f 2266/139/729 2255/139/729 2294/139/729
f 2301/139/730 2264/139/730 2290/139/730
f 2307/139/731 2262/139/731 2300/139/731
f 2306/139/732 2269/139/732 2261/139/732
f 2267/139/733 2305/139/733 2277/139/733
f 2141/139/734 2275/139/734 2303/139/734
f 2142/139/735 2308/139/735 2276/139/735
f 2313/139/736 2283/139/736 2247/139/736
f 2312/139/737 2289/139/737 2280/139/737
f 2310/139/738 2318/139/738 2286/139/738
f 2316/139/739 2324/139/739 2284/139/739
f 2325/139/740 2291/139/740 2285/139/740
f 2326/139/741 2330/139/741 2293/139/741
f 2302/139/742 2292/139/742 2329/139/742
f 2298/139/743 2328/139/743 2336/139/743
f 2297/139/744 2332/139/744 2148/139/744
f 2144/139/745 2299/139/745 2151/139/745
f 2143/139/746 2304/139/746 2296/139/746
f 2339/139/747 2319/139/747 2311/139/747
f 2338/139/748 2342/139/748 2317/139/748
f 2341/139/749 2348/139/749 2314/139/749
f 2315/139/750 2349/139/750 2323/139/750
f 2345/139/751 2355/139/751 2320/139/751
s 1
f 2333/139/752 2321/139/752 2356/139/752
s 0
f 2334/139/753 2327/139/753 2322/139/753
f 2340/139/754 2358/139/754 2347/139/754
s 1
f 2346/139/755 2357/139/755 2360/139/755
s 0
f 2344/139/756 2359/139/756 2365/139/756
f 2343/139/757 2364/139/757 2354/139/757
f 2369/139/758 2352/139/758 2363/139/758
f 2368/139/759 2376/139/759 2351/139/759
f 2374/139/760 2379/139/760 2350/139/760
f 2382/139/761 2331/139/761 2353/139/761
f 2337/139/762 2383/139/762 2159/139/762
f 2150/139/763 2335/139/763 2158/139/763
f 2361/139/764 2385/139/764 2367/139/764
f 2371/139/765 2366/139/765 2384/139/765
f 2372/139/766 2386/139/766 2391/139/766
f 2392/139/767 2401/139/767 2373/139/767
f 2399/139/768 2378/139/768 2370/139/768
f 2398/139/769 2408/139/769 2377/139/769
f 2380/139/770 2375/139/770 2405/139/770
f 2155/139/771 2381/139/771 2407/139/771
f 2406/139/772 2111/139/772 2154/139/772
f 2409/139/773 2412/139/773 2114/139/773
f 2416/139/774 2121/139/774 2115/139/774
f 2362/139/775 2417/139/775 2387/139/775
f 2419/139/776 2388/139/776 2418/139/776
f 2420/139/777 2423/139/777 2390/139/777
f 2394/139/778 2389/139/778 2422/139/778
f 2395/139/779 2424/139/779 2428/139/779
f 2434/139/780 2396/139/780 2429/139/780
f 2437/139/781 2443/139/781 2397/139/781
f 2393/139/782 2440/139/782 2402/139/782
f 2444/139/783 2425/139/783 2421/139/783
f 2445/139/784 2447/139/784 2427/139/784
f 2430/139/785 2426/139/785 2446/139/785
f 2433/139/786 2448/139/786 2451/139/786
f 2432/139/787 2450/139/787 2458/139/787
f 2431/139/788 2457/139/788 2439/139/788
f 2456/139/789 2466/139/789 2438/139/789
f 2472/139/790 2435/139/790 2464/139/790
f 2473/139/791 2442/139/791 2436/139/791
f 2404/139/792 2441/139/792 2469/139/792
f 2400/139/793 2468/139/793 2411/139/793
f 2403/139/794 2413/139/794 2410/139/794
f 2454/139/795 2449/139/795 2475/139/795
f 2481/139/796 2453/139/796 2474/139/796
f 2459/139/797 2452/139/797 2478/139/797
f 2479/139/798 2488/139/798 2460/139/798
f 2455/139/799 2486/139/799 2465/139/799
f 2463/139/800 2483/139/800 2494/139/800
f 2461/139/801 2491/139/801 2499/139/801
f 2462/139/802 2500/139/802 2471/139/802
f 2467/139/803 2497/139/803 2503/139/803
f 2470/139/804 2504/139/804 2414/139/804
f 2120/139/805 2415/139/805 2507/139/805
f 2477/139/806 2512/139/806 2482/139/806
f 2480/139/807 2510/139/807 2489/139/807
s 1
f 2516/139/808 2487/139/808 2508/139/808
s 0
f 2513/139/809 2523/139/809 2485/139/809
f 2484/139/810 2521/139/810 2495/139/810
f 2520/139/811 2526/139/811 2493/139/811
f 2530/139/812 2492/139/812 2525/139/812
f 2529/139/813 2498/139/813 2490/139/813
f 2501/139/814 2496/139/814 2527/139/814
f 2476/139/815 2534/139/815 2511/139/815
f 2517/139/816 2509/139/816 2531/139/816
f 2537/139/817 2519/139/817 2532/139/817
f 2535/139/818 2544/139/818 2518/139/818
f 2514/139/819 2540/139/819 2551/139/819
f 2515/139/820 2552/139/820 2524/139/820
f 2522/139/821 2548/139/821 2555/139/821
f 2556/139/822 2550/139/822 2561/139/822
f 2559/139/823 2565/139/823 2554/139/823
f 2571/139/824 2538/139/824 2533/139/824
f 2572/139/825 2577/139/825 2539/139/825
f 2574/139/826 2545/139/826 2536/139/826
f 2575/139/827 2583/139/827 2546/139/827
f 2580/139/828 2590/139/828 2543/139/828
f 2595/139/829 2542/139/829 2589/139/829
f 2553/139/830 2541/139/830 2594/139/830
f 2547/139/831 2592/139/831 2600/139/831
f 2549/139/832 2603/139/832 2560/139/832
f 2558/139/833 2596/139/833 2606/139/833
f 2557/139/834 2605/139/834 2564/139/834
f 799/139/835 2579/139/835 2573/139/835
f 797/139/836 790/139/836 2578/139/836
f 787/139/837 2584/139/837 2576/139/837
f 789/139/838 1849/139/838 2585/139/838
f 1847/139/839 1886/139/839 2582/139/839
f 2581/139/840 1884/139/840 2591/139/840
f 1880/139/841 2612/139/841 2588/139/841
f 2602/139/842 2587/139/842 2611/139/842
f 2601/139/843 2593/139/843 2586/139/843
f 2617/139/844 795/139/844 2570/139/844
f 2618/139/845 2623/139/845 796/139/845
f 794/139/846 2622/139/846 2628/139/846
f 793/139/847 2627/139/847 806/139/847
f 2568/139/848 2630/139/848 2616/139/848
f 2629/139/849 2633/139/849 2614/139/849
f 2634/139/850 2619/139/850 2615/139/850
f 2635/139/851 2640/139/851 2621/139/851
f 2624/139/852 2620/139/852 2639/139/852
f 2626/139/853 2641/139/853 2646/139/853
f 800/139/854 2625/139/854 2645/139/854
f 804/139/855 2648/139/855 2654/139/855
f 802/139/856 2653/139/856 2660/139/856
f 2659/139/857 810/139/857 801/139/857
f 2631/139/858 2569/139/858 2663/139/858
f 2665/139/859 2638/139/859 2632/139/859
f 2664/139/860 2670/139/860 2636/139/860
f 2671/139/861 2644/139/861 2637/139/861
f 2669/139/862 2677/139/862 2643/139/862
f 2647/139/863 2642/139/863 2675/139/863
f 2649/139/864 2676/139/864 2655/139/864
f 2683/139/865 2652/139/865 2673/139/865
f 2679/139/866 2688/139/866 2651/139/866
f 2656/139/867 2650/139/867 2687/139/867
f 2658/139/868 2689/139/868 2696/139/868
f 2695/139/869 809/139/869 2657/139/869
f 2692/139/870 815/139/870 808/139/870
f 2661/139/871 2567/139/871 2699/139/871
f 2668/139/872 2662/139/872 2702/139/872
f 2666/139/873 2700/139/873 2704/139/873
f 2674/139/874 2667/139/874 2706/139/874
f 2672/139/875 2705/139/875 2682/139/875
f 2678/139/876 2703/139/876 2697/139/876
f 2684/139/877 2701/139/877 2709/139/877
f 2680/139/878 2708/139/878 2711/139/878
f 2712/139/879 2690/139/879 2681/139/879
f 2710/139/880 2715/139/880 2686/139/880
f 2694/139/881 2685/139/881 2714/139/881
f 2693/139/882 2713/139/882 818/139/882
f 817/139/883 814/139/883 2691/139/883
f 2707/139/884 2698/139/884 2566/139/884
f 2137/139/885 2309/139/885 2145/139/885
f 1881/139/886 1878/139/886 2613/139/886
f 2065/139/887 2610/139/887 1875/139/887
f 2064/139/888 2719/139/888 2609/139/888
f 2716/139/889 2598/139/889 2608/139/889
f 2599/139/890 2717/139/890 2725/139/890
f 2597/139/891 2724/139/891 2607/139/891
f 2563/139/892 2604/139/892 2723/139/892
f 2562/139/893 2722/139/893 2727/139/893
f 1869/139/894 2066/139/894 1876/139/894
f 2718/139/895 2728/139/895 2726/139/895
f 2730/139/896 2721/139/896 2118/139/896
f 2119/139/897 2506/139/897 2731/139/897
f 2733/139/898 2729/139/898 2505/139/898
f 2502/139/899 2528/139/899 2732/139/899
f 2117/139/900 2720/139/900 2067/139/900
f 784/139/901 1809/139/901 1848/139/901
f 786/139/902 846/139/902 1810/139/902
f 844/139/903 1815/139/903 1808/139/903
f 843/139/904 839/139/904 1814/139/904
f 883/139/905 1813/139/905 838/139/905
f 1781/139/906 879/139/906 874/139/906
f 2737/139/907 1775/139/907 872/139/907
f 2739/139/908 2744/139/908 1778/139/908
f 1786/139/909 1777/139/909 2743/139/909
f 1703/139/910 1783/139/910 2740/139/910
f 2741/139/911 2748/139/911 1704/139/911
f 2745/139/912 1708/139/912 1700/139/912
f 2746/139/913 1001/139/913 1709/139/913
f 2738/139/914 873/139/914 868/139/914
f 2736/139/915 866/139/915 909/139/915
f 2734/139/916 905/139/916 2749/139/916
f 2750/139/917 2742/139/917 2735/139/917
f 901/139/918 2751/139/918 906/139/918
f 898/139/919 1002/139/919 2747/139/919
f 2752/139/920 2754/139/920 2757/139/920
f 2755/139/921 2764/139/921 2758/139/921
f 2760/139/922 2767/139/922 2769/139/922
f 2761/139/923 2770/139/923 2772/139/923
f 2753/139/924 2759/139/924 2771/139/924
f 2756/139/925 2775/139/925 2765/139/925
f 2773/139/926 2778/139/926 2762/139/926
f 2782/139/927 2763/139/927 2780/139/927
f 2783/139/928 2768/139/928 2766/139/928
f 2774/139/929 2786/139/929 2779/139/929
f 2777/139/930 2785/139/930 2787/139/930
f 2777/139/931 2787/139/931 2790/139/931
f 2794/139/932 2776/139/932 2789/139/932
f 2795/139/933 2784/139/933 2781/139/933
f 2792/139/934 2788/139/934 2799/139/934
f 2791/139/935 2798/139/935 2802/139/935
f 2796/139/936 2793/139/936 2803/139/936
f 2797/139/937 2805/139/937 2808/139/937
f 2807/139/938 2812/139/938 2809/139/938
f 2806/139/939 2817/139/939 2811/139/939
f 2816/139/940 2819/139/940 2810/139/940
f 2820/139/941 2818/139/941 2813/139/941
f 2801/139/942 2821/139/942 2815/139/942
f 2800/139/943 2814/139/943 2804/139/943
f 2827/139/944 2829/139/944 2831/139/944
f 2822/139/945 2832/139/945 2828/139/945
f 2823/139/946 2835/139/946 2833/139/946
f 2834/139/947 2838/139/947 2840/139/947
f 2839/139/948 2843/139/948 2841/139/948
f 2846/139/949 2842/139/949 2837/139/949
f 2830/139/950 2848/139/950 2826/139/950
f 2845/139/951 2825/139/951 2847/139/951
f 2836/139/952 2824/139/952 2844/139/952
f 2850/139/953 2852/139/953 2858/139/953
f 2851/139/954 2863/139/954 2853/139/954
f 2864/139/955 2866/139/955 2854/139/955
f 2855/139/956 2867/139/956 2868/139/956
f 2856/139/957 2869/139/957 2870/139/957
f 2871/139/958 2859/139/958 2857/139/958
f 2849/139/959 2872/139/959 2861/139/959
f 2875/139/960 2862/139/960 2873/139/960
f 2874/139/961 2865/139/961 2860/139/961
f 2881/139/962 2883/139/962 2886/139/962
f 2888/139/963 2884/139/963 2882/139/963
f 2889/139/964 2887/139/964 2876/139/964
f 2891/139/965 2890/139/965 2877/139/965
f 2892/139/966 2878/139/966 2894/139/966
f 2879/139/967 2885/139/967 2897/139/967
f 2895/139/968 2880/139/968 2898/139/968
f 2893/139/969 2896/139/969 2899/139/969
f 2902/139/970 2893/139/970 2899/139/970
f 2903/139/971 2901/139/971 2907/139/971
f 2913/139/972 2904/139/972 2911/139/972
f 2912/139/973 2910/139/973 2915/139/973
f 2914/139/974 2905/139/974 2916/139/974
f 2917/139/975 2909/139/975 2919/139/975
s 1
f 2908/139/976 2921/139/976 2918/139/976
s 0
f 2906/139/977 2900/139/977 2920/139/977
f 2924/139/978 2925/139/978 2927/139/978
f 2929/139/979 2922/139/979 2926/139/979
f 2934/139/980 2923/139/980 2931/139/980
f 2933/139/981 2930/139/981 2937/139/981
s 1
f 2932/139/982 2936/139/982 2940/139/982
f 2942/139/983 2939/139/983 2947/139/983
s 0
f 2950/139/984 2941/139/984 2944/139/984
s 1
f 2951/139/985 2945/139/985 2956/139/985
s 0
f 2949/139/986 2954/139/986 2961/139/986
f 2948/139/987 2960/139/987 2965/139/987
f 2935/139/988 2928/139/988 2969/139/988
f 2938/139/989 2971/139/989 2946/139/989
f 2952/139/990 2943/139/990 2968/139/990
f 2957/139/991 2972/139/991 2977/139/991
f 2955/139/992 2975/139/992 2983/139/992
f 2982/139/993 2959/139/993 2953/139/993
f 2979/139/994 2985/139/994 2958/139/994
f 2995/139/995 2962/139/995 2991/139/995
f 2998/139/996 3001/139/996 2963/139/996
f 3004/139/997 2967/139/997 2964/139/997
f 2999/139/998 3005/139/998 2966/139/998
f 3003/139/999 3009/139/999 3006/139/999
f 2973/139/1000 3014/139/1000 2978/139/1000
f 3018/139/1001 2976/139/1001 3011/139/1001
f 3015/139/1002 2980/139/1002 2974/139/1002
f 3020/139/1003 3027/139/1003 2984/139/1003
f 2981/139/1004 3022/139/1004 2986/139/1004
f 3032/139/1005 2989/139/1005 3025/139/1005
f 3035/139/1006 3038/139/1006 2990/139/1006
f 3042/139/1007 2988/139/1007 3036/139/1007
f 3041/139/1008 2994/139/1008 2987/139/1008
f 2970/139/1009 3044/139/1009 3012/139/1009
f 3045/139/1010 3049/139/1010 3013/139/1010
f 3046/139/1011 3016/139/1011 3010/139/1011
f 3047/139/1012 3043/139/1012 3050/139/1012
f 3048/139/1013 3051/139/1013 3053/139/1013
f 3052/139/1014 3055/139/1014 3054/139/1014
f 3057/139/1015 2993/139/1015 3040/139/1015
f 3056/139/1016 3060/139/1016 2992/139/1016
f 3066/139/1017 2996/139/1017 3064/139/1017
f 3067/139/1018 3000/139/1018 2997/139/1018
f 3002/139/1019 3070/139/1019 3008/139/1019
f 3074/139/1020 3007/139/1020 3069/139/1020
f 3075/139/1021 3061/139/1021 3058/139/1021
f 3085/139/1022 3063/139/1022 3080/139/1022
f 3084/139/1023 3065/139/1023 3062/139/1023
f 3073/139/1024 3068/139/1024 3086/139/1024
f 3089/139/1025 3071/139/1025 3083/139/1025
f 3091/139/1026 3093/139/1026 3072/139/1026
f 3095/139/1027 3092/139/1027 3102/139/1027
f 3094/139/1028 3101/139/1028 3104/139/1028
f 3097/139/1029 3106/139/1029 3103/139/1029
f 3076/139/1030 3059/139/1030 3108/139/1030
f 3112/139/1031 3078/139/1031 3109/139/1031
f 3113/139/1032 3118/139/1032 3079/139/1032
f 3115/139/1033 3081/139/1033 3077/139/1033
f 3116/139/1034 3088/139/1034 3082/139/1034
f 3119/139/1035 3087/139/1035 3114/139/1035
f 3123/139/1036 3099/139/1036 3090/139/1036
s 1
f 3130/139/1037 3100/139/1037 3124/139/1037
s 0
f 3127/139/1038 3133/139/1038 3098/139/1038
f 3096/139/1039 3132/139/1039 3105/139/1039
f 3140/139/1040 3107/139/1040 3136/139/1040
f 3117/139/1041 3111/139/1041 3122/139/1041
f 3110/139/1042 3142/139/1042 3121/139/1042
f 3141/139/1043 3126/139/1043 3120/139/1043
f 3146/139/1044 3131/139/1044 3143/139/1044
f 3150/139/1045 3125/139/1045 3145/139/1045
f 3155/139/1046 3128/139/1046 3152/139/1046
f 3157/139/1047 3134/139/1047 3129/139/1047
f 3139/139/1048 3135/139/1048 3158/139/1048
f 3161/139/1049 3138/139/1049 3156/139/1049
f 3160/139/1050 3165/139/1050 3137/139/1050
f 3174/139/1051 3167/139/1051 3163/139/1051
f 3173/139/1052 3176/139/1052 3166/139/1052
s 1
f 3171/139/1053 3180/139/1053 3175/139/1053
s 0
f 3148/139/1054 3144/139/1054 3181/139/1054
f 3184/139/1055 3149/139/1055 3182/139/1055
f 3183/139/1056 3187/139/1056 3147/139/1056
f 3188/139/1057 3153/139/1057 3151/139/1057
f 3189/139/1058 3159/139/1058 3154/139/1058
f 3198/139/1059 3164/139/1059 3191/139/1059
f 3197/139/1060 3172/139/1060 3162/139/1060
f 3204/139/1061 3169/139/1061 3195/139/1061
f 3203/139/1062 3208/139/1062 3168/139/1062
f 3170/139/1063 3209/139/1063 3179/139/1063
f 3213/139/1064 3177/139/1064 3207/139/1064
f 3215/139/1065 3217/139/1065 3178/139/1065
f 3216/139/1066 3211/139/1066 3219/139/1066
f 3225/139/1067 3192/139/1067 3186/139/1067
f 3224/139/1068 3196/139/1068 3190/139/1068
f 3231/139/1069 3194/139/1069 3223/139/1069
f 3229/139/1070 3202/139/1070 3193/139/1070
s 1
f 3232/139/1071 3199/139/1071 3227/139/1071
s 0
f 3233/139/1072 3239/139/1072 3201/139/1072
f 3238/139/1073 3206/139/1073 3200/139/1073
f 3237/139/1074 3212/139/1074 3205/139/1074
f 3244/139/1075 3214/139/1075 3240/139/1075
f 3243/139/1076 3218/139/1076 3210/139/1076
f 3185/139/1077 3246/139/1077 3221/139/1077
f 3249/139/1078 3222/139/1078 3247/139/1078
f 3248/139/1079 3226/139/1079 3220/139/1079
f 3230/139/1080 3250/139/1080 3253/139/1080
f 3228/139/1081 3251/139/1081 3234/139/1081
f 3236/139/1082 3252/139/1082 3256/139/1082
f 3254/139/1083 3241/139/1083 3235/139/1083
f 3255/139/1084 3245/139/1084 3242/139/1084
f 3258/139/1085 3259/139/1085 3263/139/1085
f 3264/139/1086 3257/139/1086 3261/139/1086
f 3267/139/1087 3262/139/1087 3271/139/1087
f 3266/139/1088 3270/139/1088 3277/139/1088
f 3279/139/1089 3265/139/1089 3276/139/1089
f 3280/139/1090 3278/139/1090 3287/139/1090
f 3281/139/1091 3288/139/1091 3290/139/1091
f 3289/139/1092 3285/139/1092 3292/139/1092
f 3268/139/1093 3260/139/1093 3297/139/1093
f 3298/139/1094 3275/139/1094 3269/139/1094
f 3296/139/1095 3300/139/1095 3274/139/1095
f 3299/139/1096 3304/139/1096 3273/139/1096
f 3286/139/1097 3272/139/1097 3303/139/1097
f 3308/139/1098 3283/139/1098 3302/139/1098
f 3284/139/1099 3309/139/1099 3030/139/1099
f 3029/139/1100 3291/139/1100 3282/139/1100
f 3033/139/1101 3314/139/1101 3294/139/1101
f 3295/139/1102 3315/139/1102 3319/139/1102
f 3293/139/1103 3318/139/1103 3323/139/1103
f 3301/139/1104 3327/139/1104 3307/139/1104
f 3306/139/1105 3326/139/1105 3329/139/1105
f 3305/139/1106 3328/139/1106 3311/139/1106
s 1
f 3312/139/1107 3330/139/1107 3039/139/1107
s 0
f 3037/139/1108 3034/139/1108 3310/139/1108
f 3024/139/1109 3313/139/1109 3031/139/1109
f 3028/139/1110 3335/139/1110 3316/139/1110
f 3336/139/1111 3322/139/1111 3317/139/1111
f 3339/139/1112 3320/139/1112 3333/139/1112
f 3321/139/1113 3340/139/1113 3325/139/1113
f 3341/139/1114 3324/139/1114 3337/139/1114
f 3342/139/1115 3338/139/1115 3344/139/1115
f 3346/139/1116 3343/139/1116 3345/139/1116
f 3347/139/1117 3332/139/1117 3023/139/1117
f 3334/139/1118 3349/139/1118 3352/139/1118
f 3356/139/1119 3331/139/1119 3351/139/1119
f 3362/139/1120 3359/139/1120 3354/139/1120
f 3357/139/1121 3360/139/1121 3363/139/1121
f 3358/139/1122 3364/139/1122 3366/139/1122
f 3368/139/1123 3367/139/1123 3365/139/1123
f 3017/139/1124 3348/139/1124 3026/139/1124
f 3021/139/1125 3355/139/1125 3350/139/1125
s 1
f 3361/139/1126 3353/139/1126 3019/139/1126
s 0
f 3369/139/1127 3372/139/1127 3375/139/1127
f 3371/139/1128 3380/139/1128 3374/139/1128
f 3379/139/1129 3385/139/1129 3373/139/1129
f 3391/139/1130 3384/139/1130 3377/139/1130
f 3383/139/1131 3390/139/1131 3396/139/1131
f 3401/139/1132 3386/139/1132 3399/139/1132
f 3403/139/1133 3400/139/1133 3397/139/1133
f 3409/139/1134 3411/139/1134 3402/139/1134
f 3376/139/1135 3370/139/1135 3413/139/1135
f 3382/139/1136 3414/139/1136 3417/139/1136
f 3425/139/1137 3378/139/1137 3416/139/1137
f 3392/139/1138 3381/139/1138 3426/139/1138
f 3431/139/1139 3388/139/1139 3423/139/1139
f 3433/139/1140 3439/139/1140 3389/139/1140
f 3438/139/1141 3393/139/1141 3387/139/1141
f 3440/139/1142 3445/139/1142 3395/139/1142
f 3444/139/1143 3447/139/1143 3394/139/1143
f 3405/139/1144 3398/139/1144 3451/139/1144
f 3422/139/1145 3415/139/1145 3453/139/1145
f 3421/139/1146 3452/139/1146 3455/139/1146
f 3459/139/1147 3419/139/1147 3454/139/1147
f 3460/139/1148 3465/139/1148 3420/139/1148
f 3427/139/1149 3418/139/1149 3464/139/1149
f 3461/139/1150 3432/139/1150 3424/139/1150
s 1
f 3463/139/1151 3470/139/1151 3434/139/1151
s 0
f 3472/139/1152 3428/139/1152 3466/139/1152
f 3477/139/1153 3429/139/1153 3473/139/1153
f 3478/139/1154 3435/139/1154 3430/139/1154
f 3483/139/1155 3436/139/1155 3479/139/1155
f 3484/139/1156 3441/139/1156 3437/139/1156
f 3458/139/1157 3469/139/1157 3462/139/1157
f 3492/139/1158 3467/139/1158 3456/139/1158
f 3474/139/1159 3468/139/1159 3493/139/1159
f 3471/139/1160 3490/139/1160 3496/139/1160
f 3475/139/1161 3499/139/1161 3504/139/1161
f 3480/139/1162 3476/139/1162 3505/139/1162
f 3481/139/1163 3506/139/1163 3510/139/1163
f 3486/139/1164 3482/139/1164 3511/139/1164
f 3487/139/1165 3512/139/1165 3516/139/1165
f 3522/139/1166 3488/139/1166 3517/139/1166
f 3519/139/1167 3442/139/1167 3485/139/1167
f 3494/139/1168 3457/139/1168 3526/139/1168
f 3491/139/1169 3525/139/1169 3528/139/1169
f 3489/139/1170 3527/139/1170 3495/139/1170
f 3529/139/1171 3533/139/1171 3497/139/1171
f 3534/139/1172 3503/139/1172 3498/139/1172
f 3532/139/1173 3538/139/1173 3501/139/1173
f 3500/139/1174 3537/139/1174 3543/139/1174
f 3502/139/1175 3544/139/1175 3508/139/1175
f 3507/139/1176 3542/139/1176 3548/139/1176
f 3509/139/1177 3550/139/1177 3514/139/1177
s 1
f 3513/139/1178 3549/139/1178 3555/139/1178
s 0
f 3515/139/1179 3557/139/1179 3561/139/1179
f 3524/139/1180 3518/139/1180 3564/139/1180
f 3531/139/1181 3570/139/1181 3536/139/1181
f 3541/139/1182 3535/139/1182 3568/139/1182
f 3539/139/1183 3566/139/1183 3575/139/1183
f 3547/139/1184 3540/139/1184 3578/139/1184
f 3546/139/1185 3574/139/1185 3581/139/1185
f 3580/139/1186 3551/139/1186 3545/139/1186
f 3585/139/1187 3554/139/1187 3583/139/1187
f 3587/139/1188 3552/139/1188 3584/139/1188
f 3589/139/1189 3559/139/1189 3553/139/1189
f 3597/139/1190 3558/139/1190 3588/139/1190
f 3560/139/1191 3556/139/1191 3594/139/1191
f 3530/139/1192 3600/139/1192 3569/139/1192
s 1
f 3571/139/1193 3601/139/1193 3602/139/1193
s 0
f 3572/139/1194 3603/139/1194 3606/139/1194
f 3579/139/1195 3567/139/1195 3605/139/1195
f 3573/139/1196 3604/139/1196 3608/139/1196
f 3609/139/1197 3612/139/1197 3577/139/1197
f 3576/139/1198 3611/139/1198 3582/139/1198
f 3607/139/1199 3613/139/1199 3610/139/1199
f 3593/139/1200 3586/139/1200 3615/139/1200
f 3592/139/1201 3614/139/1201 3618/139/1201
f 3626/139/1202 3591/139/1202 3617/139/1202
f 3598/139/1203 3590/139/1203 3624/139/1203
f 3634/139/1204 3599/139/1204 3625/139/1204
f 3636/139/1205 3595/139/1205 3631/139/1205
f 3562/139/1206 3596/139/1206 3637/139/1206
f 3619/139/1207 3616/139/1207 3641/139/1207
s 1
f 3621/139/1208 3642/139/1208 3643/139/1208
s 0
f 3646/139/1209 3622/139/1209 3644/139/1209
f 3627/139/1210 3620/139/1210 3645/139/1210
f 3654/139/1211 3628/139/1211 3648/139/1211
f 3632/139/1212 3623/139/1212 3649/139/1212
f 3658/139/1213 3633/139/1213 3650/139/1213
s 1
f 3663/139/1214 3630/139/1214 3657/139/1214
s 0
f 3635/139/1215 3629/139/1215 3662/139/1215
f 3670/139/1216 3638/139/1216 3665/139/1216
f 3672/139/1217 3678/139/1217 3640/139/1217
f 3677/139/1218 3565/139/1218 3639/139/1218
f 3676/139/1219 3523/139/1219 3563/139/1219
f 3653/139/1220 3647/139/1220 3681/139/1220
f 3686/139/1221 3652/139/1221 3680/139/1221
f 3659/139/1222 3651/139/1222 3683/139/1222
f 3693/139/1223 3660/139/1223 3684/139/1223
f 3696/139/1224 3656/139/1224 3688/139/1224
f 3661/139/1225 3655/139/1225 3695/139/1225
f 3704/139/1226 3664/139/1226 3698/139/1226
f 3706/139/1227 3671/139/1227 3666/139/1227
f 3703/139/1228 3709/139/1228 3668/139/1228
f 3667/139/1229 3708/139/1229 3713/139/1229
f 3669/139/1230 3715/139/1230 3675/139/1230
f 3685/139/1231 3679/139/1231 3719/139/1231
f 3726/139/1232 3687/139/1232 3720/139/1232
f 3692/139/1233 3682/139/1233 3723/139/1233
f 3691/139/1234 3722/139/1234 3728/139/1234
f 3694/139/1235 3729/139/1235 3737/139/1235
f 3741/139/1236 3689/139/1236 3736/139/1236
f 3697/139/1237 3690/139/1237 3742/139/1237
f 3751/139/1238 3700/139/1238 3744/139/1238
f 3749/139/1239 3705/139/1239 3699/139/1239
f 3746/139/1240 3753/139/1240 3702/139/1240
f 3701/139/1241 3752/139/1241 3707/139/1241
f 3727/139/1242 3721/139/1242 3759/139/1242
f 3725/139/1243 3758/139/1243 3761/139/1243
f 3724/139/1244 3760/139/1244 3731/139/1244
f 3733/139/1245 3762/139/1245 3765/139/1245
f 3732/139/1246 3764/139/1246 3771/139/1246
f 3738/139/1247 3730/139/1247 3766/139/1247
s 1
f 3739/139/1248 3767/139/1248 3776/139/1248
s 0
f 3780/139/1249 3735/139/1249 3773/139/1249
f 3740/139/1250 3734/139/1250 3779/139/1250
f 3789/139/1251 3745/139/1251 3782/139/1251
f 3788/139/1252 3750/139/1252 3743/139/1252
f 3785/139/1253 3791/139/1253 3747/139/1253
f 3748/139/1254 3792/139/1254 3754/139/1254
f 3770/139/1255 3763/139/1255 3799/139/1255
f 3769/139/1256 3798/139/1256 3806/139/1256
f 3777/139/1257 3768/139/1257 3802/139/1257
f 3778/139/1258 3804/139/1258 3811/139/1258
f 3814/139/1259 3772/139/1259 3809/139/1259
f 3815/139/1260 3819/139/1260 3774/139/1260
f 3781/139/1261 3775/139/1261 3820/139/1261
f 3828/139/1262 3784/139/1262 3821/139/1262
f 3827/139/1263 3790/139/1263 3783/139/1263
f 3824/139/1264 3831/139/1264 3787/139/1264
f 3786/139/1265 3830/139/1265 3793/139/1265
f 3807/139/1266 3800/139/1266 3840/139/1266
f 3845/139/1267 3805/139/1267 3839/139/1267
f 3810/139/1268 3803/139/1268 3844/139/1268
f 3850/139/1269 3812/139/1269 3846/139/1269
f 3849/139/1270 3813/139/1270 3808/139/1270
f 3859/139/1271 3818/139/1271 3852/139/1271
f 3857/139/1272 3865/139/1272 3817/139/1272
f 3864/139/1273 3822/139/1273 3816/139/1273
f 3866/139/1274 3829/139/1274 3823/139/1274
f 3863/139/1275 3869/139/1275 3826/139/1275
f 3825/139/1276 3867/139/1276 3832/139/1276
f 3801/139/1277 3877/139/1277 3841/139/1277
f 3836/139/1278 3874/139/1278 3879/139/1278
f 3838/139/1279 3880/139/1279 3886/139/1279
s 1
f 3843/139/1280 3837/139/1280 3885/139/1280
f 3891/139/1281 3847/139/1281 3888/139/1281
s 0
f 3889/139/1282 3848/139/1282 3842/139/1282
f 3894/139/1283 3858/139/1283 3851/139/1283
f 3797/139/1284 3897/139/1284 3875/139/1284
f 3899/139/1285 3905/139/1285 3876/139/1285
f 3873/139/1286 3902/139/1286 3908/139/1286
f 3872/139/1287 3906/139/1287 3878/139/1287
f 3884/139/1288 3909/139/1288 3912/139/1288
s 1
f 3883/139/1289 3911/139/1289 3915/139/1289
s 0
f 3898/139/1290 3918/139/1290 3904/139/1290
f 3917/139/1291 3924/139/1291 3903/139/1291
f 3900/139/1292 3921/139/1292 3926/139/1292
f 3901/139/1293 3927/139/1293 3907/139/1293
f 3928/139/1294 3913/139/1294 3910/139/1294
f 3929/139/1295 3932/139/1295 3914/139/1295
f 3939/139/1296 3933/139/1296 3930/139/1296
f 3938/139/1297 3942/139/1297 3931/139/1297
f 3948/139/1298 3941/139/1298 3937/139/1298
f 3947/139/1299 3951/139/1299 3940/139/1299
f 3916/139/1300 3954/139/1300 3923/139/1300
f 3953/139/1301 3960/139/1301 3922/139/1301
f 3919/139/1302 3956/139/1302 3934/139/1302
f 3920/139/1303 3936/139/1303 3925/139/1303
f 3952/139/1304 3963/139/1304 3959/139/1304
f 3962/139/1305 3969/139/1305 3958/139/1305
f 3955/139/1306 3965/139/1306 3944/139/1306
f 3957/139/1307 3945/139/1307 3935/139/1307
f 3961/139/1308 3972/139/1308 3968/139/1308
f 3973/139/1309 3967/139/1309 3971/139/1309
f 3981/139/1310 3970/139/1310 3975/139/1310
f 3966/139/1311 3977/139/1311 3984/139/1311
f 3964/139/1312 3983/139/1312 3943/139/1312
f 3985/139/1313 3989/139/1313 3949/139/1313
f 3988/139/1314 3950/139/1314 3946/139/1314
f 3992/139/1315 3979/139/1315 3974/139/1315
f 3993/139/1316 3999/139/1316 3980/139/1316
f 3978/139/1317 3995/139/1317 4001/139/1317
f 3976/139/1318 4000/139/1318 3982/139/1318
f 4005/139/1319 4008/139/1319 3987/139/1319
s 1
f 3986/139/1320 4007/139/1320 3990/139/1320
s 0
f 3991/139/1321 4009/139/1321 3997/139/1321
f 4010/139/1322 4015/139/1322 3998/139/1322
f 3994/139/1323 4012/139/1323 4018/139/1323
f 3996/139/1324 4020/139/1324 4002/139/1324
f 4023/139/1325 4025/139/1325 4003/139/1325
f 4004/139/1326 4026/139/1326 4006/139/1326
f 4011/139/1327 4029/139/1327 4017/139/1327
f 4028/139/1328 4035/139/1328 4016/139/1328
f 4014/139/1329 4032/139/1329 4038/139/1329
f 4013/139/1330 4036/139/1330 4019/139/1330
f 4039/139/1331 4043/139/1331 4021/139/1331
f 4022/139/1332 4045/139/1332 4024/139/1332
s 1
f 4027/139/1333 4047/139/1333 4033/139/1333
s 0
f 4048/139/1334 4051/139/1334 4034/139/1334
f 4030/139/1335 4049/139/1335 4052/139/1335
f 4031/139/1336 4053/139/1336 4037/139/1336
f 4056/139/1337 4042/139/1337 4054/139/1337
f 4055/139/1338 4058/139/1338 4041/139/1338
s 1
f 4040/139/1339 4057/139/1339 4044/139/1339
s 0
f 4046/139/1340 4059/139/1340 4050/139/1340
f 3887/139/1341 3881/139/1341 3890/139/1341
s 1
f 3893/139/1342 3882/139/1342 4061/139/1342
s 0
f 3892/139/1343 4060/139/1343 4064/139/1343
f 3895/139/1344 4065/139/1344 4068/139/1344
f 3896/139/1345 4069/139/1345 3860/139/1345
f 4076/139/1346 3856/139/1346 4067/139/1346
f 4074/139/1347 4079/139/1347 3854/139/1347
f 3855/139/1348 4080/139/1348 4085/139/1348
f 3853/139/1349 4084/139/1349 3862/139/1349
f 3861/139/1350 4083/139/1350 3868/139/1350
f 4075/139/1351 4066/139/1351 4063/139/1351
f 4072/139/1352 4062/139/1352 4089/139/1352
f 4073/139/1353 4090/139/1353 4092/139/1353
f 4098/139/1354 4070/139/1354 4091/139/1354
f 4071/139/1355 4099/139/1355 4103/139/1355
f 4077/139/1356 4104/139/1356 4081/139/1356
f 4078/139/1357 4102/139/1357 4108/139/1357
f 4082/139/1358 4109/139/1358 4086/139/1358
f 4087/139/1359 4110/139/1359 4113/139/1359
f 4088/139/1360 4115/139/1360 3870/139/1360
f 3835/139/1361 3871/139/1361 4116/139/1361
f 3834/139/1362 4114/139/1362 4121/139/1362
f 3794/139/1363 3833/139/1363 4120/139/1363
f 4128/139/1364 4101/139/1364 4097/139/1364
f 4105/139/1365 4100/139/1365 4127/139/1365
s 1
f 4107/139/1366 4129/139/1366 4135/139/1366
f 4111/139/1367 4106/139/1367 4133/139/1367
s 0
f 4119/139/1368 4112/139/1368 4134/139/1368
f 4118/139/1369 4132/139/1369 4140/139/1369
f 4125/139/1370 4117/139/1370 4139/139/1370
f 4124/139/1371 4138/139/1371 4146/139/1371
f 4156/139/1372 4123/139/1372 4145/139/1372
f 3795/139/1373 4122/139/1373 4151/139/1373
f 3757/139/1374 3796/139/1374 4152/139/1374
f 4126/139/1375 4096/139/1375 4159/139/1375
f 4167/139/1376 4131/139/1376 4162/139/1376
f 4137/139/1377 4130/139/1377 4166/139/1377
f 4141/139/1378 4136/139/1378 4164/139/1378
f 4142/139/1379 4165/139/1379 4168/139/1379
f 4148/139/1380 4143/139/1380 4169/139/1380
f 4149/139/1381 4170/139/1381 4173/139/1381
f 4176/139/1382 4147/139/1382 4171/139/1382
f 4153/139/1383 4144/139/1383 4174/139/1383
f 4157/139/1384 4095/139/1384 4182/139/1384
f 4158/139/1385 4184/139/1385 4187/139/1385
f 4193/139/1386 4161/139/1386 4190/139/1386
f 4163/139/1387 4160/139/1387 4191/139/1387
f 4094/139/1388 4195/139/1388 4180/139/1388
f 4198/139/1389 4181/139/1389 4196/139/1389
f 4186/139/1390 4183/139/1390 4203/139/1390
f 4185/139/1391 4202/139/1391 4206/139/1391
f 4211/139/1392 4188/139/1392 4209/139/1392
f 4192/139/1393 4189/139/1393 4212/139/1393
s 1
f 4093/139/1394 4213/139/1394 4194/139/1394
s 0
f 4210/139/1395 4208/139/1395 4216/139/1395
f 4215/139/1396 4207/139/1396 4222/139/1396
f 4214/139/1397 4221/139/1397 4225/139/1397
f 4224/139/1398 4220/139/1398 4231/139/1398
f 4223/139/1399 4230/139/1399 4234/139/1399
f 4235/139/1400 4233/139/1400 4229/139/1400
f 4243/139/1401 4237/139/1401 4232/139/1401
f 4245/139/1402 4236/139/1402 4241/139/1402
f 4204/139/1403 4250/139/1403 4218/139/1403
f 4219/139/1404 4251/139/1404 4259/139/1404
f 4217/139/1405 4258/139/1405 4227/139/1405
f 4226/139/1406 4257/139/1406 4264/139/1406
f 4228/139/1407 4265/139/1407 4239/139/1407
f 4238/139/1408 4263/139/1408 4269/139/1408
f 4240/139/1409 4270/139/1409 4273/139/1409
f 4246/139/1410 4242/139/1410 4277/139/1410
f 4244/139/1411 4275/139/1411 4278/139/1411
f 4205/139/1412 4201/139/1412 4252/139/1412
f 4249/139/1413 4200/139/1413 4283/139/1413
f 4248/139/1414 4281/139/1414 4286/139/1414
s 1
f 4255/139/1415 4247/139/1415 4285/139/1415
s 0
f 4254/139/1416 4284/139/1416 4288/139/1416
f 4289/139/1417 4253/139/1417 4287/139/1417
f 4260/139/1418 4256/139/1418 4290/139/1418
f 4261/139/1419 4291/139/1419 4293/139/1419
f 4268/139/1420 4262/139/1420 4294/139/1420
f 4199/139/1421 4197/139/1421 4282/139/1421
f 4267/139/1422 4292/139/1422 4297/139/1422
f 4300/139/1423 4266/139/1423 4296/139/1423
s 1
f 4274/139/1424 4271/139/1424 4303/139/1424
s 0
f 4272/139/1425 4301/139/1425 4304/139/1425
f 4279/139/1426 4276/139/1426 4307/139/1426
f 4280/139/1427 4309/139/1427 4312/139/1427
f 4311/139/1428 4308/139/1428 4318/139/1428
f 4310/139/1429 4316/139/1429 4320/139/1429
f 4299/139/1430 4295/139/1430 4324/139/1430
f 4325/139/1431 4298/139/1431 4322/139/1431
f 4305/139/1432 4302/139/1432 4329/139/1432
f 4306/139/1433 4331/139/1433 4315/139/1433
s 1
f 4314/139/1434 4330/139/1434 4334/139/1434
s 0
f 4313/139/1435 4333/139/1435 4335/139/1435
f 4321/139/1436 4317/139/1436 4337/139/1436
f 4319/139/1437 4336/139/1437 4338/139/1437
f 4326/139/1438 4323/139/1438 4339/139/1438
f 4341/139/1439 4327/139/1439 4340/139/1439
f 4342/139/1440 4332/139/1440 4328/139/1440
f 4177/139/1441 4172/139/1441 4343/139/1441
f 4179/139/1442 4344/139/1442 4347/139/1442
f 4178/139/1443 4346/139/1443 4353/139/1443
f 4154/139/1444 4175/139/1444 4348/139/1444
f 4155/139/1445 4350/139/1445 4359/139/1445
f 3756/139/1446 4150/139/1446 4355/139/1446
f 3710/139/1447 3755/139/1447 4354/139/1447
f 3712/139/1448 4356/139/1448 4361/139/1448
f 3716/139/1449 3711/139/1449 4360/139/1449
f 4351/139/1450 4345/139/1450 4366/139/1450
f 4352/139/1451 4367/139/1451 4372/139/1451
f 4358/139/1452 4349/139/1452 4371/139/1452
f 4357/139/1453 4370/139/1453 4364/139/1453
f 4363/139/1454 4369/139/1454 4375/139/1454
f 4365/139/1455 4377/139/1455 4386/139/1455
f 3717/139/1456 4362/139/1456 4382/139/1456
f 4392/139/1457 3718/139/1457 4383/139/1457
f 3674/139/1458 3714/139/1458 4389/139/1458
f 3673/139/1459 4387/139/1459 3520/139/1459
f 3521/139/1460 4388/139/1460 3443/139/1460
f 4373/139/1461 4368/139/1461 4395/139/1461
f 4374/139/1462 4396/139/1462 4380/139/1462
f 4379/139/1463 4393/139/1463 4400/139/1463
f 4378/139/1464 4397/139/1464 3407/139/1464
f 4385/139/1465 4376/139/1465 3406/139/1465
f 4384/139/1466 3404/139/1466 3450/139/1466
f 4390/139/1467 4381/139/1467 3448/139/1467
f 3446/139/1468 4391/139/1468 3449/139/1468
f 4394/139/1469 4404/139/1469 4402/139/1469
f 4401/139/1470 4403/139/1470 4406/139/1470
s 1
f 4399/139/1471 4405/139/1471 3412/139/1471
s 0
f 3408/139/1472 4398/139/1472 3410/139/1472
f 4409/139/1473 4414/139/1473 4415/139/1473
s 1
f 4407/139/1474 4417/139/1474 4412/139/1474
s 0
f 4418/139/1475 4428/139/1475 4413/139/1475
f 4432/139/1476 4410/139/1476 4426/139/1476
f 4433/139/1477 4438/139/1477 4411/139/1477
f 4420/139/1478 4408/139/1478 4439/139/1478
f 4421/139/1479 4440/139/1479 4446/139/1479
s 1
f 4445/139/1480 4452/139/1480 4419/139/1480
s 0
f 4416/139/1481 4451/139/1481 4427/139/1481
f 4425/139/1482 4450/139/1482 4458/139/1482
f 4424/139/1483 4456/139/1483 4464/139/1483
f 4470/139/1484 4423/139/1484 4463/139/1484
f 4469/139/1485 4430/139/1485 4422/139/1485
f 4473/139/1486 4429/139/1486 4468/139/1486
f 4437/139/1487 4431/139/1487 4475/139/1487
f 4477/139/1488 4447/139/1488 4441/139/1488
f 4478/139/1489 4484/139/1489 4448/139/1489
f 4481/139/1490 4489/139/1490 4443/139/1490
f 4444/139/1491 4490/139/1491 4459/139/1491
f 4442/139/1492 4457/139/1492 4449/139/1492
f 4493/139/1493 4483/139/1493 4476/139/1493
f 4491/139/1494 4497/139/1494 4482/139/1494
f 4505/139/1495 4480/139/1495 4496/139/1495
f 4479/139/1496 4504/139/1496 4488/139/1496
f 4506/139/1497 4486/139/1497 4500/139/1497
f 4487/139/1498 4508/139/1498 4516/139/1498
f 4485/139/1499 4513/139/1499 4453/139/1499
f 4454/139/1500 4514/139/1500 4522/139/1500
f 4455/139/1501 4523/139/1501 4462/139/1501
f 4527/139/1502 4499/139/1502 4492/139/1502
f 4526/139/1503 4533/139/1503 4498/139/1503
f 4531/139/1504 4539/139/1504 4495/139/1504
f 4503/139/1505 4494/139/1505 4538/139/1505
f 4534/139/1506 4543/139/1506 4501/139/1506
f 4511/139/1507 4502/139/1507 4544/139/1507
f 4542/139/1508 4551/139/1508 4510/139/1508
f 4509/139/1509 4550/139/1509 4557/139/1509
f 4507/139/1510 4555/139/1510 4515/139/1510
f 4517/139/1511 4556/139/1511 4561/139/1511
f 4512/139/1512 4559/139/1512 4518/139/1512
f 4524/139/1513 4567/139/1513 4532/139/1513
f 4528/139/1514 4565/139/1514 4572/139/1514
f 4529/139/1515 4576/139/1515 4580/139/1515
f 4530/139/1516 4581/139/1516 4537/139/1516
f 4577/139/1517 4586/139/1517 4536/139/1517
f 4535/139/1518 4585/139/1518 4545/139/1518
s 1
f 4584/139/1519 4591/139/1519 4540/139/1519
f 4541/139/1520 4592/139/1520 4549/139/1520
s 0
f 4525/139/1521 4595/139/1521 4568/139/1521
f 4596/139/1522 4601/139/1522 4569/139/1522
f 4564/139/1523 4598/139/1523 4604/139/1523
f 4566/139/1524 4606/139/1524 4573/139/1524
f 4613/139/1525 4574/139/1525 4607/139/1525
f 4612/139/1526 4618/139/1526 4570/139/1526
f 4571/139/1527 4619/139/1527 4624/139/1527
f 4575/139/1528 4625/139/1528 4578/139/1528
f 4579/139/1529 4626/139/1529 4587/139/1529
f 4622/139/1530 4628/139/1530 4582/139/1530
f 4583/139/1531 4629/139/1531 4590/139/1531
f 4594/139/1532 4634/139/1532 4599/139/1532
f 4635/139/1533 4643/139/1533 4600/139/1533
f 4602/139/1534 4597/139/1534 4638/139/1534
f 4603/139/1535 4639/139/1535 4646/139/1535
f 4653/139/1536 4605/139/1536 4647/139/1536
f 4654/139/1537 4614/139/1537 4608/139/1537
f 4659/139/1538 4609/139/1538 4650/139/1538
f 4660/139/1539 4666/139/1539 4611/139/1539
f 4665/139/1540 4615/139/1540 4610/139/1540
s 1
f 4667/139/1541 4672/139/1541 4616/139/1541
s 0
f 4673/139/1542 4623/139/1542 4617/139/1542
f 4668/139/1543 4674/139/1543 4621/139/1543
f 4633/139/1544 4676/139/1544 4641/139/1544
f 4680/139/1545 4642/139/1545 4677/139/1545
s 1
f 4678/139/1546 4685/139/1546 4640/139/1546
s 0
f 4688/139/1547 4637/139/1547 4682/139/1547
f 4687/139/1548 4644/139/1548 4636/139/1548
s 1
f 4691/139/1549 4695/139/1549 4645/139/1549
s 0
f 4701/139/1550 4705/139/1550 4649/139/1550
s 1
f 4704/139/1551 4655/139/1551 4648/139/1551
s 0
f 4710/139/1552 4651/139/1552 4702/139/1552
f 4711/139/1553 4661/139/1553 4652/139/1553
f 4717/139/1554 4686/139/1554 4679/139/1554
f 4724/139/1555 4684/139/1555 4715/139/1555
f 4720/139/1556 4689/139/1556 4683/139/1556
f 4727/139/1557 4692/139/1557 4722/139/1557
f 4690/139/1558 4725/139/1558 4694/139/1558
f 4733/139/1559 4696/139/1559 4730/139/1559
s 1
f 4734/139/1560 4735/139/1560 4697/139/1560
s 0
f 4719/139/1561 4681/139/1561 4738/139/1561
f 4744/139/1562 4718/139/1562 4737/139/1562
f 4750/139/1563 4716/139/1563 4739/139/1563
f 4749/139/1564 4723/139/1564 4714/139/1564
f 4726/139/1565 4721/139/1565 4746/139/1565
s 1
f 4728/139/1566 4747/139/1566 4753/139/1566
s 0
f 4731/139/1567 4729/139/1567 4755/139/1567
f 4732/139/1568 4756/139/1568 4758/139/1568
f 4759/139/1569 4757/139/1569 4763/139/1569
f 4760/139/1570 4765/139/1570 4768/139/1570
f 4743/139/1571 4736/139/1571 4770/139/1571
f 4771/139/1572 4742/139/1572 4769/139/1572
f 4773/139/1573 4779/139/1573 4745/139/1573
f 4785/139/1574 4741/139/1574 4775/139/1574
f 4784/139/1575 4751/139/1575 4740/139/1575
f 4754/139/1576 4748/139/1576 4783/139/1576
f 4752/139/1577 4782/139/1577 4762/139/1577
f 4790/139/1578 4761/139/1578 4781/139/1578
f 4794/139/1579 4767/139/1579 4764/139/1579
f 4793/139/1580 4796/139/1580 4766/139/1580
f 4799/139/1581 4795/139/1581 4792/139/1581
f 4798/139/1582 4791/139/1582 4805/139/1582
f 4803/139/1583 4806/139/1583 4797/139/1583
f 4812/139/1584 4778/139/1584 4772/139/1584
f 4819/139/1585 4777/139/1585 4810/139/1585
f 4786/139/1586 4776/139/1586 4817/139/1586
f 4815/139/1587 4787/139/1587 4780/139/1587
f 4820/139/1588 4788/139/1588 4816/139/1588
f 4822/139/1589 4801/139/1589 4789/139/1589
f 4827/139/1590 4800/139/1590 4821/139/1590
f 4829/139/1591 4834/139/1591 4802/139/1591
f 4804/139/1592 4836/139/1592 4807/139/1592
f 4839/139/1593 4808/139/1593 4837/139/1593
f 4813/139/1594 4774/139/1594 4842/139/1594
f 4844/139/1595 4848/139/1595 4814/139/1595
f 4825/139/1596 4811/139/1596 4845/139/1596
f 4824/139/1597 4818/139/1597 4809/139/1597
f 4843/139/1598 4851/139/1598 4847/139/1598
f 4858/139/1599 4849/139/1599 4852/139/1599
f 4826/139/1600 4846/139/1600 4855/139/1600
f 4823/139/1601 4854/139/1601 4832/139/1601
f 4830/139/1602 4853/139/1602 4859/139/1602
f 4831/139/1603 4860/139/1603 4868/139/1603
f 4833/139/1604 4828/139/1604 4865/139/1604
f 4835/139/1605 4866/139/1605 4871/139/1605
f 4840/139/1606 4838/139/1606 4875/139/1606
f 4879/139/1607 4841/139/1607 4876/139/1607
f 4878/139/1608 4874/139/1608 4885/139/1608
f 4886/139/1609 4877/139/1609 4883/139/1609
f 4857/139/1610 4850/139/1610 4891/139/1610
f 4864/139/1611 4856/139/1611 4890/139/1611
f 4862/139/1612 4889/139/1612 4893/139/1612
f 4900/139/1613 4863/139/1613 4894/139/1613
f 4869/139/1614 4861/139/1614 4895/139/1614
f 4870/139/1615 4896/139/1615 4904/139/1615
s 1
f 4872/139/1616 4867/139/1616 4901/139/1616
s 0
f 4873/139/1617 4903/139/1617 4881/139/1617
f 4880/139/1618 4902/139/1618 4908/139/1618
f 4882/139/1619 4909/139/1619 4914/139/1619
f 4887/139/1620 4884/139/1620 4917/139/1620
f 4920/139/1621 4888/139/1621 4918/139/1621
f 4921/139/1622 4919/139/1622 4923/139/1622
f 4916/139/1623 4926/139/1623 4922/139/1623
f 4898/139/1624 4892/139/1624 4927/139/1624
f 4933/139/1625 4899/139/1625 4928/139/1625
f 4905/139/1626 4897/139/1626 4930/139/1626
s 1
f 4906/139/1627 4932/139/1627 4912/139/1627
s 0
f 4911/139/1628 4931/139/1628 4936/139/1628
f 4913/139/1629 4937/139/1629 4941/139/1629
f 4907/139/1630 4940/139/1630 4924/139/1630
f 4915/139/1631 4910/139/1631 4925/139/1631
f 4934/139/1632 4929/139/1632 4942/139/1632
f 4938/139/1633 4935/139/1633 4943/139/1633
f 4939/139/1634 4944/139/1634 4945/139/1634
f 4698/139/1635 4712/139/1635 4703/139/1635
f 4699/139/1636 4948/139/1636 4713/139/1636
f 4709/139/1637 4946/139/1637 4951/139/1637
f 4708/139/1638 4950/139/1638 4960/139/1638
f 4964/139/1639 4706/139/1639 4959/139/1639
f 4965/139/1640 4658/139/1640 4707/139/1640
f 4656/139/1641 4963/139/1641 4969/139/1641
s 1
f 4657/139/1642 4971/139/1642 4663/139/1642
s 0
f 4700/139/1643 4977/139/1643 4949/139/1643
f 4952/139/1644 4947/139/1644 4975/139/1644
f 4954/139/1645 4978/139/1645 4979/139/1645
f 4693/139/1646 4980/139/1646 4976/139/1646
f 4671/139/1647 4986/139/1647 4675/139/1647
f 4670/139/1648 4990/139/1648 4981/139/1648
f 4994/139/1649 4982/139/1649 4992/139/1649
f 4998/139/1650 5001/139/1650 4983/139/1650
f 5002/139/1651 5008/139/1651 4984/139/1651
f 4987/139/1652 5009/139/1652 4631/139/1652
f 4985/139/1653 4630/139/1653 5012/139/1653
f 4620/139/1654 5011/139/1654 4627/139/1654
s 1
f 4664/139/1655 4989/139/1655 4669/139/1655
s 0
f 4662/139/1656 4970/139/1656 4988/139/1656
f 4972/139/1657 4993/139/1657 4991/139/1657
f 4973/139/1658 5018/139/1658 4997/139/1658
f 5022/139/1659 4996/139/1659 5017/139/1659
f 5026/139/1660 4995/139/1660 5021/139/1660
f 5027/139/1661 5003/139/1661 4999/139/1661
f 5028/139/1662 5035/139/1662 5004/139/1662
f 5000/139/1663 5034/139/1663 5007/139/1663
f 5033/139/1664 5043/139/1664 5006/139/1664
s 1
f 5005/139/1665 5038/139/1665 4588/139/1665
s 0
f 5010/139/1666 4593/139/1666 4632/139/1666
f 4967/139/1667 5019/139/1667 4974/139/1667
f 4966/139/1668 5045/139/1668 5016/139/1668
f 5014/139/1669 5044/139/1669 5051/139/1669
f 5013/139/1670 5050/139/1670 5058/139/1670
f 5020/139/1671 5015/139/1671 5059/139/1671
f 5065/139/1672 5025/139/1672 5062/139/1672
f 5067/139/1673 5024/139/1673 5064/139/1673
f 5066/139/1674 5030/139/1674 5023/139/1674
f 5068/139/1675 5074/139/1675 5031/139/1675
f 5029/139/1676 5071/139/1676 5037/139/1676
f 5046/139/1677 4968/139/1677 4961/139/1677
s 1
f 4953/139/1678 5047/139/1678 4962/139/1678
s 0
f 5080/139/1679 5049/139/1679 4956/139/1679
f 5076/139/1680 5056/139/1680 5048/139/1680
f 5077/139/1681 5085/139/1681 5057/139/1681
f 5087/139/1682 5052/139/1682 5083/139/1682
f 5089/139/1683 5092/139/1683 5054/139/1683
f 5093/139/1684 5053/139/1684 5091/139/1684
s 1
f 5095/139/1685 5061/139/1685 5055/139/1685
s 0
f 5063/139/1686 5060/139/1686 5094/139/1686
f 5079/139/1687 4955/139/1687 5096/139/1687
f 5098/139/1688 5106/139/1688 5081/139/1688
f 5104/139/1689 5086/139/1689 5078/139/1689
f 5103/139/1690 5108/139/1690 5082/139/1690
f 5110/139/1691 5088/139/1691 5084/139/1691
f 5112/139/1692 5115/139/1692 5090/139/1692
f 5121/139/1693 5114/139/1693 5111/139/1693
f 5120/139/1694 5124/139/1694 5113/139/1694
f 5125/139/1695 5123/139/1695 5119/139/1695
f 5131/139/1696 5101/139/1696 4957/139/1696
f 5129/139/1697 5136/139/1697 5100/139/1697
f 5099/139/1698 5134/139/1698 5143/139/1698
f 5097/139/1699 5142/139/1699 5105/139/1699
f 5139/139/1700 5107/139/1700 5102/139/1700
f 5140/139/1701 5116/139/1701 5109/139/1701
f 5145/139/1702 5117/139/1702 5141/139/1702
f 5146/139/1703 5152/139/1703 5118/139/1703
f 5127/139/1704 5122/139/1704 5156/139/1704
f 5160/139/1705 5126/139/1705 5155/139/1705
f 5161/139/1706 5163/139/1706 5128/139/1706
f 5132/139/1707 4958/139/1707 5166/139/1707
f 5135/139/1708 5151/139/1708 5144/139/1708
f 5133/139/1709 5168/139/1709 5150/139/1709
f 5175/139/1710 5149/139/1710 5167/139/1710
f 5183/139/1711 5148/139/1711 5172/139/1711
f 5147/139/1712 5180/139/1712 5153/139/1712
f 5182/139/1713 5158/139/1713 5154/139/1713
f 5186/139/1714 5157/139/1714 5181/139/1714
s 1
f 5187/139/1715 5192/139/1715 5159/139/1715
s 0
f 5165/139/1716 5162/139/1716 5195/139/1716
f 5164/139/1717 5194/139/1717 5198/139/1717
f 5201/139/1718 5169/139/1718 5138/139/1718
f 5202/139/1719 5205/139/1719 5171/139/1719
f 5179/139/1720 5170/139/1720 5204/139/1720
f 5178/139/1721 5203/139/1721 5207/139/1721
f 5210/139/1722 5177/139/1722 5206/139/1722
f 5209/139/1723 5216/139/1723 5176/139/1723
f 5191/139/1724 5174/139/1724 5212/139/1724
s 1
f 5189/139/1725 5184/139/1725 5173/139/1725
s 0
f 5130/139/1726 5200/139/1726 5137/139/1726
f 5214/139/1727 5208/139/1727 5217/139/1727
f 5215/139/1728 5218/139/1728 5223/139/1728
f 5231/139/1729 5213/139/1729 5221/139/1729
f 5229/139/1730 5190/139/1730 5211/139/1730
f 5185/139/1731 5228/139/1731 5233/139/1731
f 5188/139/1732 5234/139/1732 5193/139/1732
f 5237/139/1733 5199/139/1733 5196/139/1733
f 5236/139/1734 5240/139/1734 5197/139/1734
f 5241/139/1735 5224/139/1735 5219/139/1735
f 5242/139/1736 5248/139/1736 5225/139/1736
f 5222/139/1737 5244/139/1737 5254/139/1737
f 5220/139/1738 5253/139/1738 5230/139/1738
f 5227/139/1739 5250/139/1739 5257/139/1739
f 5226/139/1740 5256/139/1740 5232/139/1740
f 5261/139/1741 5239/139/1741 5235/139/1741
f 5259/139/1742 5263/139/1742 5238/139/1742
f 5270/139/1743 5264/139/1743 5260/139/1743
f 5268/139/1744 5271/139/1744 5262/139/1744
f 5276/139/1745 5249/139/1745 5243/139/1745
s 1
f 5275/139/1746 5282/139/1746 5247/139/1746
s 0
f 5246/139/1747 5278/139/1747 5288/139/1747
f 5245/139/1748 5286/139/1748 5255/139/1748
f 5252/139/1749 5283/139/1749 5266/139/1749
f 5251/139/1750 5265/139/1750 5258/139/1750
f 5289/139/1751 5280/139/1751 5274/139/1751
f 5290/139/1752 5295/139/1752 5281/139/1752
f 5279/139/1753 5292/139/1753 5303/139/1753
f 5277/139/1754 5302/139/1754 5287/139/1754
f 5285/139/1755 5299/139/1755 5307/139/1755
f 5284/139/1756 5305/139/1756 5267/139/1756
f 5308/139/1757 5272/139/1757 5269/139/1757
f 5309/139/1758 5311/139/1758 5273/139/1758
s 1
f 5316/139/1759 5312/139/1759 5310/139/1759
s 0
f 5317/139/1760 5318/139/1760 5313/139/1760
f 5319/139/1761 5296/139/1761 5291/139/1761
f 5320/139/1762 5322/139/1762 5297/139/1762
s 1
f 5294/139/1763 5321/139/1763 5325/139/1763
s 0
f 5293/139/1764 5324/139/1764 5304/139/1764
f 5301/139/1765 5323/139/1765 5327/139/1765
f 5300/139/1766 5326/139/1766 5315/139/1766
f 5298/139/1767 5314/139/1767 5306/139/1767
f 5069/139/1768 5329/139/1768 5075/139/1768
f 5328/139/1769 5334/139/1769 5073/139/1769
f 5342/139/1770 5072/139/1770 5332/139/1770
f 5340/139/1771 5036/139/1771 5070/139/1771
f 5032/139/1772 5338/139/1772 5041/139/1772
f 5348/139/1773 5042/139/1773 5339/139/1773
f 5040/139/1774 5347/139/1774 4548/139/1774
s 1
f 5039/139/1775 4546/139/1775 4589/139/1775
s 0
f 5330/139/1776 5349/139/1776 5335/139/1776
f 5351/139/1777 5358/139/1777 5336/139/1777
f 5333/139/1778 5353/139/1778 5363/139/1778
f 5331/139/1779 5362/139/1779 5341/139/1779
f 5343/139/1780 5337/139/1780 5360/139/1780
f 5361/139/1781 5368/139/1781 5345/139/1781
f 5344/139/1782 5367/139/1782 4552/139/1782
f 5346/139/1783 4554/139/1783 4547/139/1783
f 5350/139/1784 5373/139/1784 5357/139/1784
f 5379/139/1785 5356/139/1785 5372/139/1785
f 5355/139/1786 5377/139/1786 5383/139/1786
f 5352/139/1787 5380/139/1787 5388/139/1787
f 5354/139/1788 5390/139/1788 5364/139/1788
f 5359/139/1789 5384/139/1789 5365/139/1789
f 5385/139/1790 5392/139/1790 5366/139/1790
f 5370/139/1791 5394/139/1791 4562/139/1791
f 5369/139/1792 4558/139/1792 4553/139/1792
f 5378/139/1793 5371/139/1793 5398/139/1793
f 5397/139/1794 5402/139/1794 5375/139/1794
f 5376/139/1795 5403/139/1795 5411/139/1795
s 1
f 5374/139/1796 5410/139/1796 5382/139/1796
s 0
f 5408/139/1797 5389/139/1797 5381/139/1797
f 5407/139/1798 5416/139/1798 5387/139/1798
f 5386/139/1799 5414/139/1799 5393/139/1799
f 5413/139/1800 5419/139/1800 5391/139/1800
f 5396/139/1801 5422/139/1801 5428/139/1801
f 5395/139/1802 5426/139/1802 4563/139/1802
f 4519/139/1803 4560/139/1803 5423/139/1803
f 5399/139/1804 5429/139/1804 5404/139/1804
f 5432/139/1805 5434/139/1805 5435/139/1805
f 5437/139/1806 5433/139/1806 5430/139/1806
f 5439/139/1807 5431/139/1807 5442/139/1807
f 5441/139/1808 5445/139/1808 5438/139/1808
f 5443/139/1809 5448/139/1809 5436/139/1809
f 5446/139/1810 5456/139/1810 5450/139/1810
f 5463/139/1811 5453/139/1811 5458/139/1811
f 5462/139/1812 5467/139/1812 5451/139/1812
f 5452/139/1813 5468/139/1813 5474/139/1813
f 5449/139/1814 5472/139/1814 5476/139/1814
f 5440/139/1815 5478/139/1815 5444/139/1815
f 5480/139/1816 5457/139/1816 5447/139/1816
f 5482/139/1817 5454/139/1817 5479/139/1817
f 5483/139/1818 5461/139/1818 5455/139/1818
s 1
f 5481/139/1819 5485/139/1819 5459/139/1819
s 0
f 5497/139/1820 5464/139/1820 5490/139/1820
f 5460/139/1821 5492/139/1821 5465/139/1821
f 5504/139/1822 5469/139/1822 5495/139/1822
f 5500/139/1823 5471/139/1823 5466/139/1823
f 5505/139/1824 5470/139/1824 5498/139/1824
f 5477/139/1825 5473/139/1825 5508/139/1825
f 5506/139/1826 5509/139/1826 5475/139/1826
f 5507/139/1827 5512/139/1827 5510/139/1827
s 1
f 5511/139/1828 5513/139/1828 5514/139/1828
s 0
f 5484/139/1829 5517/139/1829 5491/139/1829
f 5523/139/1830 5488/139/1830 5516/139/1830
f 5527/139/1831 5487/139/1831 5520/139/1831
f 5524/139/1832 5531/139/1832 5486/139/1832
f 5494/139/1833 5489/139/1833 5532/139/1833
f 5496/139/1834 5533/139/1834 5541/139/1834
f 5502/139/1835 5493/139/1835 5539/139/1835
f 5499/139/1836 5538/139/1836 5545/139/1836
f 5503/139/1837 5547/139/1837 5552/139/1837
f 5555/139/1838 5501/139/1838 5550/139/1838
f 5518/139/1839 5515/139/1839 5557/139/1839
f 5522/139/1840 5558/139/1840 5561/139/1840
f 5521/139/1841 5560/139/1841 5567/139/1841
s 1
f 5564/139/1842 5526/139/1842 5519/139/1842
f 5563/139/1843 5570/139/1843 5525/139/1843
s 0
f 5573/139/1844 5528/139/1844 5571/139/1844
f 5574/139/1845 5577/139/1845 5529/139/1845
f 5578/139/1846 5534/139/1846 5530/139/1846
f 5583/139/1847 5566/139/1847 5559/139/1847
f 5582/139/1848 5587/139/1848 5565/139/1848
f 5585/139/1849 5568/139/1849 5562/139/1849
f 5586/139/1850 5590/139/1850 5569/139/1850
f 5591/139/1851 5575/139/1851 5572/139/1851
f 5592/139/1852 5596/139/1852 5576/139/1852
f 5600/139/1853 5597/139/1853 5594/139/1853
f 5601/139/1854 5595/139/1854 5606/139/1854
f 5612/139/1855 5599/139/1855 5605/139/1855
f 5615/139/1856 5598/139/1856 5611/139/1856
f 5616/139/1857 5584/139/1857 5580/139/1857
f 5604/139/1858 5589/139/1858 5621/139/1858
f 5603/139/1859 5593/139/1859 5588/139/1859
f 5618/139/1860 5581/139/1860 5622/139/1860
f 5624/139/1861 5628/139/1861 5619/139/1861
f 5607/139/1862 5617/139/1862 5625/139/1862
f 5609/139/1863 5602/139/1863 5620/139/1863
f 5623/139/1864 5632/139/1864 5627/139/1864
f 5630/139/1865 5633/139/1865 5636/139/1865
f 5629/139/1866 5635/139/1866 5640/139/1866
s 1
f 5648/139/1867 5631/139/1867 5641/139/1867
f 5644/139/1868 5608/139/1868 5626/139/1868
s 0
f 5614/139/1869 5610/139/1869 5647/139/1869
f 5649/139/1870 5613/139/1870 5645/139/1870
f 5657/139/1871 5651/139/1871 5646/139/1871
s 1
f 5655/139/1872 5658/139/1872 5650/139/1872
s 0
f 5663/139/1873 5659/139/1873 5656/139/1873
f 5667/139/1874 5639/139/1874 5634/139/1874
f 5666/139/1875 5673/139/1875 5638/139/1875
f 5672/139/1876 5643/139/1876 5637/139/1876
f 5670/139/1877 5653/139/1877 5642/139/1877
f 5674/139/1878 5652/139/1878 5668/139/1878
f 5662/139/1879 5654/139/1879 5679/139/1879
f 5684/139/1880 5661/139/1880 5678/139/1880
f 5660/139/1881 5680/139/1881 5686/139/1881
f 5688/139/1882 5687/139/1882 5681/139/1882
f 5690/139/1883 5685/139/1883 5694/139/1883
f 5692/139/1884 5697/139/1884 5689/139/1884
f 5702/139/1885 5671/139/1885 5665/139/1885
f 5675/139/1886 5669/139/1886 5700/139/1886
f 5711/139/1887 5677/139/1887 5705/139/1887
f 5683/139/1888 5676/139/1888 5709/139/1888
f 5693/139/1889 5682/139/1889 5707/139/1889
f 5691/139/1890 5706/139/1890 5712/139/1890
f 5718/139/1891 5695/139/1891 5715/139/1891
f 5696/139/1892 5720/139/1892 5698/139/1892
f 5722/139/1893 5725/139/1893 5699/139/1893
f 5723/139/1894 5721/139/1894 5730/139/1894
s 1
f 5724/139/1895 5731/139/1895 5734/139/1895
s 0
f 5701/139/1896 5664/139/1896 5735/139/1896
f 5744/139/1897 5704/139/1897 5737/139/1897
f 5710/139/1898 5703/139/1898 5742/139/1898
f 5714/139/1899 5708/139/1899 5739/139/1899
f 5713/139/1900 5738/139/1900 5745/139/1900
s 1
f 5727/139/1901 5716/139/1901 5748/139/1901
s 0
f 5719/139/1902 5717/139/1902 5728/139/1902
f 5743/139/1903 5736/139/1903 5751/139/1903
f 5741/139/1904 5750/139/1904 5754/139/1904
f 5740/139/1905 5753/139/1905 5746/139/1905
f 5760/139/1906 5749/139/1906 5755/139/1906
f 5726/139/1907 5747/139/1907 5759/139/1907
f 5733/139/1908 5729/139/1908 5761/139/1908
f 5732/139/1909 5757/139/1909 5762/139/1909
f 5765/139/1910 5763/139/1910 5758/139/1910
f 5756/139/1911 5752/139/1911 5764/139/1911
f 5579/139/1912 5766/139/1912 5535/139/1912
f 5776/139/1913 5537/139/1913 5768/139/1913
f 5773/139/1914 5544/139/1914 5536/139/1914
f 5543/139/1915 5772/139/1915 5780/139/1915
f 5540/139/1916 5778/139/1916 5784/139/1916
f 5548/139/1917 5542/139/1917 5787/139/1917
f 5783/139/1918 5549/139/1918 5546/139/1918
f 5767/139/1919 5790/139/1919 5775/139/1919
f 5797/139/1920 5771/139/1920 5789/139/1920
f 5770/139/1921 5795/139/1921 5801/139/1921
f 5774/139/1922 5804/139/1922 5781/139/1922
f 5800/139/1923 5805/139/1923 5777/139/1923
f 5785/139/1924 5779/139/1924 5808/139/1924
f 5812/139/1925 5782/139/1925 5806/139/1925
f 5792/139/1926 5769/139/1926 5816/139/1926
f 5820/139/1927 5791/139/1927 5814/139/1927
s 1
f 5788/139/1928 5817/139/1928 5796/139/1928
s 0
f 5799/139/1929 5818/139/1929 5826/139/1929
f 5831/139/1930 5793/139/1930 5825/139/1930
f 5832/139/1931 5833/139/1931 5794/139/1931
f 5834/139/1932 5802/139/1932 5798/139/1932
f 5821/139/1933 5815/139/1933 5835/139/1933
f 5839/139/1934 5822/139/1934 5836/139/1934
f 5837/139/1935 5827/139/1935 5819/139/1935
f 5840/139/1936 5828/139/1936 5838/139/1936
f 5842/139/1937 5846/139/1937 5829/139/1937
f 5849/139/1938 5824/139/1938 5843/139/1938
f 5830/139/1939 5823/139/1939 5848/139/1939
f 5845/139/1940 5841/139/1940 5854/139/1940
f 5850/139/1941 5844/139/1941 5852/139/1941
f 5847/139/1942 5851/139/1942 5855/139/1942
f 5856/139/1943 5853/139/1943 5857/139/1943
f 5803/139/1944 5860/139/1944 5809/139/1944
s 1
f 5807/139/1945 5859/139/1945 5813/139/1945
s 0
f 5861/139/1946 5810/139/1946 5858/139/1946
f 5862/139/1947 5864/139/1947 5811/139/1947
f 5866/139/1948 5865/139/1948 5863/139/1948
f 5870/139/1949 5553/139/1949 5786/139/1949
f 5556/139/1950 5551/139/1950 5869/139/1950
s 1
f 5867/139/1951 5871/139/1951 5554/139/1951
s 0
f 5868/139/1952 5874/139/1952 5872/139/1952
f 5876/139/1953 5873/139/1953 5875/139/1953
f 5878/139/1954 5881/139/1954 5883/139/1954
f 5879/139/1955 5891/139/1955 5882/139/1955
f 5889/139/1956 5896/139/1956 5880/139/1956
f 5890/139/1957 5902/139/1957 5897/139/1957
f 5895/139/1958 5901/139/1958 5905/139/1958
f 5892/139/1959 5903/139/1959 5907/139/1959
f 5917/139/1960 5894/139/1960 5908/139/1960
f 5916/139/1961 5920/139/1961 5893/139/1961
f 5925/139/1962 5888/139/1962 5877/139/1962
f 5923/139/1963 5928/139/1963 5886/139/1963
f 5929/139/1964 5935/139/1964 5887/139/1964
f 5885/139/1965 5932/139/1965 5941/139/1965
f 5884/139/1966 5938/139/1966 5898/139/1966
f 5899/139/1967 5940/139/1967 5945/139/1967
f 5900/139/1968 5946/139/1968 5904/139/1968
f 5911/139/1969 5906/139/1969 5950/139/1969
f 5910/139/1970 5949/139/1970 5955/139/1970
f 5919/139/1971 5909/139/1971 5953/139/1971
f 5930/139/1972 5924/139/1972 5957/139/1972
f 5926/139/1973 5956/139/1973 5958/139/1973
f 5959/139/1974 4434/139/1974 5927/139/1974
f 5936/139/1975 5931/139/1975 4435/139/1975
f 5937/139/1976 4436/139/1976 4474/139/1976
f 5933/139/1977 4471/139/1977 5964/139/1977
f 5934/139/1978 5966/139/1978 5942/139/1978
f 5962/139/1979 5944/139/1979 5939/139/1979
f 5960/139/1980 5967/139/1980 5943/139/1980
f 5977/139/1981 5947/139/1981 5970/139/1981
f 5979/139/1982 5954/139/1982 5948/139/1982
f 5982/139/1983 5952/139/1983 5976/139/1983
f 5912/139/1984 5951/139/1984 5980/139/1984
f 4472/139/1985 4467/139/1985 5965/139/1985
f 5963/139/1986 4465/139/1986 5989/139/1986
f 5961/139/1987 5986/139/1987 5968/139/1987
f 5969/139/1988 5987/139/1988 5424/139/1988
s 1
f 5972/139/1989 5427/139/1989 5421/139/1989
s 0
f 5978/139/1990 5971/139/1990 5420/139/1990
f 5973/139/1991 5417/139/1991 5992/139/1991
f 5999/139/1992 5975/139/1992 5994/139/1992
f 5981/139/1993 5974/139/1993 5998/139/1993
f 4460/139/1994 5990/139/1994 4466/139/1994
f 4461/139/1995 4521/139/1995 5991/139/1995
f 4520/139/1996 5425/139/1996 5988/139/1996
f 5412/139/1997 5993/139/1997 5418/139/1997
f 5997/139/1998 5415/139/1998 5406/139/1998
f 5996/139/1999 5405/139/1999 6004/139/1999
f 6000/139/2000 5995/139/2000 6003/139/2000
f 6010/139/2001 6002/139/2001 6005/139/2001
f 5985/139/2002 6001/139/2002 6009/139/2002
f 5984/139/2003 6008/139/2003 6016/139/2003
f 6014/139/2004 5914/139/2004 5983/139/2004
s 1
f 6006/139/2005 5409/139/2005 5400/139/2005
s 0
f 6007/139/2006 5401/139/2006 6011/139/2006
f 6020/139/2007 6018/139/2007 6012/139/2007
f 6017/139/2008 6019/139/2008 6022/139/2008
f 6015/139/2009 6021/139/2009 6024/139/2009
f 6023/139/2010 5913/139/2010 6013/139/2010
f 6025/139/2011 6026/139/2011 5915/139/2011
f 6028/139/2012 5922/139/2012 5918/139/2012
f 6027/139/2013 6029/139/2013 5921/139/2013
f 6033/139/2014 6036/139/2014 6037/139/2014
f 6032/139/2015 6043/139/2015 6035/139/2015
f 6042/139/2016 6046/139/2016 6034/139/2016
f 6038/139/2017 6047/139/2017 6044/139/2017
f 6048/139/2018 6054/139/2018 6045/139/2018
f 6049/139/2019 6057/139/2019 6055/139/2019
f 6056/139/2020 6061/139/2020 6053/139/2020
s 1
f 6066/139/2021 6041/139/2021 6030/139/2021
s 0
f 6071/139/2022 6039/139/2022 6065/139/2022
f 6072/139/2023 6050/139/2023 6040/139/2023
f 6077/139/2024 6051/139/2024 6073/139/2024
f 6078/139/2025 6059/139/2025 6052/139/2025
f 6079/139/2026 6086/139/2026 6060/139/2026
f 6058/139/2027 6084/139/2027 6063/139/2027
f 6091/139/2028 6064/139/2028 6085/139/2028
f 6089/139/2029 6097/139/2029 6062/139/2029
f 6067/139/2030 6031/139/2030 6099/139/2030
f 6101/139/2031 6069/139/2031 6100/139/2031
f 6102/139/2032 6106/139/2032 6070/139/2032
f 6068/139/2033 6104/139/2033 6075/139/2033
f 6076/139/2034 6105/139/2034 6111/139/2034
f 6074/139/2035 6110/139/2035 6082/139/2035
f 6115/139/2036 6080/139/2036 6109/139/2036
f 6120/139/2037 6125/139/2037 6083/139/2037
f 6081/139/2038 6121/139/2038 6087/139/2038
f 6092/139/2039 6088/139/2039 6122/139/2039
f 6128/139/2040 6108/139/2040 6103/139/2040
f 6127/139/2041 6114/139/2041 6107/139/2041
f 6132/139/2042 6113/139/2042 6126/139/2042
f 6130/139/2043 6117/139/2043 6112/139/2043
f 6133/139/2044 6116/139/2044 6129/139/2044
f 6146/139/2045 6118/139/2045 6136/139/2045
f 6119/139/2046 6147/139/2046 6124/139/2046
s 1
f 6095/139/2047 6123/139/2047 6144/139/2047
s 0
f 6149/139/2048 6094/139/2048 6141/139/2048
f 6148/139/2049 6158/139/2049 6093/139/2049
f 6156/139/2050 6098/139/2050 6090/139/2050
f 6154/139/2051 6160/139/2051 6096/139/2051
f 6134/139/2052 6131/139/2052 6163/139/2052
f 6167/139/2053 6138/139/2053 6164/139/2053
f 6168/139/2054 6173/139/2054 6139/139/2054
f 6172/139/2055 6178/139/2055 6137/139/2055
f 6177/139/2056 6145/139/2056 6135/139/2056
f 6176/139/2057 6184/139/2057 6140/139/2057
f 6185/139/2058 6188/139/2058 6142/139/2058
f 6189/139/2059 6151/139/2059 6143/139/2059
f 6194/139/2060 6152/139/2060 6190/139/2060
f 6195/139/2061 6201/139/2061 6153/139/2061
s 1
f 6200/139/2062 6159/139/2062 6150/139/2062
s 0
f 6207/139/2063 6169/139/2063 6166/139/2063
s 1
f 6213/139/2064 6170/139/2064 6208/139/2064
s 0
f 6214/139/2065 6175/139/2065 6171/139/2065
f 6182/139/2066 6174/139/2066 6212/139/2066
f 6216/139/2067 6179/139/2067 6211/139/2067
s 1
f 6218/139/2068 6180/139/2068 6217/139/2068
s 0
f 6220/139/2069 6222/139/2069 6181/139/2069
f 6183/139/2070 6224/139/2070 6186/139/2070
f 6225/139/2071 6193/139/2071 6187/139/2071
f 6206/139/2072 6165/139/2072 6229/139/2072
f 6230/139/2073 6203/139/2073 6227/139/2073
f 6235/139/2074 6205/139/2074 6231/139/2074
f 6234/139/2075 6210/139/2075 6204/139/2075
f 6215/139/2076 6209/139/2076 6233/139/2076
s 1
f 6232/139/2077 6228/139/2077 6236/139/2077
s 0
f 6237/139/2078 6221/139/2078 6219/139/2078
f 6238/139/2079 6243/139/2079 6226/139/2079
f 6223/139/2080 6240/139/2080 6191/139/2080
f 6241/139/2081 6246/139/2081 6192/139/2081
f 6197/139/2082 6248/139/2082 6252/139/2082
f 6196/139/2083 6251/139/2083 6202/139/2083
f 6250/139/2084 6258/139/2084 6199/139/2084
f 6198/139/2085 6256/139/2085 6157/139/2085
f 6259/139/2086 6244/139/2086 6239/139/2086
f 6260/139/2087 6262/139/2087 6245/139/2087
s 1
f 6242/139/2088 6261/139/2088 6247/139/2088
s 0
f 6254/139/2089 6162/139/2089 6155/139/2089
f 6253/139/2090 6263/139/2090 6161/139/2090
f 6267/139/2091 6265/139/2091 6255/139/2091
f 6266/139/2092 6269/139/2092 6264/139/2092
f 6249/139/2093 6268/139/2093 6257/139/2093
f 6271/139/2094 6274/139/2094 6277/139/2094
f 6270/139/2095 6276/139/2095 6280/139/2095
f 6289/139/2096 6273/139/2096 6282/139/2096
f 6287/139/2097 6291/139/2097 6272/139/2097
f 6292/139/2098 6290/139/2098 6283/139/2098
f 6293/139/2099 6285/139/2099 6295/139/2099
f 6294/139/2100 6284/139/2100 6298/139/2100
f 6296/139/2101 6299/139/2101 6305/139/2101
f 6307/139/2102 6279/139/2102 6275/139/2102
s 1
f 6306/139/2103 6309/139/2103 6278/139/2103
s 0
f 6288/139/2104 6281/139/2104 6313/139/2104
f 6286/139/2105 6312/139/2105 6300/139/2105
f 6320/139/2106 6302/139/2106 6314/139/2106
f 6301/139/2107 6319/139/2107 6326/139/2107
f 6303/139/2108 6297/139/2108 6322/139/2108
f 6304/139/2109 6323/139/2109 6329/139/2109
f 6328/139/2110 6321/139/2110 6333/139/2110
f 6327/139/2111 6332/139/2111 6338/139/2111
f 6341/139/2112 6310/139/2112 6308/139/2112
f 6342/139/2113 6316/139/2113 6311/139/2113
f 6345/139/2114 6315/139/2114 6340/139/2114
s 1
f 6353/139/2115 6318/139/2115 6347/139/2115
s 0
f 6350/139/2116 6324/139/2116 6317/139/2116
f 6351/139/2117 6335/139/2117 6325/139/2117
f 6348/139/2118 6360/139/2118 6334/139/2118
f 6358/139/2119 6367/139/2119 6331/139/2119
f 6366/139/2120 6337/139/2120 6330/139/2120
f 6364/139/2121 6370/139/2121 6336/139/2121
f 6368/139/2122 6363/139/2122 6371/139/2122
f 6369/139/2123 6372/139/2123 6377/139/2123
s 1
f 6343/139/2124 6339/139/2124 6380/139/2124
s 0
f 6385/139/2125 6344/139/2125 6382/139/2125
f 6352/139/2126 6346/139/2126 6386/139/2126
f 6391/139/2127 6354/139/2127 6388/139/2127
f 6395/139/2128 6356/139/2128 6392/139/2128
f 6394/139/2129 6400/139/2129 6355/139/2129
f 6349/139/2130 6398/139/2130 6361/139/2130
f 6362/139/2131 6399/139/2131 6404/139/2131
f 6375/139/2132 6359/139/2132 6402/139/2132
f 6374/139/2133 6365/139/2133 6357/139/2133
s 1
f 6383/139/2134 6381/139/2134 6410/139/2134
s 0
f 6414/139/2135 6384/139/2135 6411/139/2135
f 6390/139/2136 6387/139/2136 6415/139/2136
f 6412/139/2137 6416/139/2137 6389/139/2137
f 6389/139/2137 6416/139/2137 6417/139/2137
f 6389/139/2137 6417/139/2137 6393/139/2137
f 6393/139/2137 6417/139/2137 6418/139/2137
f 6393/139/2137 6418/139/2137 6419/139/2137
f 6408/139/2138 6397/139/2138 6421/139/2138
f 6407/139/2139 6401/139/2139 6396/139/2139
f 6413/139/2140 6409/139/2140 6423/139/2140
f 6424/139/2137 6412/139/2137 6422/139/2137
f 6424/139/2137 6425/139/2137 6412/139/2137
f 6412/139/2137 6425/139/2137 6426/139/2137
f 6412/139/2137 6426/139/2137 6416/139/2137
f 6419/139/2137 6418/139/2137 6427/139/2137
f 6419/139/2137 6427/139/2137 6428/139/2137
f 6419/139/2137 6428/139/2137 6429/139/2137
f 6419/139/2137 6429/139/2137 6431/139/2137
f 6434/139/2141 6405/139/2141 6420/139/2141
f 6435/139/2142 6440/139/2142 6406/139/2142
f 6439/139/2143 6376/139/2143 6403/139/2143
f 6379/139/2144 6373/139/2144 6437/139/2144
f 6378/139/2145 6436/139/2145 6441/139/2145
f 6443/139/2146 6433/139/2146 6430/139/2146
f 6442/139/2147 6438/139/2147 6432/139/2147
f 6445/139/2148 6448/139/2148 6451/139/2148
f 6444/139/2149 6450/139/2149 6453/139/2149
f 6459/139/2150 6446/139/2150 6457/139/2150
f 6460/139/2151 6464/139/2151 6447/139/2151
f 6466/139/2152 6465/139/2152 6462/139/2152
f 6467/139/2153 6463/139/2153 6471/139/2153
f 6476/139/2154 6468/139/2154 6473/139/2154
f 6452/139/2155 6449/139/2155 6477/139/2155
f 6454/139/2156 6478/139/2156 6480/139/2156
f 6487/139/2157 6456/139/2157 6483/139/2157
f 6486/139/2158 6458/139/2158 6455/139/2158
f 6461/139/2159 6490/139/2159 6469/139/2159
f 6491/139/2160 6494/139/2160 6470/139/2160
f 6475/139/2161 6472/139/2161 6497/139/2161
f 6501/139/2162 6474/139/2162 6496/139/2162
f 6499/139/2163 6495/139/2163 6504/139/2163
f 6508/139/2164 6498/139/2164 6503/139/2164
f 6509/139/2165 6515/139/2165 6500/139/2165
f 6481/139/2166 6479/139/2166 6518/139/2166
f 6482/139/2167 6519/139/2167 6521/139/2167
s 1
f 6526/139/2168 6485/139/2168 6523/139/2168
s 0
f 6525/139/2169 6488/139/2169 6484/139/2169
s 1
f 6489/139/2170 6530/139/2170 6493/139/2170
s 0
f 6502/139/2171 6492/139/2171 6528/139/2171
f 6507/139/2172 6531/139/2172 6536/139/2172
f 6506/139/2173 6535/139/2173 6544/139/2173
f 6543/139/2174 6511/139/2174 6505/139/2174
f 6520/139/2175 6517/139/2175 6545/139/2175
f 6522/139/2176 6547/139/2176 6549/139/2176
f 6527/139/2177 6524/139/2177 6551/139/2177
f 6529/139/2178 6552/139/2178 6532/139/2178
f 6557/139/2179 6533/139/2179 6553/139/2179
s 1
f 6560/139/2180 6541/139/2180 6534/139/2180
s 0
f 6562/139/2181 6538/139/2181 6559/139/2181
f 6570/139/2182 6540/139/2182 6564/139/2182
f 6578/139/2183 6539/139/2183 6569/139/2183
f 6581/139/2184 6537/139/2184 6577/139/2184
f 6582/139/2185 6510/139/2185 6542/139/2185
s 1
f 6556/139/2186 6550/139/2186 6548/139/2186
s 0
f 6554/139/2187 6546/139/2187 6585/139/2187
f 6589/139/2188 6555/139/2188 6586/139/2188
f 6561/139/2189 6558/139/2189 6591/139/2189
f 6595/139/2190 6563/139/2190 6592/139/2190
f 6602/139/2191 6566/139/2191 6596/139/2191
f 6601/139/2192 6571/139/2192 6565/139/2192
f 6610/139/2193 6568/139/2193 6600/139/2193
f 6576/139/2194 6567/139/2194 6609/139/2194
f 6587/139/2195 6584/139/2195 6611/139/2195
f 6615/139/2196 6588/139/2196 6613/139/2196
s 1
f 6593/139/2197 6590/139/2197 6617/139/2197
s 0
f 6621/139/2198 6594/139/2198 6619/139/2198
f 6603/139/2199 6597/139/2199 6622/139/2199
f 6604/139/2200 6623/139/2200 6626/139/2200
f 6631/139/2201 6599/139/2201 6624/139/2201
f 6608/139/2202 6598/139/2202 6630/139/2202
s 1
f 6633/139/2203 6605/139/2203 6627/139/2203
s 0
f 6635/139/2204 6637/139/2204 6606/139/2204
f 6638/139/2205 6574/139/2205 6607/139/2205
f 6614/139/2206 6612/139/2206 6639/139/2206
f 6643/139/2207 6616/139/2207 6641/139/2207
f 6620/139/2208 6618/139/2208 6644/139/2208
f 6642/139/2209 6640/139/2209 6645/139/2209
f 6636/139/2210 6648/139/2210 6573/139/2210
f 6647/139/2211 6651/139/2211 6572/139/2211
f 6575/139/2212 6652/139/2212 6579/139/2212
f 6654/139/2213 6657/139/2213 6580/139/2213
f 6658/139/2214 6512/139/2214 6583/139/2214
f 6663/139/2215 6514/139/2215 6659/139/2215
f 6662/139/2216 6516/139/2216 6513/139/2216
f 6646/139/2217 6664/139/2217 6649/139/2217
f 6665/139/2218 6668/139/2218 6650/139/2218
f 6653/139/2219 6672/139/2219 6656/139/2219
f 6671/139/2220 6661/139/2220 6655/139/2220
f 6670/139/2221 6675/139/2221 6660/139/2221
f 6676/139/2222 6673/139/2222 6667/139/2222
f 6678/139/2223 6679/139/2223 6674/139/2223
f 6666/139/2224 6677/139/2224 6669/139/2224
f 6680/139/2225 6634/139/2225 6628/139/2225
f 6681/139/2226 6629/139/2226 6682/139/2226
f 6632/139/2227 6625/139/2227 6683/139/2227
f 6685/139/2228 6690/139/2228 6691/139/2228
f 6684/139/2229 6694/139/2229 6689/139/2229
f 6698/139/2230 6688/139/2230 6693/139/2230
f 6697/139/2231 6692/139/2231 6700/139/2231
f 6708/139/2232 6699/139/2232 6701/139/2232
s 1
f 6709/139/2233 6702/139/2233 6711/139/2233
f 6718/139/2234 6707/139/2234 6710/139/2234
s 0
f 6716/139/2235 6721/139/2235 6706/139/2235
f 6730/139/2236 6696/139/2236 6687/139/2236
f 6729/139/2237 6704/139/2237 6695/139/2237
f 6727/139/2238 6734/139/2238 6703/139/2238
f 6715/139/2239 6705/139/2239 6736/139/2239
f 6735/139/2240 6742/139/2240 6714/139/2240
f 6745/139/2241 6712/139/2241 6740/139/2241
f 6748/139/2242 6720/139/2242 6713/139/2242
f 6747/139/2243 6755/139/2243 6719/139/2243
f 6754/139/2244 6723/139/2244 6717/139/2244
f 6752/139/2245 6759/139/2245 6722/139/2245
f 6728/139/2246 6686/139/2246 6762/139/2246
f 6763/139/2247 6724/139/2247 6761/139/2247
f 6764/139/2248 6766/139/2248 6726/139/2248
f 6765/139/2249 6732/139/2249 6725/139/2249
s 1
f 6767/139/2250 6770/139/2250 6733/139/2250
f 6768/139/2251 6738/139/2251 6731/139/2251
s 0
f 6769/139/2252 6773/139/2252 6739/139/2252
f 6772/139/2253 6777/139/2253 6737/139/2253
f 6746/139/2254 6741/139/2254 6779/139/2254
f 6743/139/2255 6778/139/2255 6783/139/2255
f 6744/139/2256 6784/139/2256 6786/139/2256
f 6791/139/2257 6750/139/2257 6788/139/2257
f 6792/139/2258 6798/139/2258 6751/139/2258
f 6797/139/2259 6757/139/2259 6749/139/2259
f 6771/139/2260 6801/139/2260 6776/139/2260
f 6805/139/2261 6774/139/2261 6800/139/2261
f 6781/139/2262 6775/139/2262 6806/139/2262
f 6810/139/2263 6780/139/2263 6804/139/2263
f 6811/139/2264 6813/139/2264 6782/139/2264
f 6785/139/2265 6815/139/2265 6787/139/2265
s 1
f 6818/139/2266 6793/139/2266 6789/139/2266
s 0
f 6819/139/2267 6822/139/2267 6794/139/2267
f 6790/139/2137 6820/139/2137 6823/139/2137
f 6790/139/2137 6823/139/2137 6824/139/2137
f 6795/139/2137 6790/139/2137 6824/139/2137
f 6803/139/2268 6799/139/2268 6827/139/2268
f 6825/139/2269 6807/139/2269 6802/139/2269
f 6826/139/2270 6828/139/2270 6808/139/2270
f 6830/139/2271 6832/139/2271 6809/139/2271
f 6834/139/2272 6814/139/2272 6812/139/2272
s 1
f 6840/139/2273 6817/139/2273 6835/139/2273
s 0
f 6839/139/2274 6821/139/2274 6816/139/2274
f 6820/139/2137 6836/139/2137 6841/139/2137
f 6820/139/2137 6841/139/2137 6843/139/2137
f 6820/139/2137 6843/139/2137 6844/139/2137
f 6820/139/2137 6844/139/2137 6823/139/2137
f 6829/139/2275 6845/139/2275 6831/139/2275
f 6846/139/2276 6837/139/2276 6833/139/2276
f 6847/139/2277 6842/139/2277 6838/139/2277
f 6795/139/2137 6824/139/2137 6848/139/2137
f 6849/139/2137 6795/139/2137 6848/139/2137
f 6796/139/2278 6852/139/2278 6756/139/2278
f 6851/139/2279 6760/139/2279 6753/139/2279
f 6850/139/2280 6854/139/2280 6758/139/2280
f 6855/139/2137 6853/139/2137 6849/139/2137
f 6855/139/2137 6849/139/2137 6856/139/2137
f 6849/139/2137 6857/139/2137 6856/139/2137
f 6849/139/2137 6848/139/2137 6857/139/2137
f 6862/139/2281 6866/139/2281 6869/139/2281
f 6860/139/2282 6874/139/2282 6863/139/2282
f 6864/139/2283 6875/139/2283 6877/139/2283
f 6865/139/2284 6878/139/2284 6881/139/2284
f 6880/139/2285 6885/139/2285 6882/139/2285
f 6879/139/2286 6890/139/2286 6884/139/2286
f 6883/139/2287 6889/139/2287 6893/139/2287
f 6861/139/2288 6868/139/2288 6897/139/2288
f 6859/139/2289 6894/139/2289 6900/139/2289
f 6859/139/2289 6900/139/2289 6907/139/2289
f 6903/139/2290 6871/139/2290 6858/139/2290
f 6903/139/2290 6908/139/2290 6871/139/2290
f 6872/139/2291 6909/139/2291 6886/139/2291
f 6873/139/2292 6888/139/2292 6876/139/2292
f 6898/139/2293 6870/139/2293 6917/139/2293
f 6896/139/2294 6915/139/2294 6920/139/2294
f 6895/139/2295 6919/139/2295 6901/139/2295
f 6902/139/2296 6923/139/2296 6928/139/2296
f 6904/139/2297 6899/139/2297 6926/139/2297
f 6905/139/2298 6927/139/2298 6932/139/2298
f 6906/139/2299 6933/139/2299 6910/139/2299
f 6912/139/2300 6934/139/2300 6892/139/2300
s 1
f 6911/139/2301 6891/139/2301 6887/139/2301
s 0
f 6937/139/2302 6914/139/2302 6867/139/2302
f 6913/139/2303 6936/139/2303 6941/139/2303
f 6924/139/2304 6916/139/2304 6943/139/2304
f 6948/139/2305 6922/139/2305 6942/139/2305
f 6946/139/2306 6954/139/2306 6921/139/2306
f 6958/139/2307 6918/139/2307 6952/139/2307
f 6931/139/2308 6925/139/2308 6961/139/2308
f 6929/139/2309 6960/139/2309 6963/139/2309
f 6930/139/2310 6964/139/2310 6966/139/2310
f 6940/139/2311 6935/139/2311 6972/139/2311
f 6938/139/2312 6970/139/2312 6974/139/2312
f 6976/139/2313 6944/139/2313 6939/139/2313
f 6978/139/2314 6982/139/2314 6945/139/2314
f 6949/139/2315 6985/139/2315 6994/139/2315
f 6947/139/2316 6990/139/2316 6955/139/2316
f 6997/139/2317 6951/139/2317 6986/139/2317
f 7006/139/2318 6956/139/2318 7000/139/2318
f 7009/139/2319 6950/139/2319 7003/139/2319
f 6959/139/2320 6953/139/2320 7010/139/2320
f 6962/139/2290 6957/139/2290 7007/139/2290
f 7011/139/2321 6977/139/2321 6971/139/2321
f 7012/139/2322 7017/139/2322 6979/139/2322
s 1
f 7015/139/2323 7021/139/2323 6973/139/2323
f 6975/139/2324 7023/139/2324 6980/139/2324
s 0
f 6981/139/2325 7024/139/2325 7028/139/2325
f 7033/139/2326 7036/139/2326 6983/139/2326
f 6992/139/2327 6984/139/2327 7038/139/2327
f 7044/139/2328 7019/139/2328 7013/139/2328
f 7045/139/2329 7053/139/2329 7020/139/2329
f 7052/139/2330 7059/139/2330 7018/139/2330
f 7016/139/2331 7057/139/2331 7027/139/2331
f 7056/139/2332 7061/139/2332 7022/139/2332
s 1
f 7062/139/2333 7065/139/2333 7026/139/2333
s 0
f 7025/139/2334 7064/139/2334 7031/139/2334
f 7068/139/2335 7047/139/2335 7014/139/2335
f 7073/139/2336 7046/139/2336 7066/139/2336
f 7080/139/2337 7043/139/2337 7072/139/2337
f 7079/139/2338 7051/139/2338 7042/139/2338
f 7087/139/2339 7049/139/2339 7077/139/2339
f 7086/139/2340 7091/139/2340 7048/139/2340
f 7050/139/2341 7092/139/2341 7058/139/2341
f 7088/139/2342 7093/139/2342 7054/139/2342
f 7055/139/2343 7095/139/2343 7060/139/2343
f 7074/139/2344 7067/139/2344 7097/139/2344
f 7099/139/2345 7071/139/2345 7096/139/2345
f 7098/139/2346 7105/139/2346 7070/139/2346
f 7103/139/2347 7075/139/2347 7069/139/2347
s 1
f 7106/139/2348 7112/139/2348 7078/139/2348
s 0
f 7110/139/2349 7084/139/2349 7076/139/2349
f 7111/139/2350 7118/139/2350 7085/139/2350
f 7116/139/2351 7120/139/2351 7083/139/2351
f 7082/139/2352 7119/139/2352 7124/139/2352
f 7081/139/2353 7122/139/2353 7089/139/2353
f 7090/139/2354 7123/139/2354 7094/139/2354
f 7101/139/2355 7130/139/2355 7107/139/2355
f 7102/139/2356 7125/139/2356 7131/139/2356
f 7104/139/2357 7135/139/2357 7108/139/2357
f 7115/139/2358 7109/139/2358 7136/139/2358
f 7138/139/2359 7113/139/2359 7133/139/2359
f 7140/139/2360 7144/139/2360 7114/139/2360
f 7117/139/2361 7146/139/2361 7121/139/2361
f 7100/139/2362 7148/139/2362 7129/139/2362
f 7149/139/2363 7127/139/2363 7147/139/2363
f 7150/139/2364 7154/139/2364 7128/139/2364
f 7153/139/2365 7132/139/2365 7126/139/2365
s 1
f 7157/139/2366 7164/139/2366 7137/139/2366
s 0
f 7159/139/2367 7139/139/2367 7134/139/2367
f 7168/139/2368 7143/139/2368 7163/139/2368
f 7167/139/2369 7171/139/2369 7142/139/2369
f 7141/139/2370 7170/139/2370 7145/139/2370
f 7152/139/2371 7177/139/2371 7158/139/2371
f 7183/139/2372 7156/139/2372 7175/139/2372
s 1
f 7182/139/2373 7162/139/2373 7155/139/2373
s 0
f 7187/139/2374 7160/139/2374 7180/139/2374
f 7189/139/2375 7166/139/2375 7161/139/2375
f 7186/139/2376 7191/139/2376 7165/139/2376
f 7169/139/2377 7193/139/2377 7172/139/2377
f 7151/139/2378 7196/139/2378 7176/139/2378
f 7195/139/2379 7200/139/2379 7174/139/2379
f 7198/139/2380 7181/139/2380 7173/139/2380
s 1
f 7197/139/2381 7207/139/2381 7179/139/2381
s 0
f 7204/139/2382 7184/139/2382 7178/139/2382
f 7208/139/2383 7215/139/2383 7190/139/2383
f 7212/139/2384 7219/139/2384 7185/139/2384
f 7188/139/2385 7220/139/2385 7192/139/2385
f 7194/139/2386 7221/139/2386 7199/139/2386
f 7222/139/2387 7223/139/2387 7202/139/2387
f 7225/139/2388 7231/139/2388 7203/139/2388
f 7227/139/2389 7209/139/2389 7201/139/2389
f 7229/139/2390 7234/139/2390 7210/139/2390
f 7233/139/2391 7238/139/2391 7205/139/2391
f 7239/139/2392 7213/139/2392 7206/139/2392
f 7240/139/2393 7247/139/2393 7217/139/2393
f 7244/139/2394 7251/139/2394 7214/139/2394
f 7216/139/2395 7253/139/2395 7255/139/2395
f 7211/139/2396 7254/139/2396 7218/139/2396
f 7224/139/2397 7257/139/2397 7228/139/2397
f 7226/139/2398 7256/139/2398 7258/139/2398
f 7230/139/2399 7259/139/2399 7260/139/2399
f 7261/139/2400 7235/139/2400 7232/139/2400
f 7262/139/2401 7265/139/2401 7237/139/2401
f 7264/139/2402 7243/139/2402 7236/139/2402
f 7263/139/2403 7266/139/2403 7241/139/2403
f 7267/139/2404 7249/139/2404 7242/139/2404
f 7268/139/2405 7270/139/2405 7250/139/2405
f 7272/139/2406 7248/139/2406 7269/139/2406
f 7271/139/2407 7274/139/2407 7246/139/2407
f 7245/139/2408 7273/139/2408 7252/139/2408
s 1
f 7277/139/2409 7030/139/2409 7063/139/2409
s 0
f 7275/139/2410 7278/139/2410 7029/139/2410
f 7032/139/2411 7282/139/2411 7035/139/2411
f 7286/139/2412 7034/139/2412 7281/139/2412
f 7040/139/2413 7289/139/2413 7291/139/2413
f 7041/139/2414 7294/139/2414 7299/139/2414
f 7298/139/2415 7305/139/2415 7037/139/2415
f 6993/139/2416 7039/139/2416 7306/139/2416
f 7308/139/2417 7280/139/2417 7276/139/2417
f 7307/139/2418 7283/139/2418 7279/139/2418
s 1
f 7310/139/2419 7284/139/2419 7309/139/2419
s 0
f 7313/139/2420 7315/139/2420 7285/139/2420
f 7320/139/2421 7288/139/2421 7316/139/2421
f 7319/139/2422 7290/139/2422 7287/139/2422
f 7292/139/2423 7322/139/2423 7325/139/2423
f 7293/139/2424 7326/139/2424 7328/139/2424
f 7295/139/2425 7329/139/2425 7332/139/2425
f 7296/139/2426 7333/139/2426 7300/139/2426
f 7330/139/2427 7301/139/2427 7297/139/2427
f 7336/139/2428 7314/139/2428 7312/139/2428
f 7339/139/2429 7317/139/2429 7337/139/2429
f 7340/139/2430 7321/139/2430 7318/139/2430
f 7324/139/2431 7343/139/2431 7346/139/2431
f 7323/139/2432 7344/139/2432 7327/139/2432
f 7335/139/2433 7311/139/2433 7348/139/2433
f 7349/139/2434 7334/139/2434 7347/139/2434
s 1
f 7341/139/2435 7338/139/2435 7350/139/2435
s 0
f 7342/139/2436 7351/139/2436 7345/139/2436
f 7331/139/2437 7352/139/2437 7302/139/2437
f 7303/139/2438 7353/139/2438 7356/139/2438
f 6987/139/2439 7304/139/2439 7359/139/2439
f 6989/139/2440 7360/139/2440 7363/139/2440
f 6995/139/2441 7365/139/2441 7370/139/2441
f 7368/139/2442 7375/139/2442 6991/139/2442
f 6998/139/2443 6988/139/2443 7374/139/2443
f 7358/139/2444 7354/139/2444 7377/139/2444
f 7357/139/2445 7376/139/2445 7381/139/2445
f 7361/139/2290 7355/139/2290 7380/139/2290
f 7362/139/2446 7385/139/2446 7387/139/2446
f 7367/139/2447 7364/139/2447 7388/139/2447
f 7369/139/2448 7390/139/2448 7393/139/2448
f 7399/139/2449 7392/139/2449 7389/139/2449
f 7400/139/2450 7391/139/2450 7397/139/2450
f 7401/139/2451 7398/139/2451 7405/139/2451
f 7402/139/2452 7407/139/2452 7410/139/2452
f 7382/139/2453 7379/139/2453 7415/139/2453
f 7395/139/2454 7383/139/2454 7416/139/2454
f 7396/139/2455 7386/139/2455 7384/139/2455
f 7414/139/2456 7378/139/2456 7418/139/2456
f 7413/139/2457 7417/139/2457 7421/139/2457
f 7404/139/2290 7412/139/2290 7420/139/2290
f 7403/139/2458 7394/139/2458 7411/139/2458
f 7408/139/2459 7422/139/2459 7419/139/2459
f 7409/139/2460 7406/139/2460 7423/139/2460
f 7424/139/2461 7371/139/2461 7366/139/2461
f 7425/139/2462 7430/139/2462 7372/139/2462
f 7434/139/2289 7373/139/2289 7432/139/2289
f 7434/139/2289 6996/139/2289 7373/139/2289
f 7004/139/2463 6999/139/2463 7436/139/2463
f 7005/139/2464 7437/139/2464 7441/139/2464
f 7431/139/2465 7427/139/2465 7445/139/2465
f 7429/139/2466 7442/139/2466 7449/139/2466
f 7428/139/2290 7447/139/2290 7433/139/2290
f 7440/139/2467 7435/139/2467 7452/139/2467
f 7439/139/2468 7451/139/2468 7455/139/2468
f 7438/139/2469 7454/139/2469 7458/139/2469
f 7457/139/2470 7462/139/2470 7459/139/2470
f 7461/139/2471 7456/139/2471 7467/139/2471
f 7460/139/2472 7466/139/2472 7470/139/2472
f 7444/139/2473 7426/139/2473 7469/139/2473
f 7443/139/2474 7468/139/2474 7464/139/2474
f 7450/139/2475 7446/139/2475 7465/139/2475
f 7448/139/2476 7463/139/2476 7453/139/2476
f 6962/139/2290 7007/139/2290 7471/139/2290
f 7473/139/2477 7008/139/2477 7002/139/2477
f 7472/139/2478 7001/139/2478 7475/139/2478
f 7474/139/2479 7477/139/2479 7481/139/2479
f 7471/139/2290 7478/139/2290 7482/139/2290
f 7471/139/2290 7482/139/2290 6962/139/2290
f 6965/139/2480 7484/139/2480 6969/139/2480
f 6967/139/2481 7483/139/2481 7486/139/2481
f 6968/139/2482 7487/139/2482 7490/139/2482
f 7489/139/2483 7494/139/2483 7491/139/2483
f 7480/139/2484 7476/139/2484 7496/139/2484
f 7479/139/2485 7495/139/2485 7499/139/2485
f 7482/139/2290 7478/139/2290 7498/139/2290
f 7482/139/2290 7498/139/2290 7485/139/2290
f 7488/139/2486 7501/139/2486 7493/139/2486
s 1
f 7497/139/2487 7492/139/2487 7500/139/2487
s 0
f 7506/139/2488 7509/139/2488 7514/139/2488
f 7505/139/2489 7518/139/2489 7508/139/2489
f 7519/139/2490 7524/139/2490 7510/139/2490
f 7527/139/2491 7507/139/2491 7521/139/2491
f 7520/139/2492 7530/139/2492 7526/139/2492
f 7529/139/2493 7535/139/2493 7525/139/2493
f 7504/139/2494 7511/139/2494 7539/139/2494
f 7542/139/2495 7502/139/2495 7537/139/2495
f 7503/139/2496 7543/139/2496 7547/139/2496
f 7503/139/2496 7547/139/2496 7515/139/2496
f 7516/139/2497 7548/139/2497 7552/139/2497
f 7517/139/2498 7553/139/2498 7522/139/2498
f 7557/139/2499 7532/139/2499 7523/139/2499
f 7563/139/2500 7531/139/2500 7555/139/2500
f 7565/139/2501 7528/139/2501 7559/139/2501
f 7533/139/2502 7570/139/2502 7536/139/2502
f 7572/139/2503 7534/139/2503 7566/139/2503
f 7512/139/2504 7577/139/2504 7540/139/2504
f 7538/139/2505 7576/139/2505 7581/139/2505
f 7541/139/2506 7584/139/2506 7587/139/2506
f 7542/139/2495 7537/139/2495 7586/139/2495
f 7546/139/2507 7588/139/2507 7592/139/2507
f 7545/139/2508 7591/139/2508 7599/139/2508
f 7544/139/2509 7598/139/2509 7550/139/2509
f 7549/139/2510 7594/139/2510 7556/139/2510
f 7513/139/2511 7600/139/2511 7578/139/2511
s 1
f 7580/139/2512 7601/139/2512 7604/139/2512
s 0
f 7579/139/2513 7603/139/2513 7583/139/2513
f 7602/139/2514 7605/139/2514 7582/139/2514
f 7589/139/2515 7585/139/2515 7606/139/2515
f 7590/139/2516 7607/139/2516 7593/139/2516
f 7597/139/2517 7612/139/2517 7558/139/2517
f 7595/139/2518 7614/139/2518 7611/139/2518
f 7613/139/2495 7617/139/2495 7608/139/2495
f 7610/139/2519 7619/139/2519 7624/139/2519
f 7609/139/2520 7623/139/2520 7551/139/2520
f 7561/139/2521 7554/139/2521 7625/139/2521
f 7562/139/2522 7626/139/2522 7632/139/2522
f 7564/139/2523 7636/139/2523 7641/139/2523
s 1
f 7567/139/2524 7560/139/2524 7638/139/2524
s 0
f 7596/139/2525 7644/139/2525 7615/139/2525
f 7616/139/2526 7647/139/2526 7650/139/2526
f 7651/139/2495 7613/139/2495 7648/139/2495
f 7613/139/2495 7651/139/2495 7617/139/2495
f 7653/139/2527 7660/139/2527 7620/139/2527
f 7618/139/2528 7655/139/2528 7621/139/2528
f 7658/139/2529 7665/139/2529 7627/139/2529
f 7662/139/2530 7628/139/2530 7622/139/2530
f 7645/139/2531 7667/139/2531 7649/139/2531
f 7648/139/2495 7666/139/2495 7671/139/2495
f 7648/139/2495 7671/139/2495 7675/139/2495
f 7651/139/2495 7648/139/2495 7675/139/2495
f 7654/139/2532 7678/139/2532 7681/139/2532
f 7652/139/2533 7679/139/2533 7659/139/2533
f 7646/139/2534 7682/139/2534 7668/139/2534
f 7670/139/2535 7683/139/2535 7686/139/2535
f 7669/139/2536 7685/139/2536 7673/139/2536
f 7687/139/2537 7672/139/2537 7684/139/2537
f 7676/139/2538 7674/139/2538 7688/139/2538
f 7677/139/2539 7689/139/2539 7680/139/2539
f 7663/139/2540 7691/139/2540 7630/139/2540
f 7696/139/2496 7690/139/2496 7661/139/2496
f 7696/139/2496 7701/139/2496 7690/139/2496
f 7706/139/2541 7694/139/2541 7703/139/2541
f 7705/139/2542 7713/139/2542 7693/139/2542
f 7710/139/2543 7633/139/2543 7692/139/2543
f 7656/139/2544 7698/139/2544 7664/139/2544
f 7657/139/2545 7717/139/2545 7699/139/2545
f 7716/139/2546 7721/139/2546 7697/139/2546
f 7700/139/2495 7695/139/2495 7718/139/2495
f 7702/139/2547 7723/139/2547 7725/139/2547
f 7704/139/2548 7728/139/2548 7708/139/2548
f 7727/139/2549 7731/139/2549 7707/139/2549
f 7726/139/2550 7736/139/2550 7730/139/2550
f 7737/139/2551 7729/139/2551 7733/139/2551
f 7738/139/2552 7734/139/2552 7742/139/2552
f 7743/139/2553 7746/139/2553 7739/139/2553
f 7715/139/2554 7741/139/2554 7720/139/2554
f 7722/139/2555 7744/139/2555 7735/139/2555
f 7719/139/2556 7732/139/2556 7724/139/2556
f 7714/139/2557 7745/139/2557 7740/139/2557
f 7637/139/2558 7712/139/2558 7751/139/2558
f 7709/139/2559 7754/139/2559 7750/139/2559
f 7748/139/2560 7753/139/2560 7760/139/2560
f 7747/139/2495 7757/139/2495 7763/139/2495
f 7631/139/2561 7749/139/2561 7765/139/2561
f 7629/139/2562 7764/139/2562 7769/139/2562
f 7635/139/2563 7771/139/2563 7780/139/2563
f 7634/139/2564 7779/139/2564 7640/139/2564
f 7711/139/2565 7785/139/2565 7756/139/2565
f 7791/139/2566 7755/139/2566 7784/139/2566
f 7788/139/2567 7759/139/2567 7752/139/2567
f 7787/139/2568 7794/139/2568 7758/139/2568
s 1
f 7762/139/2569 7797/139/2569 7801/139/2569
s 0
f 7767/139/2570 7761/139/2570 7798/139/2570
f 7768/139/2571 7799/139/2571 7804/139/2571
f 7774/139/2572 7766/139/2572 7803/139/2572
f 7808/139/2573 7773/139/2573 7802/139/2573
f 7807/139/2574 7812/139/2574 7772/139/2574
f 7809/139/2575 7778/139/2575 7770/139/2575
f 7813/139/2576 7789/139/2576 7783/139/2576
f 7814/139/2577 7818/139/2577 7790/139/2577
f 7816/139/2578 7792/139/2578 7786/139/2578
f 7817/139/2495 7821/139/2495 7793/139/2495
f 7795/139/2579 7824/139/2579 7826/139/2579
f 7796/139/2580 7827/139/2580 7800/139/2580
f 7815/139/2581 7830/139/2581 7820/139/2581
f 7829/139/2582 7823/139/2582 7819/139/2582
f 7828/139/2583 7825/139/2583 7822/139/2583
f 7782/139/2584 7810/139/2584 7835/139/2584
f 7837/139/2585 7811/139/2585 7806/139/2585
f 7836/139/2586 7805/139/2586 7839/139/2586
f 7834/139/2587 7838/139/2587 7841/139/2587
f 7833/139/2588 7840/139/2588 7846/139/2588
f 7843/139/2589 7850/139/2589 7831/139/2589
f 7781/139/2590 7832/139/2590 7852/139/2590
f 7849/139/2591 7856/139/2591 7775/139/2591
f 7861/139/2592 7776/139/2592 7857/139/2592
f 7862/139/2593 7639/139/2593 7777/139/2593
f 7643/139/2594 7863/139/2594 7871/139/2594
f 7571/139/2595 7642/139/2595 7870/139/2595
f 7847/139/2596 7842/139/2596 7874/139/2596
f 7848/139/2597 7876/139/2597 7881/139/2597
f 7878/139/2598 7884/139/2598 7845/139/2598
f 7844/139/2599 7882/139/2599 7851/139/2599
f 7890/139/2600 7855/139/2600 7886/139/2600
f 7887/139/2601 7893/139/2601 7854/139/2601
f 7891/139/2602 7859/139/2602 7853/139/2602
f 7892/139/2603 7895/139/2603 7860/139/2603
f 7894/139/2604 7864/139/2604 7858/139/2604
f 7896/139/2605 7897/139/2605 7865/139/2605
f 7872/139/2606 7866/139/2606 7898/139/2606
f 7880/139/2607 7875/139/2607 7901/139/2607
f 7879/139/2608 7900/139/2608 7904/139/2608
f 7877/139/2609 7903/139/2609 7883/139/2609
f 7907/139/2610 7889/139/2610 7885/139/2610
s 1
f 7906/139/2611 7909/139/2611 7888/139/2611
s 0
f 7902/139/2612 7908/139/2612 7905/139/2612
f 7912/139/2613 7873/139/2613 7899/139/2613
f 7918/139/2614 7869/139/2614 7911/139/2614
s 1
f 7919/139/2615 7867/139/2615 7913/139/2615
s 0
f 7924/139/2616 7569/139/2616 7868/139/2616
s 1
f 7573/139/2617 7568/139/2617 7920/139/2617
s 0
f 7927/139/2618 7574/139/2618 7922/139/2618
f 7933/139/2619 7575/139/2619 7930/139/2619
f 7917/139/2620 7910/139/2620 7936/139/2620
f 7939/139/2621 7916/139/2621 7934/139/2621
f 7944/139/2622 7914/139/2622 7938/139/2622
f 7946/139/2623 7921/139/2623 7915/139/2623
f 7928/139/2624 7923/139/2624 7947/139/2624
f 7950/139/2625 7925/139/2625 7945/139/2625
f 7951/139/2626 7956/139/2626 7926/139/2626
f 7957/139/2627 7931/139/2627 7929/139/2627
f 7958/139/2628 7961/139/2628 7932/139/2628
f 7963/139/2629 7960/139/2629 7955/139/2629
f 7941/139/2630 7935/139/2630 7967/139/2630
f 7971/139/2631 7940/139/2631 7966/139/2631
s 1
f 7969/139/2632 7942/139/2632 7937/139/2632
s 0
f 7970/139/2633 7948/139/2633 7943/139/2633
s 1
f 7979/139/2634 7953/139/2634 7974/139/2634
s 0
f 7982/139/2635 7949/139/2635 7976/139/2635
f 7985/139/2636 7959/139/2636 7952/139/2636
f 7962/139/2637 7954/139/2637 7981/139/2637
f 7965/139/2638 7983/139/2638 7989/139/2638
f 7964/139/2639 7988/139/2639 7993/139/2639
f 7998/139/2640 7994/139/2640 7992/139/2640
f 7972/139/2641 7968/139/2641 7999/139/2641
f 8005/139/2642 7973/139/2642 8000/139/2642
f 7980/139/2643 7975/139/2643 8007/139/2643
f 7978/139/2644 8004/139/2644 8014/139/2644
f 7986/139/2645 7977/139/2645 8013/139/2645
f 7984/139/2646 8009/139/2646 7990/139/2646
f 8020/139/2647 7991/139/2647 8010/139/2647
f 7995/139/2648 7987/139/2648 8015/139/2648
f 7997/139/2649 8019/139/2649 8025/139/2649
f 7996/139/2650 8024/139/2650 8028/139/2650
f 8027/139/2651 8022/139/2651 8032/139/2651
f 8026/139/2652 8031/139/2652 8036/139/2652
f 8006/139/2653 8001/139/2653 8040/139/2653
f 8045/139/2654 8003/139/2654 8038/139/2654
f 8011/139/2655 8002/139/2655 8043/139/2655
f 8052/139/2656 8012/139/2656 8044/139/2656
s 1
f 8018/139/2657 8008/139/2657 8051/139/2657
s 0
f 8056/139/2658 8016/139/2658 8049/139/2658
f 8057/139/2659 8023/139/2659 8017/139/2659
f 8030/139/2660 8021/139/2660 8055/139/2660
f 8029/139/2661 8053/139/2661 8059/139/2661
f 8067/139/2662 8033/139/2662 8061/139/2662
f 8075/139/2663 8035/139/2663 8071/139/2663
f 8037/139/2664 8034/139/2664 8073/139/2664
f 8046/139/2665 8039/139/2665 8078/139/2665
s 1
f 8081/139/2666 8041/139/2666 8076/139/2666
s 0
f 8082/139/2667 8050/139/2667 8042/139/2667
s 1
f 8087/139/2668 8048/139/2668 8080/139/2668
f 8085/139/2669 8054/139/2669 8047/139/2669
s 0
f 8063/139/2670 8058/139/2670 8089/139/2670
f 8060/139/2671 8088/139/2671 8092/139/2671
f 8103/139/2672 8065/139/2672 8097/139/2672
f 8108/139/2673 8064/139/2673 8102/139/2673
f 8069/139/2674 8062/139/2674 8104/139/2674
f 8083/139/2675 8077/139/2675 8111/139/2675
f 8084/139/2676 8079/139/2676 8109/139/2676
f 8086/139/2677 8110/139/2677 8112/139/2677
f 8096/139/2678 8090/139/2678 8114/139/2678
f 8095/139/2679 8113/139/2679 8116/139/2679
f 8093/139/2680 8115/139/2680 8119/139/2680
f 8120/139/2681 8091/139/2681 8117/139/2681
f 8098/139/2682 8094/139/2682 8123/139/2682
f 8128/139/2683 8100/139/2683 8125/139/2683
f 8130/139/2684 8099/139/2684 8127/139/2684
f 8131/139/2685 8106/139/2685 8101/139/2685
f 8135/139/2686 8107/139/2686 8132/139/2686
s 1
f 8134/139/2687 8072/139/2687 8105/139/2687
s 0
f 8121/139/2688 8118/139/2688 8136/139/2688
f 8138/139/2689 8122/139/2689 8137/139/2689
f 8139/139/2690 8140/139/2690 8124/139/2690
f 8129/139/2691 8126/139/2691 8141/139/2691
f 8070/139/2692 8133/139/2692 8143/139/2692
f 8066/139/2693 8142/139/2693 8144/139/2693
f 8074/139/2694 8068/139/2694 8145/139/2694
